GEOID,NAME,ABBR,year,index_id,index_label,index_type,category,dimension,index_level,n_members,frac_present,index_score_100
000,United States,USA,2024,index_eq_community_living,Community Living Index (Equity),category_index,CL,equity,category,1,1,54.53220948404406
01,Alabama,AL,2024,index_eq_community_living,Community Living Index (Equity),category_index,CL,equity,category,1,1,52.616776585660894
02,Alaska,AK,2024,index_eq_community_living,Community Living Index (Equity),category_index,CL,equity,category,1,1,40.5186013344597
04,Arizona,AZ,2024,index_eq_community_living,Community Living Index (Equity),category_index,CL,equity,category,1,1,47.0819232601846
05,Arkansas,AR,2024,index_eq_community_living,Community Living Index (Equity),category_index,CL,equity,category,1,1,42.268039534872116
06,California,CA,2024,index_eq_community_living,Community Living Index (Equity),category_index,CL,equity,category,1,1,59.08159644374894
08,Colorado,CO,2024,index_eq_community_living,Community Living Index (Equity),category_index,CL,equity,category,1,1,53.95811101975713
09,Connecticut,CT,2024,index_eq_community_living,Community Living Index (Equity),category_index,CL,equity,category,1,1,49.730962592314576
10,Delaware,DE,2024,index_eq_community_living,Community Living Index (Equity),category_index,CL,equity,category,1,1,40.74002375744229
11,District of Columbia,DC,2024,index_eq_community_living,Community Living Index (Equity),category_index,CL,equity,category,1,1,63.319329143223186
12,Florida,FL,2024,index_eq_community_living,Community Living Index (Equity),category_index,CL,equity,category,1,1,56.019882837651934
13,Georgia,GA,2024,index_eq_community_living,Community Living Index (Equity),category_index,CL,equity,category,1,1,53.207031345114615
15,Hawaii,HI,2024,index_eq_community_living,Community Living Index (Equity),category_index,CL,equity,category,1,1,46.67113893850778
16,Idaho,ID,2024,index_eq_community_living,Community Living Index (Equity),category_index,CL,equity,category,1,1,48.97767239941818
17,Illinois,IL,2024,index_eq_community_living,Community Living Index (Equity),category_index,CL,equity,category,1,1,49.99102584301748
18,Indiana,IN,2024,index_eq_community_living,Community Living Index (Equity),category_index,CL,equity,category,1,1,45.613314230238714
19,Iowa,IA,2024,index_eq_community_living,Community Living Index (Equity),category_index,CL,equity,category,1,1,35.296488156980274
20,Kansas,KS,2024,index_eq_community_living,Community Living Index (Equity),category_index,CL,equity,category,1,1,58.20444242286904
21,Kentucky,KY,2024,index_eq_community_living,Community Living Index (Equity),category_index,CL,equity,category,1,1,47.666944880378566
22,Louisiana,LA,2024,index_eq_community_living,Community Living Index (Equity),category_index,CL,equity,category,1,1,46.047813643140294
23,Maine,ME,2024,index_eq_community_living,Community Living Index (Equity),category_index,CL,equity,category,1,1,44.90669240185059
24,Maryland,MD,2024,index_eq_community_living,Community Living Index (Equity),category_index,CL,equity,category,1,1,61.79393789260456
25,Massachusetts,MA,2024,index_eq_community_living,Community Living Index (Equity),category_index,CL,equity,category,1,1,39.73195380284898
26,Michigan,MI,2024,index_eq_community_living,Community Living Index (Equity),category_index,CL,equity,category,1,1,55.637355892365264
27,Minnesota,MN,2024,index_eq_community_living,Community Living Index (Equity),category_index,CL,equity,category,1,1,41.15843913191933
28,Mississippi,MS,2024,index_eq_community_living,Community Living Index (Equity),category_index,CL,equity,category,1,1,42.90978736502909
29,Missouri,MO,2024,index_eq_community_living,Community Living Index (Equity),category_index,CL,equity,category,1,1,49.133775293817834
30,Montana,MT,2024,index_eq_community_living,Community Living Index (Equity),category_index,CL,equity,category,1,1,52.45784940782958
31,Nebraska,NE,2024,index_eq_community_living,Community Living Index (Equity),category_index,CL,equity,category,1,1,49.64272160594382
32,Nevada,NV,2024,index_eq_community_living,Community Living Index (Equity),category_index,CL,equity,category,1,1,48.1624062907788
33,New Hampshire,NH,2024,index_eq_community_living,Community Living Index (Equity),category_index,CL,equity,category,1,1,37.284364326902434
34,New Jersey,NJ,2024,index_eq_community_living,Community Living Index (Equity),category_index,CL,equity,category,1,1,50.1462949511601
35,New Mexico,NM,2024,index_eq_community_living,Community Living Index (Equity),category_index,CL,equity,category,1,1,60.30425604014793
36,New York,NY,2024,index_eq_community_living,Community Living Index (Equity),category_index,CL,equity,category,1,1,48.11065325481346
37,North Carolina,NC,2024,index_eq_community_living,Community Living Index (Equity),category_index,CL,equity,category,1,1,45.89455849494897
38,North Dakota,ND,2024,index_eq_community_living,Community Living Index (Equity),category_index,CL,equity,category,1,1,40.37542361137207
39,Ohio,OH,2024,index_eq_community_living,Community Living Index (Equity),category_index,CL,equity,category,1,1,53.45987142256162
40,Oklahoma,OK,2024,index_eq_community_living,Community Living Index (Equity),category_index,CL,equity,category,1,1,61.84767945695933
41,Oregon,OR,2024,index_eq_community_living,Community Living Index (Equity),category_index,CL,equity,category,1,1,49.60199100379168
42,Pennsylvania,PA,2024,index_eq_community_living,Community Living Index (Equity),category_index,CL,equity,category,1,1,45.73495667698616
44,Rhode Island,RI,2024,index_eq_community_living,Community Living Index (Equity),category_index,CL,equity,category,1,1,49.12115246136686
45,South Carolina,SC,2024,index_eq_community_living,Community Living Index (Equity),category_index,CL,equity,category,1,1,37.47473048158996
46,South Dakota,SD,2024,index_eq_community_living,Community Living Index (Equity),category_index,CL,equity,category,1,1,60.86110763891223
47,Tennessee,TN,2024,index_eq_community_living,Community Living Index (Equity),category_index,CL,equity,category,1,1,49.31561886709045
48,Texas,TX,2024,index_eq_community_living,Community Living Index (Equity),category_index,CL,equity,category,1,1,57.50171692292591
49,Utah,UT,2024,index_eq_community_living,Community Living Index (Equity),category_index,CL,equity,category,1,1,66.47103055827326
50,Vermont,VT,2024,index_eq_community_living,Community Living Index (Equity),category_index,CL,equity,category,1,1,38.5070456461881
51,Virginia,VA,2024,index_eq_community_living,Community Living Index (Equity),category_index,CL,equity,category,1,1,49.111766703324186
53,Washington,WA,2024,index_eq_community_living,Community Living Index (Equity),category_index,CL,equity,category,1,1,47.972779399822116
54,West Virginia,WV,2024,index_eq_community_living,Community Living Index (Equity),category_index,CL,equity,category,1,1,40.456896359787734
55,Wisconsin,WI,2024,index_eq_community_living,Community Living Index (Equity),category_index,CL,equity,category,1,1,41.96932373177971
56,Wyoming,WY,2024,index_eq_community_living,Community Living Index (Equity),category_index,CL,equity,category,1,1,34.16199159503288
72,Puerto Rico,PR,2024,index_eq_community_living,Community Living Index (Equity),category_index,CL,equity,category,1,0,NA
000,United States,USA,2024,index_eq_living_arrangements,Community Living Arrangements Index (Equity),scorecard_index,CL,equity,scorecard,4,1,54.53220948404406
01,Alabama,AL,2024,index_eq_living_arrangements,Community Living Arrangements Index (Equity),scorecard_index,CL,equity,scorecard,4,1,52.616776585660894
02,Alaska,AK,2024,index_eq_living_arrangements,Community Living Arrangements Index (Equity),scorecard_index,CL,equity,scorecard,4,1,40.5186013344597
04,Arizona,AZ,2024,index_eq_living_arrangements,Community Living Arrangements Index (Equity),scorecard_index,CL,equity,scorecard,4,1,47.0819232601846
05,Arkansas,AR,2024,index_eq_living_arrangements,Community Living Arrangements Index (Equity),scorecard_index,CL,equity,scorecard,4,1,42.268039534872116
06,California,CA,2024,index_eq_living_arrangements,Community Living Arrangements Index (Equity),scorecard_index,CL,equity,scorecard,4,1,59.08159644374894
08,Colorado,CO,2024,index_eq_living_arrangements,Community Living Arrangements Index (Equity),scorecard_index,CL,equity,scorecard,4,1,53.95811101975713
09,Connecticut,CT,2024,index_eq_living_arrangements,Community Living Arrangements Index (Equity),scorecard_index,CL,equity,scorecard,4,1,49.730962592314576
10,Delaware,DE,2024,index_eq_living_arrangements,Community Living Arrangements Index (Equity),scorecard_index,CL,equity,scorecard,4,1,40.74002375744229
11,District of Columbia,DC,2024,index_eq_living_arrangements,Community Living Arrangements Index (Equity),scorecard_index,CL,equity,scorecard,4,1,63.319329143223186
12,Florida,FL,2024,index_eq_living_arrangements,Community Living Arrangements Index (Equity),scorecard_index,CL,equity,scorecard,4,1,56.019882837651934
13,Georgia,GA,2024,index_eq_living_arrangements,Community Living Arrangements Index (Equity),scorecard_index,CL,equity,scorecard,4,1,53.207031345114615
15,Hawaii,HI,2024,index_eq_living_arrangements,Community Living Arrangements Index (Equity),scorecard_index,CL,equity,scorecard,4,1,46.67113893850778
16,Idaho,ID,2024,index_eq_living_arrangements,Community Living Arrangements Index (Equity),scorecard_index,CL,equity,scorecard,4,1,48.97767239941818
17,Illinois,IL,2024,index_eq_living_arrangements,Community Living Arrangements Index (Equity),scorecard_index,CL,equity,scorecard,4,1,49.99102584301748
18,Indiana,IN,2024,index_eq_living_arrangements,Community Living Arrangements Index (Equity),scorecard_index,CL,equity,scorecard,4,1,45.613314230238714
19,Iowa,IA,2024,index_eq_living_arrangements,Community Living Arrangements Index (Equity),scorecard_index,CL,equity,scorecard,4,1,35.296488156980274
20,Kansas,KS,2024,index_eq_living_arrangements,Community Living Arrangements Index (Equity),scorecard_index,CL,equity,scorecard,4,1,58.20444242286904
21,Kentucky,KY,2024,index_eq_living_arrangements,Community Living Arrangements Index (Equity),scorecard_index,CL,equity,scorecard,4,1,47.666944880378566
22,Louisiana,LA,2024,index_eq_living_arrangements,Community Living Arrangements Index (Equity),scorecard_index,CL,equity,scorecard,4,1,46.047813643140294
23,Maine,ME,2024,index_eq_living_arrangements,Community Living Arrangements Index (Equity),scorecard_index,CL,equity,scorecard,4,1,44.90669240185059
24,Maryland,MD,2024,index_eq_living_arrangements,Community Living Arrangements Index (Equity),scorecard_index,CL,equity,scorecard,4,1,61.79393789260456
25,Massachusetts,MA,2024,index_eq_living_arrangements,Community Living Arrangements Index (Equity),scorecard_index,CL,equity,scorecard,4,1,39.73195380284898
26,Michigan,MI,2024,index_eq_living_arrangements,Community Living Arrangements Index (Equity),scorecard_index,CL,equity,scorecard,4,1,55.637355892365264
27,Minnesota,MN,2024,index_eq_living_arrangements,Community Living Arrangements Index (Equity),scorecard_index,CL,equity,scorecard,4,1,41.15843913191933
28,Mississippi,MS,2024,index_eq_living_arrangements,Community Living Arrangements Index (Equity),scorecard_index,CL,equity,scorecard,4,1,42.90978736502909
29,Missouri,MO,2024,index_eq_living_arrangements,Community Living Arrangements Index (Equity),scorecard_index,CL,equity,scorecard,4,1,49.133775293817834
30,Montana,MT,2024,index_eq_living_arrangements,Community Living Arrangements Index (Equity),scorecard_index,CL,equity,scorecard,4,1,52.45784940782958
31,Nebraska,NE,2024,index_eq_living_arrangements,Community Living Arrangements Index (Equity),scorecard_index,CL,equity,scorecard,4,1,49.64272160594382
32,Nevada,NV,2024,index_eq_living_arrangements,Community Living Arrangements Index (Equity),scorecard_index,CL,equity,scorecard,4,1,48.1624062907788
33,New Hampshire,NH,2024,index_eq_living_arrangements,Community Living Arrangements Index (Equity),scorecard_index,CL,equity,scorecard,4,1,37.284364326902434
34,New Jersey,NJ,2024,index_eq_living_arrangements,Community Living Arrangements Index (Equity),scorecard_index,CL,equity,scorecard,4,1,50.1462949511601
35,New Mexico,NM,2024,index_eq_living_arrangements,Community Living Arrangements Index (Equity),scorecard_index,CL,equity,scorecard,4,1,60.30425604014793
36,New York,NY,2024,index_eq_living_arrangements,Community Living Arrangements Index (Equity),scorecard_index,CL,equity,scorecard,4,1,48.11065325481346
37,North Carolina,NC,2024,index_eq_living_arrangements,Community Living Arrangements Index (Equity),scorecard_index,CL,equity,scorecard,4,1,45.89455849494897
38,North Dakota,ND,2024,index_eq_living_arrangements,Community Living Arrangements Index (Equity),scorecard_index,CL,equity,scorecard,4,1,40.37542361137207
39,Ohio,OH,2024,index_eq_living_arrangements,Community Living Arrangements Index (Equity),scorecard_index,CL,equity,scorecard,4,1,53.45987142256162
40,Oklahoma,OK,2024,index_eq_living_arrangements,Community Living Arrangements Index (Equity),scorecard_index,CL,equity,scorecard,4,1,61.84767945695933
41,Oregon,OR,2024,index_eq_living_arrangements,Community Living Arrangements Index (Equity),scorecard_index,CL,equity,scorecard,4,1,49.60199100379168
42,Pennsylvania,PA,2024,index_eq_living_arrangements,Community Living Arrangements Index (Equity),scorecard_index,CL,equity,scorecard,4,1,45.73495667698616
44,Rhode Island,RI,2024,index_eq_living_arrangements,Community Living Arrangements Index (Equity),scorecard_index,CL,equity,scorecard,4,1,49.12115246136686
45,South Carolina,SC,2024,index_eq_living_arrangements,Community Living Arrangements Index (Equity),scorecard_index,CL,equity,scorecard,4,1,37.47473048158996
46,South Dakota,SD,2024,index_eq_living_arrangements,Community Living Arrangements Index (Equity),scorecard_index,CL,equity,scorecard,4,1,60.86110763891223
47,Tennessee,TN,2024,index_eq_living_arrangements,Community Living Arrangements Index (Equity),scorecard_index,CL,equity,scorecard,4,1,49.31561886709045
48,Texas,TX,2024,index_eq_living_arrangements,Community Living Arrangements Index (Equity),scorecard_index,CL,equity,scorecard,4,1,57.50171692292591
49,Utah,UT,2024,index_eq_living_arrangements,Community Living Arrangements Index (Equity),scorecard_index,CL,equity,scorecard,4,1,66.47103055827326
50,Vermont,VT,2024,index_eq_living_arrangements,Community Living Arrangements Index (Equity),scorecard_index,CL,equity,scorecard,4,1,38.5070456461881
51,Virginia,VA,2024,index_eq_living_arrangements,Community Living Arrangements Index (Equity),scorecard_index,CL,equity,scorecard,4,1,49.111766703324186
53,Washington,WA,2024,index_eq_living_arrangements,Community Living Arrangements Index (Equity),scorecard_index,CL,equity,scorecard,4,1,47.972779399822116
54,West Virginia,WV,2024,index_eq_living_arrangements,Community Living Arrangements Index (Equity),scorecard_index,CL,equity,scorecard,4,1,40.456896359787734
55,Wisconsin,WI,2024,index_eq_living_arrangements,Community Living Arrangements Index (Equity),scorecard_index,CL,equity,scorecard,4,1,41.96932373177971
56,Wyoming,WY,2024,index_eq_living_arrangements,Community Living Arrangements Index (Equity),scorecard_index,CL,equity,scorecard,4,1,34.16199159503288
72,Puerto Rico,PR,2024,index_eq_living_arrangements,Community Living Arrangements Index (Equity),scorecard_index,CL,equity,scorecard,4,0,NA
000,United States,USA,2024,index_eq_community_participation,Community Participation Index (Equity),category_index,CP,equity,category,4,1,52.009201799216065
01,Alabama,AL,2024,index_eq_community_participation,Community Participation Index (Equity),category_index,CP,equity,category,4,1,53.89297591416235
02,Alaska,AK,2024,index_eq_community_participation,Community Participation Index (Equity),category_index,CP,equity,category,4,1,62.12844096054228
04,Arizona,AZ,2024,index_eq_community_participation,Community Participation Index (Equity),category_index,CP,equity,category,4,1,52.212240444602486
05,Arkansas,AR,2024,index_eq_community_participation,Community Participation Index (Equity),category_index,CP,equity,category,4,1,45.90073195116758
06,California,CA,2024,index_eq_community_participation,Community Participation Index (Equity),category_index,CP,equity,category,4,1,60.61977332103031
08,Colorado,CO,2024,index_eq_community_participation,Community Participation Index (Equity),category_index,CP,equity,category,4,1,57.662766642259676
09,Connecticut,CT,2024,index_eq_community_participation,Community Participation Index (Equity),category_index,CP,equity,category,4,1,43.85758802069952
10,Delaware,DE,2024,index_eq_community_participation,Community Participation Index (Equity),category_index,CP,equity,category,4,1,58.19122262960953
11,District of Columbia,DC,2024,index_eq_community_participation,Community Participation Index (Equity),category_index,CP,equity,category,4,1,52.85612157802294
12,Florida,FL,2024,index_eq_community_participation,Community Participation Index (Equity),category_index,CP,equity,category,4,1,60.04951100383152
13,Georgia,GA,2024,index_eq_community_participation,Community Participation Index (Equity),category_index,CP,equity,category,4,1,60.460256250066635
15,Hawaii,HI,2024,index_eq_community_participation,Community Participation Index (Equity),category_index,CP,equity,category,4,1,65.88166235793605
16,Idaho,ID,2024,index_eq_community_participation,Community Participation Index (Equity),category_index,CP,equity,category,4,1,61.15800923934273
17,Illinois,IL,2024,index_eq_community_participation,Community Participation Index (Equity),category_index,CP,equity,category,4,1,42.848590148235665
18,Indiana,IN,2024,index_eq_community_participation,Community Participation Index (Equity),category_index,CP,equity,category,4,1,49.9611122059291
19,Iowa,IA,2024,index_eq_community_participation,Community Participation Index (Equity),category_index,CP,equity,category,4,1,38.25092887904728
20,Kansas,KS,2024,index_eq_community_participation,Community Participation Index (Equity),category_index,CP,equity,category,4,1,38.35706813802295
21,Kentucky,KY,2024,index_eq_community_participation,Community Participation Index (Equity),category_index,CP,equity,category,4,1,43.29112600038922
22,Louisiana,LA,2024,index_eq_community_participation,Community Participation Index (Equity),category_index,CP,equity,category,4,1,48.55674583179927
23,Maine,ME,2024,index_eq_community_participation,Community Participation Index (Equity),category_index,CP,equity,category,4,1,36.08773525838105
24,Maryland,MD,2024,index_eq_community_participation,Community Participation Index (Equity),category_index,CP,equity,category,4,1,55.71219974227732
25,Massachusetts,MA,2024,index_eq_community_participation,Community Participation Index (Equity),category_index,CP,equity,category,4,1,43.25785726725233
26,Michigan,MI,2024,index_eq_community_participation,Community Participation Index (Equity),category_index,CP,equity,category,4,1,46.602213084920216
27,Minnesota,MN,2024,index_eq_community_participation,Community Participation Index (Equity),category_index,CP,equity,category,4,1,43.845960516609004
28,Mississippi,MS,2024,index_eq_community_participation,Community Participation Index (Equity),category_index,CP,equity,category,4,1,50.56528359713997
29,Missouri,MO,2024,index_eq_community_participation,Community Participation Index (Equity),category_index,CP,equity,category,4,1,46.731635239875075
30,Montana,MT,2024,index_eq_community_participation,Community Participation Index (Equity),category_index,CP,equity,category,4,1,46.728627953667775
31,Nebraska,NE,2024,index_eq_community_participation,Community Participation Index (Equity),category_index,CP,equity,category,4,1,38.386859693858014
32,Nevada,NV,2024,index_eq_community_participation,Community Participation Index (Equity),category_index,CP,equity,category,4,1,58.29922701950768
33,New Hampshire,NH,2024,index_eq_community_participation,Community Participation Index (Equity),category_index,CP,equity,category,4,1,46.14058477689042
34,New Jersey,NJ,2024,index_eq_community_participation,Community Participation Index (Equity),category_index,CP,equity,category,4,1,49.5622718602425
35,New Mexico,NM,2024,index_eq_community_participation,Community Participation Index (Equity),category_index,CP,equity,category,4,1,42.67065670597787
36,New York,NY,2024,index_eq_community_participation,Community Participation Index (Equity),category_index,CP,equity,category,4,1,49.1795371036971
37,North Carolina,NC,2024,index_eq_community_participation,Community Participation Index (Equity),category_index,CP,equity,category,4,1,51.62767446255286
38,North Dakota,ND,2024,index_eq_community_participation,Community Participation Index (Equity),category_index,CP,equity,category,4,1,36.69129953053411
39,Ohio,OH,2024,index_eq_community_participation,Community Participation Index (Equity),category_index,CP,equity,category,4,1,45.95893219339899
40,Oklahoma,OK,2024,index_eq_community_participation,Community Participation Index (Equity),category_index,CP,equity,category,4,1,47.37325812815698
41,Oregon,OR,2024,index_eq_community_participation,Community Participation Index (Equity),category_index,CP,equity,category,4,1,55.71726831449581
42,Pennsylvania,PA,2024,index_eq_community_participation,Community Participation Index (Equity),category_index,CP,equity,category,4,1,44.5953988613997
44,Rhode Island,RI,2024,index_eq_community_participation,Community Participation Index (Equity),category_index,CP,equity,category,4,1,50.479607325387526
45,South Carolina,SC,2024,index_eq_community_participation,Community Participation Index (Equity),category_index,CP,equity,category,4,1,55.34795513862571
46,South Dakota,SD,2024,index_eq_community_participation,Community Participation Index (Equity),category_index,CP,equity,category,4,1,45.24646399153628
47,Tennessee,TN,2024,index_eq_community_participation,Community Participation Index (Equity),category_index,CP,equity,category,4,1,49.29078122770038
48,Texas,TX,2024,index_eq_community_participation,Community Participation Index (Equity),category_index,CP,equity,category,4,1,56.73681742065652
49,Utah,UT,2024,index_eq_community_participation,Community Participation Index (Equity),category_index,CP,equity,category,4,1,59.53140819470099
50,Vermont,VT,2024,index_eq_community_participation,Community Participation Index (Equity),category_index,CP,equity,category,4,1,35.83121064781808
51,Virginia,VA,2024,index_eq_community_participation,Community Participation Index (Equity),category_index,CP,equity,category,4,1,46.45916206870856
53,Washington,WA,2024,index_eq_community_participation,Community Participation Index (Equity),category_index,CP,equity,category,4,1,62.09651260811927
54,West Virginia,WV,2024,index_eq_community_participation,Community Participation Index (Equity),category_index,CP,equity,category,4,1,39.2793041851145
55,Wisconsin,WI,2024,index_eq_community_participation,Community Participation Index (Equity),category_index,CP,equity,category,4,1,45.20167727193603
56,Wyoming,WY,2024,index_eq_community_participation,Community Participation Index (Equity),category_index,CP,equity,category,4,1,53.48381191952856
72,Puerto Rico,PR,2024,index_eq_community_participation,Community Participation Index (Equity),category_index,CP,equity,category,4,1,40.801713864442384
000,United States,USA,2024,index_eq_commute,Transportation Access Index (Equity),scorecard_index,CP,equity,scorecard,2,1,54.25091930700739
01,Alabama,AL,2024,index_eq_commute,Transportation Access Index (Equity),scorecard_index,CP,equity,scorecard,2,1,48.056378502557365
02,Alaska,AK,2024,index_eq_commute,Transportation Access Index (Equity),scorecard_index,CP,equity,scorecard,2,1,56.53615707429337
04,Arizona,AZ,2024,index_eq_commute,Transportation Access Index (Equity),scorecard_index,CP,equity,scorecard,2,1,27.565537289225066
05,Arkansas,AR,2024,index_eq_commute,Transportation Access Index (Equity),scorecard_index,CP,equity,scorecard,2,1,43.133937238804336
06,California,CA,2024,index_eq_commute,Transportation Access Index (Equity),scorecard_index,CP,equity,scorecard,2,1,51.57363340834249
08,Colorado,CO,2024,index_eq_commute,Transportation Access Index (Equity),scorecard_index,CP,equity,scorecard,2,1,72.28641449707965
09,Connecticut,CT,2024,index_eq_commute,Transportation Access Index (Equity),scorecard_index,CP,equity,scorecard,2,1,53.97462958163794
10,Delaware,DE,2024,index_eq_commute,Transportation Access Index (Equity),scorecard_index,CP,equity,scorecard,2,1,58.53375574901956
11,District of Columbia,DC,2024,index_eq_commute,Transportation Access Index (Equity),scorecard_index,CP,equity,scorecard,2,1,99.90290097142974
12,Florida,FL,2024,index_eq_commute,Transportation Access Index (Equity),scorecard_index,CP,equity,scorecard,2,1,46.088951602314445
13,Georgia,GA,2024,index_eq_commute,Transportation Access Index (Equity),scorecard_index,CP,equity,scorecard,2,1,58.42961863641834
15,Hawaii,HI,2024,index_eq_commute,Transportation Access Index (Equity),scorecard_index,CP,equity,scorecard,2,1,69.03295879089518
16,Idaho,ID,2024,index_eq_commute,Transportation Access Index (Equity),scorecard_index,CP,equity,scorecard,2,1,54.250919307007266
17,Illinois,IL,2024,index_eq_commute,Transportation Access Index (Equity),scorecard_index,CP,equity,scorecard,2,1,64.06123444071842
18,Indiana,IN,2024,index_eq_commute,Transportation Access Index (Equity),scorecard_index,CP,equity,scorecard,2,1,44.07055556865748
19,Iowa,IA,2024,index_eq_commute,Transportation Access Index (Equity),scorecard_index,CP,equity,scorecard,2,1,26.641398688416018
20,Kansas,KS,2024,index_eq_commute,Transportation Access Index (Equity),scorecard_index,CP,equity,scorecard,2,1,27.508309835291424
21,Kentucky,KY,2024,index_eq_commute,Transportation Access Index (Equity),scorecard_index,CP,equity,scorecard,2,1,31.33328306162425
22,Louisiana,LA,2024,index_eq_commute,Transportation Access Index (Equity),scorecard_index,CP,equity,scorecard,2,1,30.07379957525445
23,Maine,ME,2024,index_eq_commute,Transportation Access Index (Equity),scorecard_index,CP,equity,scorecard,2,1,37.63994102538823
24,Maryland,MD,2024,index_eq_commute,Transportation Access Index (Equity),scorecard_index,CP,equity,scorecard,2,1,54.939243550072234
25,Massachusetts,MA,2024,index_eq_commute,Transportation Access Index (Equity),scorecard_index,CP,equity,scorecard,2,1,43.70408610602915
26,Michigan,MI,2024,index_eq_commute,Transportation Access Index (Equity),scorecard_index,CP,equity,scorecard,2,1,38.62403570895411
27,Minnesota,MN,2024,index_eq_commute,Transportation Access Index (Equity),scorecard_index,CP,equity,scorecard,2,1,53.258504186453514
28,Mississippi,MS,2024,index_eq_commute,Transportation Access Index (Equity),scorecard_index,CP,equity,scorecard,2,1,40.74907174251896
29,Missouri,MO,2024,index_eq_commute,Transportation Access Index (Equity),scorecard_index,CP,equity,scorecard,2,1,37.07066768214813
30,Montana,MT,2024,index_eq_commute,Transportation Access Index (Equity),scorecard_index,CP,equity,scorecard,2,1,47.37375486107474
31,Nebraska,NE,2024,index_eq_commute,Transportation Access Index (Equity),scorecard_index,CP,equity,scorecard,2,1,21.070952954208792
32,Nevada,NV,2024,index_eq_commute,Transportation Access Index (Equity),scorecard_index,CP,equity,scorecard,2,1,44.31163829252039
33,New Hampshire,NH,2024,index_eq_commute,Transportation Access Index (Equity),scorecard_index,CP,equity,scorecard,2,1,24.43542793505592
34,New Jersey,NJ,2024,index_eq_commute,Transportation Access Index (Equity),scorecard_index,CP,equity,scorecard,2,1,53.55200728462738
35,New Mexico,NM,2024,index_eq_commute,Transportation Access Index (Equity),scorecard_index,CP,equity,scorecard,2,1,28.243411804209067
36,New York,NY,2024,index_eq_commute,Transportation Access Index (Equity),scorecard_index,CP,equity,scorecard,2,1,49.67193281547868
37,North Carolina,NC,2024,index_eq_commute,Transportation Access Index (Equity),scorecard_index,CP,equity,scorecard,2,1,65.64530221933487
38,North Dakota,ND,2024,index_eq_commute,Transportation Access Index (Equity),scorecard_index,CP,equity,scorecard,2,1,38.47410480952479
39,Ohio,OH,2024,index_eq_commute,Transportation Access Index (Equity),scorecard_index,CP,equity,scorecard,2,1,44.1903897243126
40,Oklahoma,OK,2024,index_eq_commute,Transportation Access Index (Equity),scorecard_index,CP,equity,scorecard,2,1,28.91583997604797
41,Oregon,OR,2024,index_eq_commute,Transportation Access Index (Equity),scorecard_index,CP,equity,scorecard,2,1,65.35333878232775
42,Pennsylvania,PA,2024,index_eq_commute,Transportation Access Index (Equity),scorecard_index,CP,equity,scorecard,2,1,56.947068530826556
44,Rhode Island,RI,2024,index_eq_commute,Transportation Access Index (Equity),scorecard_index,CP,equity,scorecard,2,1,72.92257282250745
45,South Carolina,SC,2024,index_eq_commute,Transportation Access Index (Equity),scorecard_index,CP,equity,scorecard,2,1,49.71933769788459
46,South Dakota,SD,2024,index_eq_commute,Transportation Access Index (Equity),scorecard_index,CP,equity,scorecard,2,1,40.90255790704
47,Tennessee,TN,2024,index_eq_commute,Transportation Access Index (Equity),scorecard_index,CP,equity,scorecard,2,1,53.653989210989735
48,Texas,TX,2024,index_eq_commute,Transportation Access Index (Equity),scorecard_index,CP,equity,scorecard,2,1,52.72233906751066
49,Utah,UT,2024,index_eq_commute,Transportation Access Index (Equity),scorecard_index,CP,equity,scorecard,2,1,45.32955044791045
50,Vermont,VT,2024,index_eq_commute,Transportation Access Index (Equity),scorecard_index,CP,equity,scorecard,2,1,28.85046970526511
51,Virginia,VA,2024,index_eq_commute,Transportation Access Index (Equity),scorecard_index,CP,equity,scorecard,2,1,56.863987135442294
53,Washington,WA,2024,index_eq_commute,Transportation Access Index (Equity),scorecard_index,CP,equity,scorecard,2,1,81.8113393373021
54,West Virginia,WV,2024,index_eq_commute,Transportation Access Index (Equity),scorecard_index,CP,equity,scorecard,2,1,28.21785755423707
55,Wisconsin,WI,2024,index_eq_commute,Transportation Access Index (Equity),scorecard_index,CP,equity,scorecard,2,1,41.450188606943925
56,Wyoming,WY,2024,index_eq_commute,Transportation Access Index (Equity),scorecard_index,CP,equity,scorecard,2,1,46.480419307066065
72,Puerto Rico,PR,2024,index_eq_commute,Transportation Access Index (Equity),scorecard_index,CP,equity,scorecard,2,1,37.105644693363246
000,United States,USA,2024,index_eq_education,Education Access Index (Equity),scorecard_index,CP,equity,scorecard,2,1,48.18350084360114
01,Alabama,AL,2024,index_eq_education,Education Access Index (Equity),scorecard_index,CP,equity,scorecard,2,1,77.26403912223446
02,Alaska,AK,2024,index_eq_education,Education Access Index (Equity),scorecard_index,CP,equity,scorecard,2,1,52.38863048827146
04,Arizona,AZ,2024,index_eq_education,Education Access Index (Equity),scorecard_index,CP,equity,scorecard,2,1,49.50317438365286
05,Arkansas,AR,2024,index_eq_education,Education Access Index (Equity),scorecard_index,CP,equity,scorecard,2,1,65.13103629286537
06,California,CA,2024,index_eq_education,Education Access Index (Equity),scorecard_index,CP,equity,scorecard,2,1,62.918752746097226
08,Colorado,CO,2024,index_eq_education,Education Access Index (Equity),scorecard_index,CP,equity,scorecard,2,1,24.10328952969214
09,Connecticut,CT,2024,index_eq_education,Education Access Index (Equity),scorecard_index,CP,equity,scorecard,2,1,45.56064770637116
10,Delaware,DE,2024,index_eq_education,Education Access Index (Equity),scorecard_index,CP,equity,scorecard,2,1,43.352252190493466
11,District of Columbia,DC,2024,index_eq_education,Education Access Index (Equity),scorecard_index,CP,equity,scorecard,2,1,43.41750918897681
12,Florida,FL,2024,index_eq_education,Education Access Index (Equity),scorecard_index,CP,equity,scorecard,2,1,61.92581549134965
13,Georgia,GA,2024,index_eq_education,Education Access Index (Equity),scorecard_index,CP,equity,scorecard,2,1,52.54759292325855
15,Hawaii,HI,2024,index_eq_education,Education Access Index (Equity),scorecard_index,CP,equity,scorecard,2,1,56.019798264086994
16,Idaho,ID,2024,index_eq_education,Education Access Index (Equity),scorecard_index,CP,equity,scorecard,2,1,48.79844952970226
17,Illinois,IL,2024,index_eq_education,Education Access Index (Equity),scorecard_index,CP,equity,scorecard,2,1,35.53092130129082
18,Indiana,IN,2024,index_eq_education,Education Access Index (Equity),scorecard_index,CP,equity,scorecard,2,1,52.63390115727394
19,Iowa,IA,2024,index_eq_education,Education Access Index (Equity),scorecard_index,CP,equity,scorecard,2,1,38.687904684013176
20,Kansas,KS,2024,index_eq_education,Education Access Index (Equity),scorecard_index,CP,equity,scorecard,2,1,29.079055715145536
21,Kentucky,KY,2024,index_eq_education,Education Access Index (Equity),scorecard_index,CP,equity,scorecard,2,1,68.9945498028375
22,Louisiana,LA,2024,index_eq_education,Education Access Index (Equity),scorecard_index,CP,equity,scorecard,2,1,82.98301893888517
23,Maine,ME,2024,index_eq_education,Education Access Index (Equity),scorecard_index,CP,equity,scorecard,2,1,32.18414810381474
24,Maryland,MD,2024,index_eq_education,Education Access Index (Equity),scorecard_index,CP,equity,scorecard,2,1,43.52344357266435
25,Massachusetts,MA,2024,index_eq_education,Education Access Index (Equity),scorecard_index,CP,equity,scorecard,2,1,46.29102005758378
26,Michigan,MI,2024,index_eq_education,Education Access Index (Equity),scorecard_index,CP,equity,scorecard,2,1,51.84794405476837
27,Minnesota,MN,2024,index_eq_education,Education Access Index (Equity),scorecard_index,CP,equity,scorecard,2,1,26.97757697437261
28,Mississippi,MS,2024,index_eq_education,Education Access Index (Equity),scorecard_index,CP,equity,scorecard,2,1,84.54642133540074
29,Missouri,MO,2024,index_eq_education,Education Access Index (Equity),scorecard_index,CP,equity,scorecard,2,1,50.73010911448933
30,Montana,MT,2024,index_eq_education,Education Access Index (Equity),scorecard_index,CP,equity,scorecard,2,1,46.24918174941863
31,Nebraska,NE,2024,index_eq_education,Education Access Index (Equity),scorecard_index,CP,equity,scorecard,2,1,35.654324626496134
32,Nevada,NV,2024,index_eq_education,Education Access Index (Equity),scorecard_index,CP,equity,scorecard,2,1,53.358511074787614
33,New Hampshire,NH,2024,index_eq_education,Education Access Index (Equity),scorecard_index,CP,equity,scorecard,2,1,36.17085701254745
34,New Jersey,NJ,2024,index_eq_education,Education Access Index (Equity),scorecard_index,CP,equity,scorecard,2,1,40.27177694761041
35,New Mexico,NM,2024,index_eq_education,Education Access Index (Equity),scorecard_index,CP,equity,scorecard,2,1,63.1316249219658
36,New York,NY,2024,index_eq_education,Education Access Index (Equity),scorecard_index,CP,equity,scorecard,2,1,55.29351547455858
37,North Carolina,NC,2024,index_eq_education,Education Access Index (Equity),scorecard_index,CP,equity,scorecard,2,1,49.8704485990568
38,North Dakota,ND,2024,index_eq_education,Education Access Index (Equity),scorecard_index,CP,equity,scorecard,2,1,43.968735782903366
39,Ohio,OH,2024,index_eq_education,Education Access Index (Equity),scorecard_index,CP,equity,scorecard,2,1,49.377208160684134
40,Oklahoma,OK,2024,index_eq_education,Education Access Index (Equity),scorecard_index,CP,equity,scorecard,2,1,53.68714345294521
41,Oregon,OR,2024,index_eq_education,Education Access Index (Equity),scorecard_index,CP,equity,scorecard,2,1,28.86326304081806
42,Pennsylvania,PA,2024,index_eq_education,Education Access Index (Equity),scorecard_index,CP,equity,scorecard,2,1,39.37631577972418
44,Rhode Island,RI,2024,index_eq_education,Education Access Index (Equity),scorecard_index,CP,equity,scorecard,2,1,58.38647509103994
45,South Carolina,SC,2024,index_eq_education,Education Access Index (Equity),scorecard_index,CP,equity,scorecard,2,1,67.885823735409
46,South Dakota,SD,2024,index_eq_education,Education Access Index (Equity),scorecard_index,CP,equity,scorecard,2,1,49.23986717481608
47,Tennessee,TN,2024,index_eq_education,Education Access Index (Equity),scorecard_index,CP,equity,scorecard,2,1,63.39589331868814
48,Texas,TX,2024,index_eq_education,Education Access Index (Equity),scorecard_index,CP,equity,scorecard,2,1,54.37692772219257
49,Utah,UT,2024,index_eq_education,Education Access Index (Equity),scorecard_index,CP,equity,scorecard,2,1,38.87622344174304
50,Vermont,VT,2024,index_eq_education,Education Access Index (Equity),scorecard_index,CP,equity,scorecard,2,1,29.4434840979738
51,Virginia,VA,2024,index_eq_education,Education Access Index (Equity),scorecard_index,CP,equity,scorecard,2,1,38.00334244223451
53,Washington,WA,2024,index_eq_education,Education Access Index (Equity),scorecard_index,CP,equity,scorecard,2,1,28.51159011249404
54,West Virginia,WV,2024,index_eq_education,Education Access Index (Equity),scorecard_index,CP,equity,scorecard,2,1,82.81975636091192
55,Wisconsin,WI,2024,index_eq_education,Education Access Index (Equity),scorecard_index,CP,equity,scorecard,2,1,44.5190246309869
56,Wyoming,WY,2024,index_eq_education,Education Access Index (Equity),scorecard_index,CP,equity,scorecard,2,1,48.1742694296874
72,Puerto Rico,PR,2024,index_eq_education,Education Access Index (Equity),scorecard_index,CP,equity,scorecard,2,1,81.31470419195114
000,United States,USA,2024,index_eq_insurance,Health Insurance Index (Equity),scorecard_index,CP,equity,scorecard,3,1,49.32887869094106
01,Alabama,AL,2024,index_eq_insurance,Health Insurance Index (Equity),scorecard_index,CP,equity,scorecard,3,1,61.756360561884755
02,Alaska,AK,2024,index_eq_insurance,Health Insurance Index (Equity),scorecard_index,CP,equity,scorecard,3,1,45.706383093005975
04,Arizona,AZ,2024,index_eq_insurance,Health Insurance Index (Equity),scorecard_index,CP,equity,scorecard,3,1,39.832153763111016
05,Arkansas,AR,2024,index_eq_insurance,Health Insurance Index (Equity),scorecard_index,CP,equity,scorecard,3,1,39.89603238513015
06,California,CA,2024,index_eq_insurance,Health Insurance Index (Equity),scorecard_index,CP,equity,scorecard,3,1,42.00439925692637
08,Colorado,CO,2024,index_eq_insurance,Health Insurance Index (Equity),scorecard_index,CP,equity,scorecard,3,1,48.89715393630768
09,Connecticut,CT,2024,index_eq_insurance,Health Insurance Index (Equity),scorecard_index,CP,equity,scorecard,3,1,46.030895372417206
10,Delaware,DE,2024,index_eq_insurance,Health Insurance Index (Equity),scorecard_index,CP,equity,scorecard,3,1,49.23784443878315
11,District of Columbia,DC,2024,index_eq_insurance,Health Insurance Index (Equity),scorecard_index,CP,equity,scorecard,3,1,55.41543253569034
12,Florida,FL,2024,index_eq_insurance,Health Insurance Index (Equity),scorecard_index,CP,equity,scorecard,3,1,43.82006427288664
13,Georgia,GA,2024,index_eq_insurance,Health Insurance Index (Equity),scorecard_index,CP,equity,scorecard,3,1,57.580448524477276
15,Hawaii,HI,2024,index_eq_insurance,Health Insurance Index (Equity),scorecard_index,CP,equity,scorecard,3,1,61.4889562370408
16,Idaho,ID,2024,index_eq_insurance,Health Insurance Index (Equity),scorecard_index,CP,equity,scorecard,3,1,52.47360977529801
17,Illinois,IL,2024,index_eq_insurance,Health Insurance Index (Equity),scorecard_index,CP,equity,scorecard,3,1,42.09244214187649
18,Indiana,IN,2024,index_eq_insurance,Health Insurance Index (Equity),scorecard_index,CP,equity,scorecard,3,1,47.49479200779579
19,Iowa,IA,2024,index_eq_insurance,Health Insurance Index (Equity),scorecard_index,CP,equity,scorecard,3,1,50.00177017601592
20,Kansas,KS,2024,index_eq_insurance,Health Insurance Index (Equity),scorecard_index,CP,equity,scorecard,3,1,55.49856178081034
21,Kentucky,KY,2024,index_eq_insurance,Health Insurance Index (Equity),scorecard_index,CP,equity,scorecard,3,1,42.147799380801246
22,Louisiana,LA,2024,index_eq_insurance,Health Insurance Index (Equity),scorecard_index,CP,equity,scorecard,3,1,43.661449956450944
23,Maine,ME,2024,index_eq_insurance,Health Insurance Index (Equity),scorecard_index,CP,equity,scorecard,3,1,43.262824878458616
24,Maryland,MD,2024,index_eq_insurance,Health Insurance Index (Equity),scorecard_index,CP,equity,scorecard,3,1,49.5019937659668
25,Massachusetts,MA,2024,index_eq_insurance,Health Insurance Index (Equity),scorecard_index,CP,equity,scorecard,3,1,57.89866983938938
26,Michigan,MI,2024,index_eq_insurance,Health Insurance Index (Equity),scorecard_index,CP,equity,scorecard,3,1,52.954295950454274
27,Minnesota,MN,2024,index_eq_insurance,Health Insurance Index (Equity),scorecard_index,CP,equity,scorecard,3,1,55.986545498022544
28,Mississippi,MS,2024,index_eq_insurance,Health Insurance Index (Equity),scorecard_index,CP,equity,scorecard,3,1,48.80327704300381
29,Missouri,MO,2024,index_eq_insurance,Health Insurance Index (Equity),scorecard_index,CP,equity,scorecard,3,1,57.04004630938538
30,Montana,MT,2024,index_eq_insurance,Health Insurance Index (Equity),scorecard_index,CP,equity,scorecard,3,1,50.05328545669346
31,Nebraska,NE,2024,index_eq_insurance,Health Insurance Index (Equity),scorecard_index,CP,equity,scorecard,3,1,59.66315664023023
32,Nevada,NV,2024,index_eq_insurance,Health Insurance Index (Equity),scorecard_index,CP,equity,scorecard,3,1,38.83851924877438
33,New Hampshire,NH,2024,index_eq_insurance,Health Insurance Index (Equity),scorecard_index,CP,equity,scorecard,3,1,52.34870868157693
34,New Jersey,NJ,2024,index_eq_insurance,Health Insurance Index (Equity),scorecard_index,CP,equity,scorecard,3,1,50.43943895987474
35,New Mexico,NM,2024,index_eq_insurance,Health Insurance Index (Equity),scorecard_index,CP,equity,scorecard,3,1,38.98461925497213
36,New York,NY,2024,index_eq_insurance,Health Insurance Index (Equity),scorecard_index,CP,equity,scorecard,3,1,50.3081769626856
37,North Carolina,NC,2024,index_eq_insurance,Health Insurance Index (Equity),scorecard_index,CP,equity,scorecard,3,1,54.210201625971195
38,North Dakota,ND,2024,index_eq_insurance,Health Insurance Index (Equity),scorecard_index,CP,equity,scorecard,3,1,55.24350553056134
39,Ohio,OH,2024,index_eq_insurance,Health Insurance Index (Equity),scorecard_index,CP,equity,scorecard,3,1,50.76312415031066
40,Oklahoma,OK,2024,index_eq_insurance,Health Insurance Index (Equity),scorecard_index,CP,equity,scorecard,3,1,45.84336497119252
41,Oregon,OR,2024,index_eq_insurance,Health Insurance Index (Equity),scorecard_index,CP,equity,scorecard,3,1,43.2386093278881
42,Pennsylvania,PA,2024,index_eq_insurance,Health Insurance Index (Equity),scorecard_index,CP,equity,scorecard,3,1,55.99974120858787
44,Rhode Island,RI,2024,index_eq_insurance,Health Insurance Index (Equity),scorecard_index,CP,equity,scorecard,3,1,46.409807937477616
45,South Carolina,SC,2024,index_eq_insurance,Health Insurance Index (Equity),scorecard_index,CP,equity,scorecard,3,1,61.348504239079034
46,South Dakota,SD,2024,index_eq_insurance,Health Insurance Index (Equity),scorecard_index,CP,equity,scorecard,3,1,56.18195526890192
47,Tennessee,TN,2024,index_eq_insurance,Health Insurance Index (Equity),scorecard_index,CP,equity,scorecard,3,1,56.54546602261811
48,Texas,TX,2024,index_eq_insurance,Health Insurance Index (Equity),scorecard_index,CP,equity,scorecard,3,1,38.666293228523536
49,Utah,UT,2024,index_eq_insurance,Health Insurance Index (Equity),scorecard_index,CP,equity,scorecard,3,1,57.49569827735701
50,Vermont,VT,2024,index_eq_insurance,Health Insurance Index (Equity),scorecard_index,CP,equity,scorecard,3,1,50.32656881178108
51,Virginia,VA,2024,index_eq_insurance,Health Insurance Index (Equity),scorecard_index,CP,equity,scorecard,3,1,55.2410998221417
53,Washington,WA,2024,index_eq_insurance,Health Insurance Index (Equity),scorecard_index,CP,equity,scorecard,3,1,50.86147564074346
54,West Virginia,WV,2024,index_eq_insurance,Health Insurance Index (Equity),scorecard_index,CP,equity,scorecard,3,1,40.614717491583
55,Wisconsin,WI,2024,index_eq_insurance,Health Insurance Index (Equity),scorecard_index,CP,equity,scorecard,3,1,53.07663016316869
56,Wyoming,WY,2024,index_eq_insurance,Health Insurance Index (Equity),scorecard_index,CP,equity,scorecard,3,1,64.30971713084236
72,Puerto Rico,PR,2024,index_eq_insurance,Health Insurance Index (Equity),scorecard_index,CP,equity,scorecard,3,1,36.17010177533185
000,United States,USA,2024,index_eq_tech,Tech Access Index (Equity),scorecard_index,CP,equity,scorecard,3,1,56.273508355314675
01,Alabama,AL,2024,index_eq_tech,Tech Access Index (Equity),scorecard_index,CP,equity,scorecard,3,1,28.495125469972805
02,Alaska,AK,2024,index_eq_tech,Tech Access Index (Equity),scorecard_index,CP,equity,scorecard,3,1,93.8825931865983
04,Arizona,AZ,2024,index_eq_tech,Tech Access Index (Equity),scorecard_index,CP,equity,scorecard,3,1,91.94809634242098
05,Arkansas,AR,2024,index_eq_tech,Tech Access Index (Equity),scorecard_index,CP,equity,scorecard,3,1,35.44192188787046
06,California,CA,2024,index_eq_tech,Tech Access Index (Equity),scorecard_index,CP,equity,scorecard,3,1,85.98230787275516
08,Colorado,CO,2024,index_eq_tech,Tech Access Index (Equity),scorecard_index,CP,equity,scorecard,3,1,85.36420860595922
09,Connecticut,CT,2024,index_eq_tech,Tech Access Index (Equity),scorecard_index,CP,equity,scorecard,3,1,29.864179422371752
10,Delaware,DE,2024,index_eq_tech,Tech Access Index (Equity),scorecard_index,CP,equity,scorecard,3,1,81.6410381401419
11,District of Columbia,DC,2024,index_eq_tech,Tech Access Index (Equity),scorecard_index,CP,equity,scorecard,3,1,12.688643615994886
12,Florida,FL,2024,index_eq_tech,Tech Access Index (Equity),scorecard_index,CP,equity,scorecard,3,1,88.36321264877535
13,Georgia,GA,2024,index_eq_tech,Tech Access Index (Equity),scorecard_index,CP,equity,scorecard,3,1,73.28336491611238
15,Hawaii,HI,2024,index_eq_tech,Tech Access Index (Equity),scorecard_index,CP,equity,scorecard,3,1,76.98493613972119
16,Idaho,ID,2024,index_eq_tech,Tech Access Index (Equity),scorecard_index,CP,equity,scorecard,3,1,89.10905834536341
17,Illinois,IL,2024,index_eq_tech,Tech Access Index (Equity),scorecard_index,CP,equity,scorecard,3,1,29.709762709056946
18,Indiana,IN,2024,index_eq_tech,Tech Access Index (Equity),scorecard_index,CP,equity,scorecard,3,1,55.64520008998917
19,Iowa,IA,2024,index_eq_tech,Tech Access Index (Equity),scorecard_index,CP,equity,scorecard,3,1,37.67264196774399
20,Kansas,KS,2024,index_eq_tech,Tech Access Index (Equity),scorecard_index,CP,equity,scorecard,3,1,41.34234522084451
21,Kentucky,KY,2024,index_eq_tech,Tech Access Index (Equity),scorecard_index,CP,equity,scorecard,3,1,30.688871756293878
22,Louisiana,LA,2024,index_eq_tech,Tech Access Index (Equity),scorecard_index,CP,equity,scorecard,3,1,37.508714856606495
23,Maine,ME,2024,index_eq_tech,Tech Access Index (Equity),scorecard_index,CP,equity,scorecard,3,1,31.264027025862607
24,Maryland,MD,2024,index_eq_tech,Tech Access Index (Equity),scorecard_index,CP,equity,scorecard,3,1,74.88411808040591
25,Massachusetts,MA,2024,index_eq_tech,Tech Access Index (Equity),scorecard_index,CP,equity,scorecard,3,1,25.137653066007015
26,Michigan,MI,2024,index_eq_tech,Tech Access Index (Equity),scorecard_index,CP,equity,scorecard,3,1,42.98257662550409
27,Minnesota,MN,2024,index_eq_tech,Tech Access Index (Equity),scorecard_index,CP,equity,scorecard,3,1,39.16121540758734
28,Mississippi,MS,2024,index_eq_tech,Tech Access Index (Equity),scorecard_index,CP,equity,scorecard,3,1,28.162364267636352
29,Missouri,MO,2024,index_eq_tech,Tech Access Index (Equity),scorecard_index,CP,equity,scorecard,3,1,42.08571785347746
30,Montana,MT,2024,index_eq_tech,Tech Access Index (Equity),scorecard_index,CP,equity,scorecard,3,1,43.23828974748428
31,Nebraska,NE,2024,index_eq_tech,Tech Access Index (Equity),scorecard_index,CP,equity,scorecard,3,1,37.15900455449691
32,Nevada,NV,2024,index_eq_tech,Tech Access Index (Equity),scorecard_index,CP,equity,scorecard,3,1,96.68823946194833
33,New Hampshire,NH,2024,index_eq_tech,Tech Access Index (Equity),scorecard_index,CP,equity,scorecard,3,1,71.60734547838136
34,New Jersey,NJ,2024,index_eq_tech,Tech Access Index (Equity),scorecard_index,CP,equity,scorecard,3,1,53.98586424885747
35,New Mexico,NM,2024,index_eq_tech,Tech Access Index (Equity),scorecard_index,CP,equity,scorecard,3,1,40.322970842764484
36,New York,NY,2024,index_eq_tech,Tech Access Index (Equity),scorecard_index,CP,equity,scorecard,3,1,41.44452316206554
37,North Carolina,NC,2024,index_eq_tech,Tech Access Index (Equity),scorecard_index,CP,equity,scorecard,3,1,36.784745405848575
38,North Dakota,ND,2024,index_eq_tech,Tech Access Index (Equity),scorecard_index,CP,equity,scorecard,3,1,9.07885199914694
39,Ohio,OH,2024,index_eq_tech,Tech Access Index (Equity),scorecard_index,CP,equity,scorecard,3,1,39.50500673828855
40,Oklahoma,OK,2024,index_eq_tech,Tech Access Index (Equity),scorecard_index,CP,equity,scorecard,3,1,61.046684112442186
41,Oregon,OR,2024,index_eq_tech,Tech Access Index (Equity),scorecard_index,CP,equity,scorecard,3,1,85.41386210694931
42,Pennsylvania,PA,2024,index_eq_tech,Tech Access Index (Equity),scorecard_index,CP,equity,scorecard,3,1,26.058469926460187
44,Rhode Island,RI,2024,index_eq_tech,Tech Access Index (Equity),scorecard_index,CP,equity,scorecard,3,1,24.199573450525126
45,South Carolina,SC,2024,index_eq_tech,Tech Access Index (Equity),scorecard_index,CP,equity,scorecard,3,1,42.43815488213019
46,South Dakota,SD,2024,index_eq_tech,Tech Access Index (Equity),scorecard_index,CP,equity,scorecard,3,1,34.66147561538714
47,Tennessee,TN,2024,index_eq_tech,Tech Access Index (Equity),scorecard_index,CP,equity,scorecard,3,1,23.567776358505537
48,Texas,TX,2024,index_eq_tech,Tech Access Index (Equity),scorecard_index,CP,equity,scorecard,3,1,81.18170966439934
49,Utah,UT,2024,index_eq_tech,Tech Access Index (Equity),scorecard_index,CP,equity,scorecard,3,1,96.42416061179345
50,Vermont,VT,2024,index_eq_tech,Tech Access Index (Equity),scorecard_index,CP,equity,scorecard,3,1,34.70431997625236
51,Virginia,VA,2024,index_eq_tech,Tech Access Index (Equity),scorecard_index,CP,equity,scorecard,3,1,35.72821887501573
53,Washington,WA,2024,index_eq_tech,Tech Access Index (Equity),scorecard_index,CP,equity,scorecard,3,1,87.20164534193749
54,West Virginia,WV,2024,index_eq_tech,Tech Access Index (Equity),scorecard_index,CP,equity,scorecard,3,1,5.4648853337259835
55,Wisconsin,WI,2024,index_eq_tech,Tech Access Index (Equity),scorecard_index,CP,equity,scorecard,3,1,41.760865686644586
56,Wyoming,WY,2024,index_eq_tech,Tech Access Index (Equity),scorecard_index,CP,equity,scorecard,3,1,54.970841810518436
72,Puerto Rico,PR,2024,index_eq_tech,Tech Access Index (Equity),scorecard_index,CP,equity,scorecard,3,1,8.616404797123286
000,United States,USA,2024,index_eq_all_work_indicators,All Work Indicators Index (Equity),category_index,WE,equity,category,2,1,47.90392579265851
01,Alabama,AL,2024,index_eq_all_work_indicators,All Work Indicators Index (Equity),category_index,WE,equity,category,2,1,51.2636846602458
02,Alaska,AK,2024,index_eq_all_work_indicators,All Work Indicators Index (Equity),category_index,WE,equity,category,2,1,53.93118965465818
04,Arizona,AZ,2024,index_eq_all_work_indicators,All Work Indicators Index (Equity),category_index,WE,equity,category,2,1,55.338645827492336
05,Arkansas,AR,2024,index_eq_all_work_indicators,All Work Indicators Index (Equity),category_index,WE,equity,category,2,1,55.22305635981485
06,California,CA,2024,index_eq_all_work_indicators,All Work Indicators Index (Equity),category_index,WE,equity,category,2,1,54.455708412926924
08,Colorado,CO,2024,index_eq_all_work_indicators,All Work Indicators Index (Equity),category_index,WE,equity,category,2,1,43.55432635516759
09,Connecticut,CT,2024,index_eq_all_work_indicators,All Work Indicators Index (Equity),category_index,WE,equity,category,2,1,41.67544570003758
10,Delaware,DE,2024,index_eq_all_work_indicators,All Work Indicators Index (Equity),category_index,WE,equity,category,2,1,39.21336255543818
11,District of Columbia,DC,2024,index_eq_all_work_indicators,All Work Indicators Index (Equity),category_index,WE,equity,category,2,1,42.73925029948035
12,Florida,FL,2024,index_eq_all_work_indicators,All Work Indicators Index (Equity),category_index,WE,equity,category,2,1,58.16616914747041
13,Georgia,GA,2024,index_eq_all_work_indicators,All Work Indicators Index (Equity),category_index,WE,equity,category,2,1,46.93218777723595
15,Hawaii,HI,2024,index_eq_all_work_indicators,All Work Indicators Index (Equity),category_index,WE,equity,category,2,1,55.90796445504574
16,Idaho,ID,2024,index_eq_all_work_indicators,All Work Indicators Index (Equity),category_index,WE,equity,category,2,1,53.9370900702543
17,Illinois,IL,2024,index_eq_all_work_indicators,All Work Indicators Index (Equity),category_index,WE,equity,category,2,1,46.06395896424223
18,Indiana,IN,2024,index_eq_all_work_indicators,All Work Indicators Index (Equity),category_index,WE,equity,category,2,1,52.27918163748751
19,Iowa,IA,2024,index_eq_all_work_indicators,All Work Indicators Index (Equity),category_index,WE,equity,category,2,1,48.257267157627126
20,Kansas,KS,2024,index_eq_all_work_indicators,All Work Indicators Index (Equity),category_index,WE,equity,category,2,1,49.84479391594318
21,Kentucky,KY,2024,index_eq_all_work_indicators,All Work Indicators Index (Equity),category_index,WE,equity,category,2,1,53.28114159795932
22,Louisiana,LA,2024,index_eq_all_work_indicators,All Work Indicators Index (Equity),category_index,WE,equity,category,2,1,48.68317147841236
23,Maine,ME,2024,index_eq_all_work_indicators,All Work Indicators Index (Equity),category_index,WE,equity,category,2,1,62.52720769510067
24,Maryland,MD,2024,index_eq_all_work_indicators,All Work Indicators Index (Equity),category_index,WE,equity,category,2,1,44.49092092209885
25,Massachusetts,MA,2024,index_eq_all_work_indicators,All Work Indicators Index (Equity),category_index,WE,equity,category,2,1,43.8190830827606
26,Michigan,MI,2024,index_eq_all_work_indicators,All Work Indicators Index (Equity),category_index,WE,equity,category,2,1,47.81373116699629
27,Minnesota,MN,2024,index_eq_all_work_indicators,All Work Indicators Index (Equity),category_index,WE,equity,category,2,1,50.80988445228274
28,Mississippi,MS,2024,index_eq_all_work_indicators,All Work Indicators Index (Equity),category_index,WE,equity,category,2,1,53.143906323540456
29,Missouri,MO,2024,index_eq_all_work_indicators,All Work Indicators Index (Equity),category_index,WE,equity,category,2,1,54.239455477105864
30,Montana,MT,2024,index_eq_all_work_indicators,All Work Indicators Index (Equity),category_index,WE,equity,category,2,1,53.677271735351425
31,Nebraska,NE,2024,index_eq_all_work_indicators,All Work Indicators Index (Equity),category_index,WE,equity,category,2,1,54.125421871887156
32,Nevada,NV,2024,index_eq_all_work_indicators,All Work Indicators Index (Equity),category_index,WE,equity,category,2,1,54.72651732713461
33,New Hampshire,NH,2024,index_eq_all_work_indicators,All Work Indicators Index (Equity),category_index,WE,equity,category,2,1,44.22046171494382
34,New Jersey,NJ,2024,index_eq_all_work_indicators,All Work Indicators Index (Equity),category_index,WE,equity,category,2,1,36.675460709675
35,New Mexico,NM,2024,index_eq_all_work_indicators,All Work Indicators Index (Equity),category_index,WE,equity,category,2,1,53.91104783888106
36,New York,NY,2024,index_eq_all_work_indicators,All Work Indicators Index (Equity),category_index,WE,equity,category,2,1,52.898405365041214
37,North Carolina,NC,2024,index_eq_all_work_indicators,All Work Indicators Index (Equity),category_index,WE,equity,category,2,1,51.63622402033994
38,North Dakota,ND,2024,index_eq_all_work_indicators,All Work Indicators Index (Equity),category_index,WE,equity,category,2,1,53.158855102206374
39,Ohio,OH,2024,index_eq_all_work_indicators,All Work Indicators Index (Equity),category_index,WE,equity,category,2,1,47.119789651517394
40,Oklahoma,OK,2024,index_eq_all_work_indicators,All Work Indicators Index (Equity),category_index,WE,equity,category,2,1,56.255384617583694
41,Oregon,OR,2024,index_eq_all_work_indicators,All Work Indicators Index (Equity),category_index,WE,equity,category,2,1,55.28643548944399
42,Pennsylvania,PA,2024,index_eq_all_work_indicators,All Work Indicators Index (Equity),category_index,WE,equity,category,2,1,48.23379137455356
44,Rhode Island,RI,2024,index_eq_all_work_indicators,All Work Indicators Index (Equity),category_index,WE,equity,category,2,1,45.502097409915166
45,South Carolina,SC,2024,index_eq_all_work_indicators,All Work Indicators Index (Equity),category_index,WE,equity,category,2,1,51.7471912768432
46,South Dakota,SD,2024,index_eq_all_work_indicators,All Work Indicators Index (Equity),category_index,WE,equity,category,2,1,48.218956220282294
47,Tennessee,TN,2024,index_eq_all_work_indicators,All Work Indicators Index (Equity),category_index,WE,equity,category,2,1,51.02016406195618
48,Texas,TX,2024,index_eq_all_work_indicators,All Work Indicators Index (Equity),category_index,WE,equity,category,2,1,49.871795201881056
49,Utah,UT,2024,index_eq_all_work_indicators,All Work Indicators Index (Equity),category_index,WE,equity,category,2,1,50.38413434042234
50,Vermont,VT,2024,index_eq_all_work_indicators,All Work Indicators Index (Equity),category_index,WE,equity,category,2,1,53.29570670384303
51,Virginia,VA,2024,index_eq_all_work_indicators,All Work Indicators Index (Equity),category_index,WE,equity,category,2,1,37.799864395262055
53,Washington,WA,2024,index_eq_all_work_indicators,All Work Indicators Index (Equity),category_index,WE,equity,category,2,1,45.40130297720948
54,West Virginia,WV,2024,index_eq_all_work_indicators,All Work Indicators Index (Equity),category_index,WE,equity,category,2,1,52.451016703986674
55,Wisconsin,WI,2024,index_eq_all_work_indicators,All Work Indicators Index (Equity),category_index,WE,equity,category,2,1,47.93936878896204
56,Wyoming,WY,2024,index_eq_all_work_indicators,All Work Indicators Index (Equity),category_index,WE,equity,category,2,1,50.607221026929174
72,Puerto Rico,PR,2024,index_eq_all_work_indicators,All Work Indicators Index (Equity),category_index,WE,equity,category,2,1,53.870291975720065
000,United States,USA,2024,index_eq_work_economic,Work-Economic Index (Equity),category_index,WE,equity,category,2,0.5,47.90392579265851
01,Alabama,AL,2024,index_eq_work_economic,Work-Economic Index (Equity),category_index,WE,equity,category,2,1,63.79636169030193
02,Alaska,AK,2024,index_eq_work_economic,Work-Economic Index (Equity),category_index,WE,equity,category,2,1,48.84249146448776
04,Arizona,AZ,2024,index_eq_work_economic,Work-Economic Index (Equity),category_index,WE,equity,category,2,1,44.37413589167515
05,Arkansas,AR,2024,index_eq_work_economic,Work-Economic Index (Equity),category_index,WE,equity,category,2,1,73.68780321167986
06,California,CA,2024,index_eq_work_economic,Work-Economic Index (Equity),category_index,WE,equity,category,2,1,27.63952917005044
08,Colorado,CO,2024,index_eq_work_economic,Work-Economic Index (Equity),category_index,WE,equity,category,2,1,27.471699074018815
09,Connecticut,CT,2024,index_eq_work_economic,Work-Economic Index (Equity),category_index,WE,equity,category,2,1,29.819518146533337
10,Delaware,DE,2024,index_eq_work_economic,Work-Economic Index (Equity),category_index,WE,equity,category,2,1,43.52810298960815
11,District of Columbia,DC,2024,index_eq_work_economic,Work-Economic Index (Equity),category_index,WE,equity,category,2,1,38.7651758141248
12,Florida,FL,2024,index_eq_work_economic,Work-Economic Index (Equity),category_index,WE,equity,category,2,1,31.94510332101455
13,Georgia,GA,2024,index_eq_work_economic,Work-Economic Index (Equity),category_index,WE,equity,category,2,1,41.79387698805457
15,Hawaii,HI,2024,index_eq_work_economic,Work-Economic Index (Equity),category_index,WE,equity,category,2,1,28.984212604416907
16,Idaho,ID,2024,index_eq_work_economic,Work-Economic Index (Equity),category_index,WE,equity,category,2,1,51.80111648677684
17,Illinois,IL,2024,index_eq_work_economic,Work-Economic Index (Equity),category_index,WE,equity,category,2,1,46.333579208631505
18,Indiana,IN,2024,index_eq_work_economic,Work-Economic Index (Equity),category_index,WE,equity,category,2,1,67.4607924181425
19,Iowa,IA,2024,index_eq_work_economic,Work-Economic Index (Equity),category_index,WE,equity,category,2,1,66.68166260859223
20,Kansas,KS,2024,index_eq_work_economic,Work-Economic Index (Equity),category_index,WE,equity,category,2,1,66.03755332952355
21,Kentucky,KY,2024,index_eq_work_economic,Work-Economic Index (Equity),category_index,WE,equity,category,2,1,70.6056824935039
22,Louisiana,LA,2024,index_eq_work_economic,Work-Economic Index (Equity),category_index,WE,equity,category,2,1,51.1349888112914
23,Maine,ME,2024,index_eq_work_economic,Work-Economic Index (Equity),category_index,WE,equity,category,2,1,69.89026046313334
24,Maryland,MD,2024,index_eq_work_economic,Work-Economic Index (Equity),category_index,WE,equity,category,2,1,33.31765853390057
25,Massachusetts,MA,2024,index_eq_work_economic,Work-Economic Index (Equity),category_index,WE,equity,category,2,1,32.462120005735386
26,Michigan,MI,2024,index_eq_work_economic,Work-Economic Index (Equity),category_index,WE,equity,category,2,1,58.31649307640017
27,Minnesota,MN,2024,index_eq_work_economic,Work-Economic Index (Equity),category_index,WE,equity,category,2,1,56.8673595607973
28,Mississippi,MS,2024,index_eq_work_economic,Work-Economic Index (Equity),category_index,WE,equity,category,2,1,63.124133387587776
29,Missouri,MO,2024,index_eq_work_economic,Work-Economic Index (Equity),category_index,WE,equity,category,2,1,69.99526441063844
30,Montana,MT,2024,index_eq_work_economic,Work-Economic Index (Equity),category_index,WE,equity,category,2,1,53.921449506355515
31,Nebraska,NE,2024,index_eq_work_economic,Work-Economic Index (Equity),category_index,WE,equity,category,2,1,64.54312316653574
32,Nevada,NV,2024,index_eq_work_economic,Work-Economic Index (Equity),category_index,WE,equity,category,2,1,37.37106279612223
33,New Hampshire,NH,2024,index_eq_work_economic,Work-Economic Index (Equity),category_index,WE,equity,category,2,1,48.1121315780199
34,New Jersey,NJ,2024,index_eq_work_economic,Work-Economic Index (Equity),category_index,WE,equity,category,2,1,20.731201390438034
35,New Mexico,NM,2024,index_eq_work_economic,Work-Economic Index (Equity),category_index,WE,equity,category,2,1,59.265646016591134
36,New York,NY,2024,index_eq_work_economic,Work-Economic Index (Equity),category_index,WE,equity,category,2,1,31.946013430827346
37,North Carolina,NC,2024,index_eq_work_economic,Work-Economic Index (Equity),category_index,WE,equity,category,2,1,52.09707100813547
38,North Dakota,ND,2024,index_eq_work_economic,Work-Economic Index (Equity),category_index,WE,equity,category,2,1,70.79540851018061
39,Ohio,OH,2024,index_eq_work_economic,Work-Economic Index (Equity),category_index,WE,equity,category,2,1,64.03029230541013
40,Oklahoma,OK,2024,index_eq_work_economic,Work-Economic Index (Equity),category_index,WE,equity,category,2,1,68.32139535970855
41,Oregon,OR,2024,index_eq_work_economic,Work-Economic Index (Equity),category_index,WE,equity,category,2,1,45.75498254694585
42,Pennsylvania,PA,2024,index_eq_work_economic,Work-Economic Index (Equity),category_index,WE,equity,category,2,1,61.979173508897425
44,Rhode Island,RI,2024,index_eq_work_economic,Work-Economic Index (Equity),category_index,WE,equity,category,2,1,42.59054288468097
45,South Carolina,SC,2024,index_eq_work_economic,Work-Economic Index (Equity),category_index,WE,equity,category,2,1,51.10576710898293
46,South Dakota,SD,2024,index_eq_work_economic,Work-Economic Index (Equity),category_index,WE,equity,category,2,1,60.90116410317559
47,Tennessee,TN,2024,index_eq_work_economic,Work-Economic Index (Equity),category_index,WE,equity,category,2,1,58.837799354475784
48,Texas,TX,2024,index_eq_work_economic,Work-Economic Index (Equity),category_index,WE,equity,category,2,1,35.45740784909574
49,Utah,UT,2024,index_eq_work_economic,Work-Economic Index (Equity),category_index,WE,equity,category,2,1,40.51874952478461
50,Vermont,VT,2024,index_eq_work_economic,Work-Economic Index (Equity),category_index,WE,equity,category,2,1,53.64556055472072
51,Virginia,VA,2024,index_eq_work_economic,Work-Economic Index (Equity),category_index,WE,equity,category,2,1,36.74373746129234
53,Washington,WA,2024,index_eq_work_economic,Work-Economic Index (Equity),category_index,WE,equity,category,2,1,36.81174658210921
54,West Virginia,WV,2024,index_eq_work_economic,Work-Economic Index (Equity),category_index,WE,equity,category,2,1,71.60474031229896
55,Wisconsin,WI,2024,index_eq_work_economic,Work-Economic Index (Equity),category_index,WE,equity,category,2,1,59.46260605235101
56,Wyoming,WY,2024,index_eq_work_economic,Work-Economic Index (Equity),category_index,WE,equity,category,2,1,56.91891149273842
72,Puerto Rico,PR,2024,index_eq_work_economic,Work-Economic Index (Equity),category_index,WE,equity,category,2,0.5,53.870291975720065
000,United States,USA,2024,index_eq_housing_affordability,Housing Affordability Index (Equity),scorecard_index,WE,equity,scorecard,2,0,NA
01,Alabama,AL,2024,index_eq_housing_affordability,Housing Affordability Index (Equity),scorecard_index,WE,equity,scorecard,2,1,76.32903872035806
02,Alaska,AK,2024,index_eq_housing_affordability,Housing Affordability Index (Equity),scorecard_index,WE,equity,scorecard,2,1,43.75379327431733
04,Arizona,AZ,2024,index_eq_housing_affordability,Housing Affordability Index (Equity),scorecard_index,WE,equity,scorecard,2,1,33.40962595585796
05,Arkansas,AR,2024,index_eq_housing_affordability,Housing Affordability Index (Equity),scorecard_index,WE,equity,scorecard,2,1,92.15255006354488
06,California,CA,2024,index_eq_housing_affordability,Housing Affordability Index (Equity),scorecard_index,WE,equity,scorecard,2,1,0.8233499271739575
08,Colorado,CO,2024,index_eq_housing_affordability,Housing Affordability Index (Equity),scorecard_index,WE,equity,scorecard,2,1,11.389071792870041
09,Connecticut,CT,2024,index_eq_housing_affordability,Housing Affordability Index (Equity),scorecard_index,WE,equity,scorecard,2,1,17.963590593029096
10,Delaware,DE,2024,index_eq_housing_affordability,Housing Affordability Index (Equity),scorecard_index,WE,equity,scorecard,2,1,47.84284342377812
11,District of Columbia,DC,2024,index_eq_housing_affordability,Housing Affordability Index (Equity),scorecard_index,WE,equity,scorecard,2,1,34.79110132876926
12,Florida,FL,2024,index_eq_housing_affordability,Housing Affordability Index (Equity),scorecard_index,WE,equity,scorecard,2,1,5.7240374945586865
13,Georgia,GA,2024,index_eq_housing_affordability,Housing Affordability Index (Equity),scorecard_index,WE,equity,scorecard,2,1,36.65556619887319
15,Hawaii,HI,2024,index_eq_housing_affordability,Housing Affordability Index (Equity),scorecard_index,WE,equity,scorecard,2,1,2.060460753788071
16,Idaho,ID,2024,index_eq_housing_affordability,Housing Affordability Index (Equity),scorecard_index,WE,equity,scorecard,2,1,49.66514290329938
17,Illinois,IL,2024,index_eq_housing_affordability,Housing Affordability Index (Equity),scorecard_index,WE,equity,scorecard,2,1,46.60319945302077
18,Indiana,IN,2024,index_eq_housing_affordability,Housing Affordability Index (Equity),scorecard_index,WE,equity,scorecard,2,1,82.6424031987975
19,Iowa,IA,2024,index_eq_housing_affordability,Housing Affordability Index (Equity),scorecard_index,WE,equity,scorecard,2,1,85.10605805955733
20,Kansas,KS,2024,index_eq_housing_affordability,Housing Affordability Index (Equity),scorecard_index,WE,equity,scorecard,2,1,82.23031274310392
21,Kentucky,KY,2024,index_eq_housing_affordability,Housing Affordability Index (Equity),scorecard_index,WE,equity,scorecard,2,1,87.93022338904848
22,Louisiana,LA,2024,index_eq_housing_affordability,Housing Affordability Index (Equity),scorecard_index,WE,equity,scorecard,2,1,53.58680614417044
23,Maine,ME,2024,index_eq_housing_affordability,Housing Affordability Index (Equity),scorecard_index,WE,equity,scorecard,2,1,77.25331323116602
24,Maryland,MD,2024,index_eq_housing_affordability,Housing Affordability Index (Equity),scorecard_index,WE,equity,scorecard,2,1,22.144396145702288
25,Massachusetts,MA,2024,index_eq_housing_affordability,Housing Affordability Index (Equity),scorecard_index,WE,equity,scorecard,2,1,21.10515692871018
26,Michigan,MI,2024,index_eq_housing_affordability,Housing Affordability Index (Equity),scorecard_index,WE,equity,scorecard,2,1,68.81925498580405
27,Minnesota,MN,2024,index_eq_housing_affordability,Housing Affordability Index (Equity),scorecard_index,WE,equity,scorecard,2,1,62.92483466931185
28,Mississippi,MS,2024,index_eq_housing_affordability,Housing Affordability Index (Equity),scorecard_index,WE,equity,scorecard,2,1,73.1043604516351
29,Missouri,MO,2024,index_eq_housing_affordability,Housing Affordability Index (Equity),scorecard_index,WE,equity,scorecard,2,1,85.75107334417103
30,Montana,MT,2024,index_eq_housing_affordability,Housing Affordability Index (Equity),scorecard_index,WE,equity,scorecard,2,1,54.165627277359604
31,Nebraska,NE,2024,index_eq_housing_affordability,Housing Affordability Index (Equity),scorecard_index,WE,equity,scorecard,2,1,74.96082446118432
32,Nevada,NV,2024,index_eq_housing_affordability,Housing Affordability Index (Equity),scorecard_index,WE,equity,scorecard,2,1,20.01560826510986
33,New Hampshire,NH,2024,index_eq_housing_affordability,Housing Affordability Index (Equity),scorecard_index,WE,equity,scorecard,2,1,52.00380144109598
34,New Jersey,NJ,2024,index_eq_housing_affordability,Housing Affordability Index (Equity),scorecard_index,WE,equity,scorecard,2,1,4.786942071201068
35,New Mexico,NM,2024,index_eq_housing_affordability,Housing Affordability Index (Equity),scorecard_index,WE,equity,scorecard,2,1,64.62024419430121
36,New York,NY,2024,index_eq_housing_affordability,Housing Affordability Index (Equity),scorecard_index,WE,equity,scorecard,2,1,10.993621496613478
37,North Carolina,NC,2024,index_eq_housing_affordability,Housing Affordability Index (Equity),scorecard_index,WE,equity,scorecard,2,1,52.55791799593101
38,North Dakota,ND,2024,index_eq_housing_affordability,Housing Affordability Index (Equity),scorecard_index,WE,equity,scorecard,2,1,88.43196191815483
39,Ohio,OH,2024,index_eq_housing_affordability,Housing Affordability Index (Equity),scorecard_index,WE,equity,scorecard,2,1,80.94079495930286
40,Oklahoma,OK,2024,index_eq_housing_affordability,Housing Affordability Index (Equity),scorecard_index,WE,equity,scorecard,2,1,80.3874061018334
41,Oregon,OR,2024,index_eq_housing_affordability,Housing Affordability Index (Equity),scorecard_index,WE,equity,scorecard,2,1,36.223529604447705
42,Pennsylvania,PA,2024,index_eq_housing_affordability,Housing Affordability Index (Equity),scorecard_index,WE,equity,scorecard,2,1,75.72455564324129
44,Rhode Island,RI,2024,index_eq_housing_affordability,Housing Affordability Index (Equity),scorecard_index,WE,equity,scorecard,2,1,39.67898835944678
45,South Carolina,SC,2024,index_eq_housing_affordability,Housing Affordability Index (Equity),scorecard_index,WE,equity,scorecard,2,1,50.46434294112266
46,South Dakota,SD,2024,index_eq_housing_affordability,Housing Affordability Index (Equity),scorecard_index,WE,equity,scorecard,2,1,73.58337198606888
47,Tennessee,TN,2024,index_eq_housing_affordability,Housing Affordability Index (Equity),scorecard_index,WE,equity,scorecard,2,1,66.65543464699539
48,Texas,TX,2024,index_eq_housing_affordability,Housing Affordability Index (Equity),scorecard_index,WE,equity,scorecard,2,1,21.04302049631042
49,Utah,UT,2024,index_eq_housing_affordability,Housing Affordability Index (Equity),scorecard_index,WE,equity,scorecard,2,1,30.65336470914687
50,Vermont,VT,2024,index_eq_housing_affordability,Housing Affordability Index (Equity),scorecard_index,WE,equity,scorecard,2,1,53.9954144055984
51,Virginia,VA,2024,index_eq_housing_affordability,Housing Affordability Index (Equity),scorecard_index,WE,equity,scorecard,2,1,35.68761052732263
53,Washington,WA,2024,index_eq_housing_affordability,Housing Affordability Index (Equity),scorecard_index,WE,equity,scorecard,2,1,28.22219018700894
54,West Virginia,WV,2024,index_eq_housing_affordability,Housing Affordability Index (Equity),scorecard_index,WE,equity,scorecard,2,1,90.75846392061123
55,Wisconsin,WI,2024,index_eq_housing_affordability,Housing Affordability Index (Equity),scorecard_index,WE,equity,scorecard,2,1,70.98584331573998
56,Wyoming,WY,2024,index_eq_housing_affordability,Housing Affordability Index (Equity),scorecard_index,WE,equity,scorecard,2,1,63.230601958547666
72,Puerto Rico,PR,2024,index_eq_housing_affordability,Housing Affordability Index (Equity),scorecard_index,WE,equity,scorecard,2,0,NA
000,United States,USA,2024,index_eq_negative_work,Negative Work Indicators Index (Equity),scorecard_index,WE,equity,scorecard,3,1,50.46418300976375
01,Alabama,AL,2024,index_eq_negative_work,Negative Work Indicators Index (Equity),scorecard_index,WE,equity,scorecard,3,1,44.74741490640929
02,Alaska,AK,2024,index_eq_negative_work,Negative Work Indicators Index (Equity),scorecard_index,WE,equity,scorecard,3,1,37.8025967348859
04,Arizona,AZ,2024,index_eq_negative_work,Negative Work Indicators Index (Equity),scorecard_index,WE,equity,scorecard,3,1,29.85940926774566
05,Arkansas,AR,2024,index_eq_negative_work,Negative Work Indicators Index (Equity),scorecard_index,WE,equity,scorecard,3,1,60.75505635996958
06,California,CA,2024,index_eq_negative_work,Negative Work Indicators Index (Equity),scorecard_index,WE,equity,scorecard,3,1,42.76587747874911
08,Colorado,CO,2024,index_eq_negative_work,Negative Work Indicators Index (Equity),scorecard_index,WE,equity,scorecard,3,1,37.02292063372848
09,Connecticut,CT,2024,index_eq_negative_work,Negative Work Indicators Index (Equity),scorecard_index,WE,equity,scorecard,3,1,69.29474842938987
10,Delaware,DE,2024,index_eq_negative_work,Negative Work Indicators Index (Equity),scorecard_index,WE,equity,scorecard,3,1,25.135340949499717
11,District of Columbia,DC,2024,index_eq_negative_work,Negative Work Indicators Index (Equity),scorecard_index,WE,equity,scorecard,3,1,72.79761611063022
12,Florida,FL,2024,index_eq_negative_work,Negative Work Indicators Index (Equity),scorecard_index,WE,equity,scorecard,3,1,43.54614387755213
13,Georgia,GA,2024,index_eq_negative_work,Negative Work Indicators Index (Equity),scorecard_index,WE,equity,scorecard,3,1,40.77347742476689
15,Hawaii,HI,2024,index_eq_negative_work,Negative Work Indicators Index (Equity),scorecard_index,WE,equity,scorecard,3,1,33.116018005252066
16,Idaho,ID,2024,index_eq_negative_work,Negative Work Indicators Index (Equity),scorecard_index,WE,equity,scorecard,3,1,18.671443353590064
17,Illinois,IL,2024,index_eq_negative_work,Negative Work Indicators Index (Equity),scorecard_index,WE,equity,scorecard,3,1,53.894840881419434
18,Indiana,IN,2024,index_eq_negative_work,Negative Work Indicators Index (Equity),scorecard_index,WE,equity,scorecard,3,1,55.294194070981085
19,Iowa,IA,2024,index_eq_negative_work,Negative Work Indicators Index (Equity),scorecard_index,WE,equity,scorecard,3,1,49.54270403667804
20,Kansas,KS,2024,index_eq_negative_work,Negative Work Indicators Index (Equity),scorecard_index,WE,equity,scorecard,3,1,47.41025701576567
21,Kentucky,KY,2024,index_eq_negative_work,Negative Work Indicators Index (Equity),scorecard_index,WE,equity,scorecard,3,1,67.92666968064226
22,Louisiana,LA,2024,index_eq_negative_work,Negative Work Indicators Index (Equity),scorecard_index,WE,equity,scorecard,3,1,43.33375784317156
23,Maine,ME,2024,index_eq_negative_work,Negative Work Indicators Index (Equity),scorecard_index,WE,equity,scorecard,3,1,87.15273770162143
24,Maryland,MD,2024,index_eq_negative_work,Negative Work Indicators Index (Equity),scorecard_index,WE,equity,scorecard,3,1,53.692781017013395
25,Massachusetts,MA,2024,index_eq_negative_work,Negative Work Indicators Index (Equity),scorecard_index,WE,equity,scorecard,3,1,79.77140648149764
26,Michigan,MI,2024,index_eq_negative_work,Negative Work Indicators Index (Equity),scorecard_index,WE,equity,scorecard,3,1,59.34587268719772
27,Minnesota,MN,2024,index_eq_negative_work,Negative Work Indicators Index (Equity),scorecard_index,WE,equity,scorecard,3,1,67.1116424769621
28,Mississippi,MS,2024,index_eq_negative_work,Negative Work Indicators Index (Equity),scorecard_index,WE,equity,scorecard,3,1,45.093218874835834
29,Missouri,MO,2024,index_eq_negative_work,Negative Work Indicators Index (Equity),scorecard_index,WE,equity,scorecard,3,1,66.09251264697599
30,Montana,MT,2024,index_eq_negative_work,Negative Work Indicators Index (Equity),scorecard_index,WE,equity,scorecard,3,1,30.991014100541125
31,Nebraska,NE,2024,index_eq_negative_work,Negative Work Indicators Index (Equity),scorecard_index,WE,equity,scorecard,3,1,47.14094438322346
32,Nevada,NV,2024,index_eq_negative_work,Negative Work Indicators Index (Equity),scorecard_index,WE,equity,scorecard,3,1,14.760109544828685
33,New Hampshire,NH,2024,index_eq_negative_work,Negative Work Indicators Index (Equity),scorecard_index,WE,equity,scorecard,3,1,56.18335600934302
34,New Jersey,NJ,2024,index_eq_negative_work,Negative Work Indicators Index (Equity),scorecard_index,WE,equity,scorecard,3,1,44.78267378298909
35,New Mexico,NM,2024,index_eq_negative_work,Negative Work Indicators Index (Equity),scorecard_index,WE,equity,scorecard,3,1,37.32641595750339
36,New York,NY,2024,index_eq_negative_work,Negative Work Indicators Index (Equity),scorecard_index,WE,equity,scorecard,3,1,73.6363989852563
37,North Carolina,NC,2024,index_eq_negative_work,Negative Work Indicators Index (Equity),scorecard_index,WE,equity,scorecard,3,1,50.878909518855345
38,North Dakota,ND,2024,index_eq_negative_work,Negative Work Indicators Index (Equity),scorecard_index,WE,equity,scorecard,3,1,54.22719196820981
39,Ohio,OH,2024,index_eq_negative_work,Negative Work Indicators Index (Equity),scorecard_index,WE,equity,scorecard,3,1,69.27741924004737
40,Oklahoma,OK,2024,index_eq_negative_work,Negative Work Indicators Index (Equity),scorecard_index,WE,equity,scorecard,3,1,31.412698545288503
41,Oregon,OR,2024,index_eq_negative_work,Negative Work Indicators Index (Equity),scorecard_index,WE,equity,scorecard,3,1,60.13992703034679
42,Pennsylvania,PA,2024,index_eq_negative_work,Negative Work Indicators Index (Equity),scorecard_index,WE,equity,scorecard,3,1,71.61118072042699
44,Rhode Island,RI,2024,index_eq_negative_work,Negative Work Indicators Index (Equity),scorecard_index,WE,equity,scorecard,3,1,61.20049627889253
45,South Carolina,SC,2024,index_eq_negative_work,Negative Work Indicators Index (Equity),scorecard_index,WE,equity,scorecard,3,1,42.23806470275307
46,South Dakota,SD,2024,index_eq_negative_work,Negative Work Indicators Index (Equity),scorecard_index,WE,equity,scorecard,3,1,37.918239575510405
47,Tennessee,TN,2024,index_eq_negative_work,Negative Work Indicators Index (Equity),scorecard_index,WE,equity,scorecard,3,1,57.878222706015414
48,Texas,TX,2024,index_eq_negative_work,Negative Work Indicators Index (Equity),scorecard_index,WE,equity,scorecard,3,1,23.848418419449683
49,Utah,UT,2024,index_eq_negative_work,Negative Work Indicators Index (Equity),scorecard_index,WE,equity,scorecard,3,1,23.497000503642692
50,Vermont,VT,2024,index_eq_negative_work,Negative Work Indicators Index (Equity),scorecard_index,WE,equity,scorecard,3,1,79.31525701429823
51,Virginia,VA,2024,index_eq_negative_work,Negative Work Indicators Index (Equity),scorecard_index,WE,equity,scorecard,3,1,42.92410075564161
53,Washington,WA,2024,index_eq_negative_work,Negative Work Indicators Index (Equity),scorecard_index,WE,equity,scorecard,3,1,49.10716170451612
54,West Virginia,WV,2024,index_eq_negative_work,Negative Work Indicators Index (Equity),scorecard_index,WE,equity,scorecard,3,1,57.476856479048216
55,Wisconsin,WI,2024,index_eq_negative_work,Negative Work Indicators Index (Equity),scorecard_index,WE,equity,scorecard,3,1,51.36267193417058
56,Wyoming,WY,2024,index_eq_negative_work,Negative Work Indicators Index (Equity),scorecard_index,WE,equity,scorecard,3,1,36.39944214020139
72,Puerto Rico,PR,2024,index_eq_negative_work,Negative Work Indicators Index (Equity),scorecard_index,WE,equity,scorecard,3,1,36.49970194580781
000,United States,USA,2024,index_eq_positive_work,Positive Work Indicators Index (Equity),scorecard_index,WE,equity,scorecard,3,0.3333333333333333,45.343668575553274
01,Alabama,AL,2024,index_eq_positive_work,Positive Work Indicators Index (Equity),scorecard_index,WE,equity,scorecard,3,1,57.779954414082304
02,Alaska,AK,2024,index_eq_positive_work,Positive Work Indicators Index (Equity),scorecard_index,WE,equity,scorecard,3,1,70.05978257443047
04,Arizona,AZ,2024,index_eq_positive_work,Positive Work Indicators Index (Equity),scorecard_index,WE,equity,scorecard,3,1,80.81788238723901
05,Arkansas,AR,2024,index_eq_positive_work,Positive Work Indicators Index (Equity),scorecard_index,WE,equity,scorecard,3,1,49.69105635966012
06,California,CA,2024,index_eq_positive_work,Positive Work Indicators Index (Equity),scorecard_index,WE,equity,scorecard,3,1,66.14553934710474
08,Colorado,CO,2024,index_eq_positive_work,Positive Work Indicators Index (Equity),scorecard_index,WE,equity,scorecard,3,1,50.08573207660669
09,Connecticut,CT,2024,index_eq_positive_work,Positive Work Indicators Index (Equity),scorecard_index,WE,equity,scorecard,3,1,14.056142970685286
10,Delaware,DE,2024,index_eq_positive_work,Positive Work Indicators Index (Equity),scorecard_index,WE,equity,scorecard,3,1,53.29138416137664
11,District of Columbia,DC,2024,index_eq_positive_work,Positive Work Indicators Index (Equity),scorecard_index,WE,equity,scorecard,3,1,12.680884488330472
12,Florida,FL,2024,index_eq_positive_work,Positive Work Indicators Index (Equity),scorecard_index,WE,equity,scorecard,3,1,72.7861944173887
13,Georgia,GA,2024,index_eq_positive_work,Positive Work Indicators Index (Equity),scorecard_index,WE,equity,scorecard,3,1,53.09089812970502
15,Hawaii,HI,2024,index_eq_positive_work,Positive Work Indicators Index (Equity),scorecard_index,WE,equity,scorecard,3,1,78.69991090483941
16,Idaho,ID,2024,index_eq_positive_work,Positive Work Indicators Index (Equity),scorecard_index,WE,equity,scorecard,3,1,89.20273678691854
17,Illinois,IL,2024,index_eq_positive_work,Positive Work Indicators Index (Equity),scorecard_index,WE,equity,scorecard,3,1,38.23307704706503
18,Indiana,IN,2024,index_eq_positive_work,Positive Work Indicators Index (Equity),scorecard_index,WE,equity,scorecard,3,1,49.26416920399394
19,Iowa,IA,2024,index_eq_positive_work,Positive Work Indicators Index (Equity),scorecard_index,WE,equity,scorecard,3,1,46.97183027857621
20,Kansas,KS,2024,index_eq_positive_work,Positive Work Indicators Index (Equity),scorecard_index,WE,equity,scorecard,3,1,52.279330816120684
21,Kentucky,KY,2024,index_eq_positive_work,Positive Work Indicators Index (Equity),scorecard_index,WE,equity,scorecard,3,1,38.63561351527637
22,Louisiana,LA,2024,index_eq_positive_work,Positive Work Indicators Index (Equity),scorecard_index,WE,equity,scorecard,3,1,54.03258511365316
23,Maine,ME,2024,index_eq_positive_work,Positive Work Indicators Index (Equity),scorecard_index,WE,equity,scorecard,3,1,37.9016776885799
24,Maryland,MD,2024,index_eq_positive_work,Positive Work Indicators Index (Equity),scorecard_index,WE,equity,scorecard,3,1,35.28906082718431
25,Massachusetts,MA,2024,index_eq_positive_work,Positive Work Indicators Index (Equity),scorecard_index,WE,equity,scorecard,3,1,7.866759684023568
26,Michigan,MI,2024,index_eq_positive_work,Positive Work Indicators Index (Equity),scorecard_index,WE,equity,scorecard,3,1,36.28158964679486
27,Minnesota,MN,2024,index_eq_positive_work,Positive Work Indicators Index (Equity),scorecard_index,WE,equity,scorecard,3,1,34.50812642760337
28,Mississippi,MS,2024,index_eq_positive_work,Positive Work Indicators Index (Equity),scorecard_index,WE,equity,scorecard,3,1,61.19459377224508
29,Missouri,MO,2024,index_eq_positive_work,Positive Work Indicators Index (Equity),scorecard_index,WE,equity,scorecard,3,1,42.38639830723573
30,Montana,MT,2024,index_eq_positive_work,Positive Work Indicators Index (Equity),scorecard_index,WE,equity,scorecard,3,1,76.36352937016173
31,Nebraska,NE,2024,index_eq_positive_work,Positive Work Indicators Index (Equity),scorecard_index,WE,equity,scorecard,3,1,61.10989936055085
32,Nevada,NV,2024,index_eq_positive_work,Positive Work Indicators Index (Equity),scorecard_index,WE,equity,scorecard,3,1,94.69292510944054
33,New Hampshire,NH,2024,index_eq_positive_work,Positive Work Indicators Index (Equity),scorecard_index,WE,equity,scorecard,3,1,32.257567420544625
34,New Jersey,NJ,2024,index_eq_positive_work,Positive Work Indicators Index (Equity),scorecard_index,WE,equity,scorecard,3,1,28.56824763636091
35,New Mexico,NM,2024,index_eq_positive_work,Positive Work Indicators Index (Equity),scorecard_index,WE,equity,scorecard,3,1,70.49567972025872
36,New York,NY,2024,index_eq_positive_work,Positive Work Indicators Index (Equity),scorecard_index,WE,equity,scorecard,3,1,32.16041174482612
37,North Carolina,NC,2024,index_eq_positive_work,Positive Work Indicators Index (Equity),scorecard_index,WE,equity,scorecard,3,1,52.393538521824524
38,North Dakota,ND,2024,index_eq_positive_work,Positive Work Indicators Index (Equity),scorecard_index,WE,equity,scorecard,3,1,52.09051823620293
39,Ohio,OH,2024,index_eq_positive_work,Positive Work Indicators Index (Equity),scorecard_index,WE,equity,scorecard,3,1,24.962160062987426
40,Oklahoma,OK,2024,index_eq_positive_work,Positive Work Indicators Index (Equity),scorecard_index,WE,equity,scorecard,3,1,81.09807068987888
41,Oregon,OR,2024,index_eq_positive_work,Positive Work Indicators Index (Equity),scorecard_index,WE,equity,scorecard,3,1,50.43294394854118
42,Pennsylvania,PA,2024,index_eq_positive_work,Positive Work Indicators Index (Equity),scorecard_index,WE,equity,scorecard,3,1,24.856402028680137
44,Rhode Island,RI,2024,index_eq_positive_work,Positive Work Indicators Index (Equity),scorecard_index,WE,equity,scorecard,3,1,29.803698540937802
45,South Carolina,SC,2024,index_eq_positive_work,Positive Work Indicators Index (Equity),scorecard_index,WE,equity,scorecard,3,1,61.256317850933335
46,South Dakota,SD,2024,index_eq_positive_work,Positive Work Indicators Index (Equity),scorecard_index,WE,equity,scorecard,3,1,58.51967286505419
47,Tennessee,TN,2024,index_eq_positive_work,Positive Work Indicators Index (Equity),scorecard_index,WE,equity,scorecard,3,1,44.162105417896946
48,Texas,TX,2024,index_eq_positive_work,Positive Work Indicators Index (Equity),scorecard_index,WE,equity,scorecard,3,1,75.89517198431243
49,Utah,UT,2024,index_eq_positive_work,Positive Work Indicators Index (Equity),scorecard_index,WE,equity,scorecard,3,1,77.27126817720199
50,Vermont,VT,2024,index_eq_positive_work,Positive Work Indicators Index (Equity),scorecard_index,WE,equity,scorecard,3,1,27.276156393387833
51,Virginia,VA,2024,index_eq_positive_work,Positive Work Indicators Index (Equity),scorecard_index,WE,equity,scorecard,3,1,32.6756280348825
53,Washington,WA,2024,index_eq_positive_work,Positive Work Indicators Index (Equity),scorecard_index,WE,equity,scorecard,3,1,41.69544424990284
54,West Virginia,WV,2024,index_eq_positive_work,Positive Work Indicators Index (Equity),scorecard_index,WE,equity,scorecard,3,1,47.42517692892513
55,Wisconsin,WI,2024,index_eq_positive_work,Positive Work Indicators Index (Equity),scorecard_index,WE,equity,scorecard,3,1,44.516065643753514
56,Wyoming,WY,2024,index_eq_positive_work,Positive Work Indicators Index (Equity),scorecard_index,WE,equity,scorecard,3,1,64.81499991365696
72,Puerto Rico,PR,2024,index_eq_positive_work,Positive Work Indicators Index (Equity),scorecard_index,WE,equity,scorecard,3,0.3333333333333333,71.24088200563233
000,United States,USA,2024,index_eq_adaparc,ADA-PARC Index (Equity),category_index,NA,equity,category,3,1,51.48177902530622
01,Alabama,AL,2024,index_eq_adaparc,ADA-PARC Index (Equity),category_index,NA,equity,category,3,1,56.76870473004172
02,Alaska,AK,2024,index_eq_adaparc,ADA-PARC Index (Equity),category_index,NA,equity,category,3,1,50.49651125316325
04,Arizona,AZ,2024,index_eq_adaparc,ADA-PARC Index (Equity),category_index,NA,equity,category,3,1,47.88943319882075
05,Arkansas,AR,2024,index_eq_adaparc,ADA-PARC Index (Equity),category_index,NA,equity,category,3,1,53.952191565906524
06,California,CA,2024,index_eq_adaparc,ADA-PARC Index (Equity),category_index,NA,equity,category,3,1,49.11363297827657
08,Colorado,CO,2024,index_eq_adaparc,ADA-PARC Index (Equity),category_index,NA,equity,category,3,1,46.36419224534521
09,Connecticut,CT,2024,index_eq_adaparc,ADA-PARC Index (Equity),category_index,NA,equity,category,3,1,41.13602291984915
10,Delaware,DE,2024,index_eq_adaparc,ADA-PARC Index (Equity),category_index,NA,equity,category,3,1,47.486449792219986
11,District of Columbia,DC,2024,index_eq_adaparc,ADA-PARC Index (Equity),category_index,NA,equity,category,3,1,51.64687551179031
12,Florida,FL,2024,index_eq_adaparc,ADA-PARC Index (Equity),category_index,NA,equity,category,3,1,49.33816572083267
13,Georgia,GA,2024,index_eq_adaparc,ADA-PARC Index (Equity),category_index,NA,equity,category,3,1,51.82038819441194
15,Hawaii,HI,2024,index_eq_adaparc,ADA-PARC Index (Equity),category_index,NA,equity,category,3,1,47.179004633620245
16,Idaho,ID,2024,index_eq_adaparc,ADA-PARC Index (Equity),category_index,NA,equity,category,3,1,53.97893270851259
17,Illinois,IL,2024,index_eq_adaparc,ADA-PARC Index (Equity),category_index,NA,equity,category,3,1,46.391065066628215
18,Indiana,IN,2024,index_eq_adaparc,ADA-PARC Index (Equity),category_index,NA,equity,category,3,1,54.34507295143677
19,Iowa,IA,2024,index_eq_adaparc,ADA-PARC Index (Equity),category_index,NA,equity,category,3,1,46.74302654820659
20,Kansas,KS,2024,index_eq_adaparc,ADA-PARC Index (Equity),category_index,NA,equity,category,3,1,54.19968796347185
21,Kentucky,KY,2024,index_eq_adaparc,ADA-PARC Index (Equity),category_index,NA,equity,category,3,1,53.854584458090564
22,Louisiana,LA,2024,index_eq_adaparc,ADA-PARC Index (Equity),category_index,NA,equity,category,3,1,48.57984942874365
23,Maine,ME,2024,index_eq_adaparc,ADA-PARC Index (Equity),category_index,NA,equity,category,3,1,50.29489604112166
24,Maryland,MD,2024,index_eq_adaparc,ADA-PARC Index (Equity),category_index,NA,equity,category,3,1,50.274598722927486
25,Massachusetts,MA,2024,index_eq_adaparc,ADA-PARC Index (Equity),category_index,NA,equity,category,3,1,38.4839770252789
26,Michigan,MI,2024,index_eq_adaparc,ADA-PARC Index (Equity),category_index,NA,equity,category,3,1,53.51868735122855
27,Minnesota,MN,2024,index_eq_adaparc,ADA-PARC Index (Equity),category_index,NA,equity,category,3,1,47.29058640310854
28,Mississippi,MS,2024,index_eq_adaparc,ADA-PARC Index (Equity),category_index,NA,equity,category,3,1,52.199734783252275
29,Missouri,MO,2024,index_eq_adaparc,ADA-PARC Index (Equity),category_index,NA,equity,category,3,1,55.28689164811045
30,Montana,MT,2024,index_eq_adaparc,ADA-PARC Index (Equity),category_index,NA,equity,category,3,1,51.03597562261763
31,Nebraska,NE,2024,index_eq_adaparc,ADA-PARC Index (Equity),category_index,NA,equity,category,3,1,50.857568155445854
32,Nevada,NV,2024,index_eq_adaparc,ADA-PARC Index (Equity),category_index,NA,equity,category,3,1,47.944232035469575
33,New Hampshire,NH,2024,index_eq_adaparc,ADA-PARC Index (Equity),category_index,NA,equity,category,3,1,43.84569356060425
34,New Jersey,NJ,2024,index_eq_adaparc,ADA-PARC Index (Equity),category_index,NA,equity,category,3,1,40.14658940061354
35,New Mexico,NM,2024,index_eq_adaparc,ADA-PARC Index (Equity),category_index,NA,equity,category,3,1,54.08018625423898
36,New York,NY,2024,index_eq_adaparc,ADA-PARC Index (Equity),category_index,NA,equity,category,3,1,43.07873459644597
37,North Carolina,NC,2024,index_eq_adaparc,ADA-PARC Index (Equity),category_index,NA,equity,category,3,1,49.8731013218791
38,North Dakota,ND,2024,index_eq_adaparc,ADA-PARC Index (Equity),category_index,NA,equity,category,3,1,49.28737721736226
39,Ohio,OH,2024,index_eq_adaparc,ADA-PARC Index (Equity),category_index,NA,equity,category,3,1,54.48303197379024
40,Oklahoma,OK,2024,index_eq_adaparc,ADA-PARC Index (Equity),category_index,NA,equity,category,3,1,59.180777648274955
41,Oregon,OR,2024,index_eq_adaparc,ADA-PARC Index (Equity),category_index,NA,equity,category,3,1,50.35808062174445
42,Pennsylvania,PA,2024,index_eq_adaparc,ADA-PARC Index (Equity),category_index,NA,equity,category,3,1,50.7698430157611
44,Rhode Island,RI,2024,index_eq_adaparc,ADA-PARC Index (Equity),category_index,NA,equity,category,3,1,47.39710089047846
45,South Carolina,SC,2024,index_eq_adaparc,ADA-PARC Index (Equity),category_index,NA,equity,category,3,1,47.976150909732866
46,South Dakota,SD,2024,index_eq_adaparc,ADA-PARC Index (Equity),category_index,NA,equity,category,3,1,55.66957857787471
47,Tennessee,TN,2024,index_eq_adaparc,ADA-PARC Index (Equity),category_index,NA,equity,category,3,1,52.481399816422204
48,Texas,TX,2024,index_eq_adaparc,ADA-PARC Index (Equity),category_index,NA,equity,category,3,1,49.89864739755939
49,Utah,UT,2024,index_eq_adaparc,ADA-PARC Index (Equity),category_index,NA,equity,category,3,1,55.50706275925295
50,Vermont,VT,2024,index_eq_adaparc,ADA-PARC Index (Equity),category_index,NA,equity,category,3,1,42.66127228290897
51,Virginia,VA,2024,index_eq_adaparc,ADA-PARC Index (Equity),category_index,NA,equity,category,3,1,44.104888744441695
53,Washington,WA,2024,index_eq_adaparc,ADA-PARC Index (Equity),category_index,NA,equity,category,3,1,48.96034619668353
54,West Virginia,WV,2024,index_eq_adaparc,ADA-PARC Index (Equity),category_index,NA,equity,category,3,1,50.44698028573373
55,Wisconsin,WI,2024,index_eq_adaparc,ADA-PARC Index (Equity),category_index,NA,equity,category,3,1,48.87786901868892
56,Wyoming,WY,2024,index_eq_adaparc,ADA-PARC Index (Equity),category_index,NA,equity,category,3,1,48.18823833576662
72,Puerto Rico,PR,2024,index_eq_adaparc,ADA-PARC Index (Equity),category_index,NA,equity,category,3,0.6666666666666666,NA
000,United States,USA,2024,index_rel_community_living,Community Living Index (Relative),category_index,CL,relative,category,3,0.3333333333333333,NA
01,Alabama,AL,2024,index_rel_community_living,Community Living Index (Relative),category_index,CL,relative,category,3,1,27.945516223656682
02,Alaska,AK,2024,index_rel_community_living,Community Living Index (Relative),category_index,CL,relative,category,3,1,58.68273533245895
04,Arizona,AZ,2024,index_rel_community_living,Community Living Index (Relative),category_index,CL,relative,category,3,1,37.11088522182152
05,Arkansas,AR,2024,index_rel_community_living,Community Living Index (Relative),category_index,CL,relative,category,3,1,43.30961144812422
06,California,CA,2024,index_rel_community_living,Community Living Index (Relative),category_index,CL,relative,category,3,1,57.967425716193276
08,Colorado,CO,2024,index_rel_community_living,Community Living Index (Relative),category_index,CL,relative,category,3,1,70.65703634421358
09,Connecticut,CT,2024,index_rel_community_living,Community Living Index (Relative),category_index,CL,relative,category,3,1,49.192755896726204
10,Delaware,DE,2024,index_rel_community_living,Community Living Index (Relative),category_index,CL,relative,category,3,1,61.488624465453334
11,District of Columbia,DC,2024,index_rel_community_living,Community Living Index (Relative),category_index,CL,relative,category,3,1,32.58368741181942
12,Florida,FL,2024,index_rel_community_living,Community Living Index (Relative),category_index,CL,relative,category,3,1,40.33305642957141
13,Georgia,GA,2024,index_rel_community_living,Community Living Index (Relative),category_index,CL,relative,category,3,1,33.201814176941006
15,Hawaii,HI,2024,index_rel_community_living,Community Living Index (Relative),category_index,CL,relative,category,3,1,51.69484087775073
16,Idaho,ID,2024,index_rel_community_living,Community Living Index (Relative),category_index,CL,relative,category,3,1,73.34844966004265
17,Illinois,IL,2024,index_rel_community_living,Community Living Index (Relative),category_index,CL,relative,category,3,1,34.826302986338625
18,Indiana,IN,2024,index_rel_community_living,Community Living Index (Relative),category_index,CL,relative,category,3,1,51.05514322762421
19,Iowa,IA,2024,index_rel_community_living,Community Living Index (Relative),category_index,CL,relative,category,3,1,44.07568148672078
20,Kansas,KS,2024,index_rel_community_living,Community Living Index (Relative),category_index,CL,relative,category,3,1,24.790693637199496
21,Kentucky,KY,2024,index_rel_community_living,Community Living Index (Relative),category_index,CL,relative,category,3,1,43.381394786792605
22,Louisiana,LA,2024,index_rel_community_living,Community Living Index (Relative),category_index,CL,relative,category,3,1,28.957793985572483
23,Maine,ME,2024,index_rel_community_living,Community Living Index (Relative),category_index,CL,relative,category,3,1,65.94351008627154
24,Maryland,MD,2024,index_rel_community_living,Community Living Index (Relative),category_index,CL,relative,category,3,1,53.862244269287764
25,Massachusetts,MA,2024,index_rel_community_living,Community Living Index (Relative),category_index,CL,relative,category,3,1,56.103476728376556
26,Michigan,MI,2024,index_rel_community_living,Community Living Index (Relative),category_index,CL,relative,category,3,1,46.075193568383696
27,Minnesota,MN,2024,index_rel_community_living,Community Living Index (Relative),category_index,CL,relative,category,3,1,64.28821161708292
28,Mississippi,MS,2024,index_rel_community_living,Community Living Index (Relative),category_index,CL,relative,category,3,1,28.53237870172949
29,Missouri,MO,2024,index_rel_community_living,Community Living Index (Relative),category_index,CL,relative,category,3,1,51.66349810944214
30,Montana,MT,2024,index_rel_community_living,Community Living Index (Relative),category_index,CL,relative,category,3,1,50.709854174117055
31,Nebraska,NE,2024,index_rel_community_living,Community Living Index (Relative),category_index,CL,relative,category,3,1,50.43962180786526
32,Nevada,NV,2024,index_rel_community_living,Community Living Index (Relative),category_index,CL,relative,category,3,1,54.12945428838824
33,New Hampshire,NH,2024,index_rel_community_living,Community Living Index (Relative),category_index,CL,relative,category,3,1,66.90225132877688
34,New Jersey,NJ,2024,index_rel_community_living,Community Living Index (Relative),category_index,CL,relative,category,3,1,54.381252698478384
35,New Mexico,NM,2024,index_rel_community_living,Community Living Index (Relative),category_index,CL,relative,category,3,1,66.27023040052119
36,New York,NY,2024,index_rel_community_living,Community Living Index (Relative),category_index,CL,relative,category,3,1,45.311407779984584
37,North Carolina,NC,2024,index_rel_community_living,Community Living Index (Relative),category_index,CL,relative,category,3,1,33.79386967900556
38,North Dakota,ND,2024,index_rel_community_living,Community Living Index (Relative),category_index,CL,relative,category,3,1,44.59187701228273
39,Ohio,OH,2024,index_rel_community_living,Community Living Index (Relative),category_index,CL,relative,category,3,1,43.61281298220357
40,Oklahoma,OK,2024,index_rel_community_living,Community Living Index (Relative),category_index,CL,relative,category,3,1,44.24238361799282
41,Oregon,OR,2024,index_rel_community_living,Community Living Index (Relative),category_index,CL,relative,category,3,1,75.81049446300062
42,Pennsylvania,PA,2024,index_rel_community_living,Community Living Index (Relative),category_index,CL,relative,category,3,1,51.90944181368354
44,Rhode Island,RI,2024,index_rel_community_living,Community Living Index (Relative),category_index,CL,relative,category,3,1,44.961120266023414
45,South Carolina,SC,2024,index_rel_community_living,Community Living Index (Relative),category_index,CL,relative,category,3,1,37.523288603869034
46,South Dakota,SD,2024,index_rel_community_living,Community Living Index (Relative),category_index,CL,relative,category,3,1,42.00409043763256
47,Tennessee,TN,2024,index_rel_community_living,Community Living Index (Relative),category_index,CL,relative,category,3,1,44.14639295998941
48,Texas,TX,2024,index_rel_community_living,Community Living Index (Relative),category_index,CL,relative,category,3,1,38.69548575754798
49,Utah,UT,2024,index_rel_community_living,Community Living Index (Relative),category_index,CL,relative,category,3,1,61.77073533206883
50,Vermont,VT,2024,index_rel_community_living,Community Living Index (Relative),category_index,CL,relative,category,3,1,69.7251362549407
51,Virginia,VA,2024,index_rel_community_living,Community Living Index (Relative),category_index,CL,relative,category,3,1,55.087071668549264
53,Washington,WA,2024,index_rel_community_living,Community Living Index (Relative),category_index,CL,relative,category,3,1,79.16848220294408
54,West Virginia,WV,2024,index_rel_community_living,Community Living Index (Relative),category_index,CL,relative,category,3,1,43.92968750156715
55,Wisconsin,WI,2024,index_rel_community_living,Community Living Index (Relative),category_index,CL,relative,category,3,1,55.772834085538086
56,Wyoming,WY,2024,index_rel_community_living,Community Living Index (Relative),category_index,CL,relative,category,3,1,66.36991831611809
72,Puerto Rico,PR,2024,index_rel_community_living,Community Living Index (Relative),category_index,CL,relative,category,3,0,NA
000,United States,USA,2024,index_rel_community_resource,Community Resource Index (Relative),scorecard_index,CL,relative,scorecard,2,0,NA
01,Alabama,AL,2024,index_rel_community_resource,Community Resource Index (Relative),scorecard_index,CL,relative,scorecard,2,1,15.838411675992708
02,Alaska,AK,2024,index_rel_community_resource,Community Resource Index (Relative),scorecard_index,CL,relative,scorecard,2,1,78.8098447544971
04,Arizona,AZ,2024,index_rel_community_resource,Community Resource Index (Relative),scorecard_index,CL,relative,scorecard,2,1,4.581583309903341
05,Arkansas,AR,2024,index_rel_community_resource,Community Resource Index (Relative),scorecard_index,CL,relative,scorecard,2,1,15.471604390127391
06,California,CA,2024,index_rel_community_resource,Community Resource Index (Relative),scorecard_index,CL,relative,scorecard,2,1,95.34030496675415
08,Colorado,CO,2024,index_rel_community_resource,Community Resource Index (Relative),scorecard_index,CL,relative,scorecard,2,1,86.77115422931975
09,Connecticut,CT,2024,index_rel_community_resource,Community Resource Index (Relative),scorecard_index,CL,relative,scorecard,2,1,70.62025112689614
10,Delaware,DE,2024,index_rel_community_resource,Community Resource Index (Relative),scorecard_index,CL,relative,scorecard,2,1,68.21501401747297
11,District of Columbia,DC,2024,index_rel_community_resource,Community Resource Index (Relative),scorecard_index,CL,relative,scorecard,2,1,70.240250007593
12,Florida,FL,2024,index_rel_community_resource,Community Resource Index (Relative),scorecard_index,CL,relative,scorecard,2,1,39.07105691969501
13,Georgia,GA,2024,index_rel_community_resource,Community Resource Index (Relative),scorecard_index,CL,relative,scorecard,2,1,30.155852503623613
15,Hawaii,HI,2024,index_rel_community_resource,Community Resource Index (Relative),scorecard_index,CL,relative,scorecard,2,1,61.24778166562256
16,Idaho,ID,2024,index_rel_community_resource,Community Resource Index (Relative),scorecard_index,CL,relative,scorecard,2,1,60.561944725402476
17,Illinois,IL,2024,index_rel_community_resource,Community Resource Index (Relative),scorecard_index,CL,relative,scorecard,2,1,42.885751564739685
18,Indiana,IN,2024,index_rel_community_resource,Community Resource Index (Relative),scorecard_index,CL,relative,scorecard,2,1,58.33289192550414
19,Iowa,IA,2024,index_rel_community_resource,Community Resource Index (Relative),scorecard_index,CL,relative,scorecard,2,1,26.943193965066946
20,Kansas,KS,2024,index_rel_community_resource,Community Resource Index (Relative),scorecard_index,CL,relative,scorecard,2,1,4.4209746835806785
21,Kentucky,KY,2024,index_rel_community_resource,Community Resource Index (Relative),scorecard_index,CL,relative,scorecard,2,1,28.575318991841165
22,Louisiana,LA,2024,index_rel_community_resource,Community Resource Index (Relative),scorecard_index,CL,relative,scorecard,2,1,14.584614937690503
23,Maine,ME,2024,index_rel_community_resource,Community Resource Index (Relative),scorecard_index,CL,relative,scorecard,2,1,62.73788943491542
24,Maryland,MD,2024,index_rel_community_resource,Community Resource Index (Relative),scorecard_index,CL,relative,scorecard,2,1,77.09961339331431
25,Massachusetts,MA,2024,index_rel_community_resource,Community Resource Index (Relative),scorecard_index,CL,relative,scorecard,2,1,54.49881273288583
26,Michigan,MI,2024,index_rel_community_resource,Community Resource Index (Relative),scorecard_index,CL,relative,scorecard,2,1,15.474467393541296
27,Minnesota,MN,2024,index_rel_community_resource,Community Resource Index (Relative),scorecard_index,CL,relative,scorecard,2,1,93.1116740936063
28,Mississippi,MS,2024,index_rel_community_resource,Community Resource Index (Relative),scorecard_index,CL,relative,scorecard,2,1,15.227064245767831
29,Missouri,MO,2024,index_rel_community_resource,Community Resource Index (Relative),scorecard_index,CL,relative,scorecard,2,1,66.0367381250087
30,Montana,MT,2024,index_rel_community_resource,Community Resource Index (Relative),scorecard_index,CL,relative,scorecard,2,1,55.650684798385555
31,Nebraska,NE,2024,index_rel_community_resource,Community Resource Index (Relative),scorecard_index,CL,relative,scorecard,2,1,59.00717196020445
32,Nevada,NV,2024,index_rel_community_resource,Community Resource Index (Relative),scorecard_index,CL,relative,scorecard,2,1,30.87272991827343
33,New Hampshire,NH,2024,index_rel_community_resource,Community Resource Index (Relative),scorecard_index,CL,relative,scorecard,2,1,53.64757487908246
34,New Jersey,NJ,2024,index_rel_community_resource,Community Resource Index (Relative),scorecard_index,CL,relative,scorecard,2,1,71.56853139666057
35,New Mexico,NM,2024,index_rel_community_resource,Community Resource Index (Relative),scorecard_index,CL,relative,scorecard,2,1,65.95244342523637
36,New York,NY,2024,index_rel_community_resource,Community Resource Index (Relative),scorecard_index,CL,relative,scorecard,2,1,58.82585943440306
37,North Carolina,NC,2024,index_rel_community_resource,Community Resource Index (Relative),scorecard_index,CL,relative,scorecard,2,1,11.585938206046256
38,North Dakota,ND,2024,index_rel_community_resource,Community Resource Index (Relative),scorecard_index,CL,relative,scorecard,2,1,47.384589261635334
39,Ohio,OH,2024,index_rel_community_resource,Community Resource Index (Relative),scorecard_index,CL,relative,scorecard,2,1,50.04800054670882
40,Oklahoma,OK,2024,index_rel_community_resource,Community Resource Index (Relative),scorecard_index,CL,relative,scorecard,2,1,22.436150980172236
41,Oregon,OR,2024,index_rel_community_resource,Community Resource Index (Relative),scorecard_index,CL,relative,scorecard,2,1,91.75216625549146
42,Pennsylvania,PA,2024,index_rel_community_resource,Community Resource Index (Relative),scorecard_index,CL,relative,scorecard,2,1,54.9913240846125
44,Rhode Island,RI,2024,index_rel_community_resource,Community Resource Index (Relative),scorecard_index,CL,relative,scorecard,2,1,52.81178352369176
45,South Carolina,SC,2024,index_rel_community_resource,Community Resource Index (Relative),scorecard_index,CL,relative,scorecard,2,1,28.493570785948474
46,South Dakota,SD,2024,index_rel_community_resource,Community Resource Index (Relative),scorecard_index,CL,relative,scorecard,2,1,43.32453091914157
47,Tennessee,TN,2024,index_rel_community_resource,Community Resource Index (Relative),scorecard_index,CL,relative,scorecard,2,1,46.56407905352257
48,Texas,TX,2024,index_rel_community_resource,Community Resource Index (Relative),scorecard_index,CL,relative,scorecard,2,1,35.185364744204165
49,Utah,UT,2024,index_rel_community_resource,Community Resource Index (Relative),scorecard_index,CL,relative,scorecard,2,1,41.42414252805578
50,Vermont,VT,2024,index_rel_community_resource,Community Resource Index (Relative),scorecard_index,CL,relative,scorecard,2,1,64.16735823422272
51,Virginia,VA,2024,index_rel_community_resource,Community Resource Index (Relative),scorecard_index,CL,relative,scorecard,2,1,81.92386438589818
53,Washington,WA,2024,index_rel_community_resource,Community Resource Index (Relative),scorecard_index,CL,relative,scorecard,2,1,87.6523163159203
54,West Virginia,WV,2024,index_rel_community_resource,Community Resource Index (Relative),scorecard_index,CL,relative,scorecard,2,1,24.509548526890534
55,Wisconsin,WI,2024,index_rel_community_resource,Community Resource Index (Relative),scorecard_index,CL,relative,scorecard,2,1,41.52903490242194
56,Wyoming,WY,2024,index_rel_community_resource,Community Resource Index (Relative),scorecard_index,CL,relative,scorecard,2,1,47.84652599195306
72,Puerto Rico,PR,2024,index_rel_community_resource,Community Resource Index (Relative),scorecard_index,CL,relative,scorecard,2,0,NA
000,United States,USA,2024,index_rel_housing_access,Housing Access Index (Relative),scorecard_index,CL,relative,scorecard,2,0,NA
01,Alabama,AL,2024,index_rel_housing_access,Housing Access Index (Relative),scorecard_index,CL,relative,scorecard,2,1,8.650807216878558
02,Alaska,AK,2024,index_rel_housing_access,Housing Access Index (Relative),scorecard_index,CL,relative,scorecard,2,1,41.5726559595109
04,Arizona,AZ,2024,index_rel_housing_access,Housing Access Index (Relative),scorecard_index,CL,relative,scorecard,2,1,39.265943458568444
05,Arkansas,AR,2024,index_rel_housing_access,Housing Access Index (Relative),scorecard_index,CL,relative,scorecard,2,1,42.764607763430966
06,California,CA,2024,index_rel_housing_access,Housing Access Index (Relative),scorecard_index,CL,relative,scorecard,2,1,39.265943458568444
08,Colorado,CO,2024,index_rel_housing_access,Housing Access Index (Relative),scorecard_index,CL,relative,scorecard,2,1,77.70147283551017
09,Connecticut,CT,2024,index_rel_housing_access,Housing Access Index (Relative),scorecard_index,CL,relative,scorecard,2,1,41.48035776910177
10,Delaware,DE,2024,index_rel_housing_access,Housing Access Index (Relative),scorecard_index,CL,relative,scorecard,2,1,40.90667230499701
11,District of Columbia,DC,2024,index_rel_housing_access,Housing Access Index (Relative),scorecard_index,CL,relative,scorecard,2,1,10.21867433583095
12,Florida,FL,2024,index_rel_housing_access,Housing Access Index (Relative),scorecard_index,CL,relative,scorecard,2,1,28.16186635328208
13,Georgia,GA,2024,index_rel_housing_access,Housing Access Index (Relative),scorecard_index,CL,relative,scorecard,2,1,7.780840925704562
15,Hawaii,HI,2024,index_rel_housing_access,Housing Access Index (Relative),scorecard_index,CL,relative,scorecard,2,1,34.83323972282681
16,Idaho,ID,2024,index_rel_housing_access,Housing Access Index (Relative),scorecard_index,CL,relative,scorecard,2,1,97.93897125263726
17,Illinois,IL,2024,index_rel_housing_access,Housing Access Index (Relative),scorecard_index,CL,relative,scorecard,2,1,17.681831085996937
18,Indiana,IN,2024,index_rel_housing_access,Housing Access Index (Relative),scorecard_index,CL,relative,scorecard,2,1,42.528355825625795
19,Iowa,IA,2024,index_rel_housing_access,Housing Access Index (Relative),scorecard_index,CL,relative,scorecard,2,1,62.652030433698016
20,Kansas,KS,2024,index_rel_housing_access,Housing Access Index (Relative),scorecard_index,CL,relative,scorecard,2,1,45.614292842285
21,Kentucky,KY,2024,index_rel_housing_access,Housing Access Index (Relative),scorecard_index,CL,relative,scorecard,2,1,39.98721453793626
22,Louisiana,LA,2024,index_rel_housing_access,Housing Access Index (Relative),scorecard_index,CL,relative,scorecard,2,1,16.691478117295294
23,Maine,ME,2024,index_rel_housing_access,Housing Access Index (Relative),scorecard_index,CL,relative,scorecard,2,1,87.41873967052447
24,Maryland,MD,2024,index_rel_housing_access,Housing Access Index (Relative),scorecard_index,CL,relative,scorecard,2,1,40.13895195226317
25,Massachusetts,MA,2024,index_rel_housing_access,Housing Access Index (Relative),scorecard_index,CL,relative,scorecard,2,1,68.76267648274123
26,Michigan,MI,2024,index_rel_housing_access,Housing Access Index (Relative),scorecard_index,CL,relative,scorecard,2,1,66.16774362600943
27,Minnesota,MN,2024,index_rel_housing_access,Housing Access Index (Relative),scorecard_index,CL,relative,scorecard,2,1,60.98300335206784
28,Mississippi,MS,2024,index_rel_housing_access,Housing Access Index (Relative),scorecard_index,CL,relative,scorecard,2,1,8.332355112188058
29,Missouri,MO,2024,index_rel_housing_access,Housing Access Index (Relative),scorecard_index,CL,relative,scorecard,2,1,39.98127589240228
30,Montana,MT,2024,index_rel_housing_access,Housing Access Index (Relative),scorecard_index,CL,relative,scorecard,2,1,50.37433088936005
31,Nebraska,NE,2024,index_rel_housing_access,Housing Access Index (Relative),scorecard_index,CL,relative,scorecard,2,1,45.614292842285
32,Nevada,NV,2024,index_rel_housing_access,Housing Access Index (Relative),scorecard_index,CL,relative,scorecard,2,1,50.263558015320946
33,New Hampshire,NH,2024,index_rel_housing_access,Housing Access Index (Relative),scorecard_index,CL,relative,scorecard,2,1,96.23837830507472
34,New Jersey,NJ,2024,index_rel_housing_access,Housing Access Index (Relative),scorecard_index,CL,relative,scorecard,2,1,30.8104507156967
35,New Mexico,NM,2024,index_rel_housing_access,Housing Access Index (Relative),scorecard_index,CL,relative,scorecard,2,1,70.00149701779145
36,New York,NY,2024,index_rel_housing_access,Housing Access Index (Relative),scorecard_index,CL,relative,scorecard,2,1,39.98721453793626
37,North Carolina,NC,2024,index_rel_housing_access,Housing Access Index (Relative),scorecard_index,CL,relative,scorecard,2,1,24.553319641320158
38,North Dakota,ND,2024,index_rel_housing_access,Housing Access Index (Relative),scorecard_index,CL,relative,scorecard,2,1,54.46252645185401
39,Ohio,OH,2024,index_rel_housing_access,Housing Access Index (Relative),scorecard_index,CL,relative,scorecard,2,1,37.87322197023967
40,Oklahoma,OK,2024,index_rel_housing_access,Housing Access Index (Relative),scorecard_index,CL,relative,scorecard,2,1,65.21943485401503
41,Oregon,OR,2024,index_rel_housing_access,Housing Access Index (Relative),scorecard_index,CL,relative,scorecard,2,1,88.3036181870466
42,Pennsylvania,PA,2024,index_rel_housing_access,Housing Access Index (Relative),scorecard_index,CL,relative,scorecard,2,1,60.98300335206784
44,Rhode Island,RI,2024,index_rel_housing_access,Housing Access Index (Relative),scorecard_index,CL,relative,scorecard,2,1,54.90164589187606
45,South Carolina,SC,2024,index_rel_housing_access,Housing Access Index (Relative),scorecard_index,CL,relative,scorecard,2,1,8.77596667437857
46,South Dakota,SD,2024,index_rel_housing_access,Housing Access Index (Relative),scorecard_index,CL,relative,scorecard,2,1,67.31874187021727
47,Tennessee,TN,2024,index_rel_housing_access,Housing Access Index (Relative),scorecard_index,CL,relative,scorecard,2,1,18.945544825135386
48,Texas,TX,2024,index_rel_housing_access,Housing Access Index (Relative),scorecard_index,CL,relative,scorecard,2,1,26.092706276976084
49,Utah,UT,2024,index_rel_housing_access,Housing Access Index (Relative),scorecard_index,CL,relative,scorecard,2,1,83.494947546595
50,Vermont,VT,2024,index_rel_housing_access,Housing Access Index (Relative),scorecard_index,CL,relative,scorecard,2,1,97.68458806874533
51,Virginia,VA,2024,index_rel_housing_access,Housing Access Index (Relative),scorecard_index,CL,relative,scorecard,2,1,26.031421400445794
53,Washington,WA,2024,index_rel_housing_access,Housing Access Index (Relative),scorecard_index,CL,relative,scorecard,2,1,81.60993775551361
54,West Virginia,WV,2024,index_rel_housing_access,Housing Access Index (Relative),scorecard_index,CL,relative,scorecard,2,1,42.764607763430966
55,Wisconsin,WI,2024,index_rel_housing_access,Housing Access Index (Relative),scorecard_index,CL,relative,scorecard,2,1,69.96658221311452
56,Wyoming,WY,2024,index_rel_housing_access,Housing Access Index (Relative),scorecard_index,CL,relative,scorecard,2,1,71.40912706540809
72,Puerto Rico,PR,2024,index_rel_housing_access,Housing Access Index (Relative),scorecard_index,CL,relative,scorecard,2,0,NA
000,United States,USA,2024,index_rel_living_arrangements,Community Living Arrangements Index (Relative),scorecard_index,CL,relative,scorecard,4,1,49.21324580014109
01,Alabama,AL,2024,index_rel_living_arrangements,Community Living Arrangements Index (Relative),scorecard_index,CL,relative,scorecard,4,1,59.34732977809879
02,Alaska,AK,2024,index_rel_living_arrangements,Community Living Arrangements Index (Relative),scorecard_index,CL,relative,scorecard,4,1,55.66570528336885
04,Arizona,AZ,2024,index_rel_living_arrangements,Community Living Arrangements Index (Relative),scorecard_index,CL,relative,scorecard,4,1,67.48512889699278
05,Arkansas,AR,2024,index_rel_living_arrangements,Community Living Arrangements Index (Relative),scorecard_index,CL,relative,scorecard,4,1,71.69262219081432
06,California,CA,2024,index_rel_living_arrangements,Community Living Arrangements Index (Relative),scorecard_index,CL,relative,scorecard,4,1,39.296028723257244
08,Colorado,CO,2024,index_rel_living_arrangements,Community Living Arrangements Index (Relative),scorecard_index,CL,relative,scorecard,4,1,47.49848196781083
09,Connecticut,CT,2024,index_rel_living_arrangements,Community Living Arrangements Index (Relative),scorecard_index,CL,relative,scorecard,4,1,35.477658794180726
10,Delaware,DE,2024,index_rel_living_arrangements,Community Living Arrangements Index (Relative),scorecard_index,CL,relative,scorecard,4,1,75.34418707389003
11,District of Columbia,DC,2024,index_rel_living_arrangements,Community Living Arrangements Index (Relative),scorecard_index,CL,relative,scorecard,4,1,17.292137892034294
12,Florida,FL,2024,index_rel_living_arrangements,Community Living Arrangements Index (Relative),scorecard_index,CL,relative,scorecard,4,1,53.766246015737124
13,Georgia,GA,2024,index_rel_living_arrangements,Community Living Arrangements Index (Relative),scorecard_index,CL,relative,scorecard,4,1,61.66874910149484
15,Hawaii,HI,2024,index_rel_living_arrangements,Community Living Arrangements Index (Relative),scorecard_index,CL,relative,scorecard,4,1,59.00350124480282
16,Idaho,ID,2024,index_rel_living_arrangements,Community Living Arrangements Index (Relative),scorecard_index,CL,relative,scorecard,4,1,61.544433002088226
17,Illinois,IL,2024,index_rel_living_arrangements,Community Living Arrangements Index (Relative),scorecard_index,CL,relative,scorecard,4,1,43.91132630827925
18,Indiana,IN,2024,index_rel_living_arrangements,Community Living Arrangements Index (Relative),scorecard_index,CL,relative,scorecard,4,1,52.3041819317427
19,Iowa,IA,2024,index_rel_living_arrangements,Community Living Arrangements Index (Relative),scorecard_index,CL,relative,scorecard,4,1,42.63182006139736
20,Kansas,KS,2024,index_rel_living_arrangements,Community Living Arrangements Index (Relative),scorecard_index,CL,relative,scorecard,4,1,24.33681338573281
21,Kentucky,KY,2024,index_rel_living_arrangements,Community Living Arrangements Index (Relative),scorecard_index,CL,relative,scorecard,4,1,61.58165083060038
22,Louisiana,LA,2024,index_rel_living_arrangements,Community Living Arrangements Index (Relative),scorecard_index,CL,relative,scorecard,4,1,55.59728890173165
23,Maine,ME,2024,index_rel_living_arrangements,Community Living Arrangements Index (Relative),scorecard_index,CL,relative,scorecard,4,1,47.673901153374736
24,Maryland,MD,2024,index_rel_living_arrangements,Community Living Arrangements Index (Relative),scorecard_index,CL,relative,scorecard,4,1,44.3481674622858
25,Massachusetts,MA,2024,index_rel_living_arrangements,Community Living Arrangements Index (Relative),scorecard_index,CL,relative,scorecard,4,1,45.0489409695026
26,Michigan,MI,2024,index_rel_living_arrangements,Community Living Arrangements Index (Relative),scorecard_index,CL,relative,scorecard,4,1,56.58336968560036
27,Minnesota,MN,2024,index_rel_living_arrangements,Community Living Arrangements Index (Relative),scorecard_index,CL,relative,scorecard,4,1,38.7699574055746
28,Mississippi,MS,2024,index_rel_living_arrangements,Community Living Arrangements Index (Relative),scorecard_index,CL,relative,scorecard,4,1,62.03771674723258
29,Missouri,MO,2024,index_rel_living_arrangements,Community Living Arrangements Index (Relative),scorecard_index,CL,relative,scorecard,4,1,48.97248031091543
30,Montana,MT,2024,index_rel_living_arrangements,Community Living Arrangements Index (Relative),scorecard_index,CL,relative,scorecard,4,1,46.10454683460556
31,Nebraska,NE,2024,index_rel_living_arrangements,Community Living Arrangements Index (Relative),scorecard_index,CL,relative,scorecard,4,1,46.697400621106326
32,Nevada,NV,2024,index_rel_living_arrangements,Community Living Arrangements Index (Relative),scorecard_index,CL,relative,scorecard,4,1,81.25207493157035
33,New Hampshire,NH,2024,index_rel_living_arrangements,Community Living Arrangements Index (Relative),scorecard_index,CL,relative,scorecard,4,1,50.82080080217347
34,New Jersey,NJ,2024,index_rel_living_arrangements,Community Living Arrangements Index (Relative),scorecard_index,CL,relative,scorecard,4,1,60.764775983077854
35,New Mexico,NM,2024,index_rel_living_arrangements,Community Living Arrangements Index (Relative),scorecard_index,CL,relative,scorecard,4,1,62.85675075853575
36,New York,NY,2024,index_rel_living_arrangements,Community Living Arrangements Index (Relative),scorecard_index,CL,relative,scorecard,4,1,37.12114936761444
37,North Carolina,NC,2024,index_rel_living_arrangements,Community Living Arrangements Index (Relative),scorecard_index,CL,relative,scorecard,4,1,65.24235118965026
38,North Dakota,ND,2024,index_rel_living_arrangements,Community Living Arrangements Index (Relative),scorecard_index,CL,relative,scorecard,4,1,31.928515323358845
39,Ohio,OH,2024,index_rel_living_arrangements,Community Living Arrangements Index (Relative),scorecard_index,CL,relative,scorecard,4,1,42.917216429662226
40,Oklahoma,OK,2024,index_rel_living_arrangements,Community Living Arrangements Index (Relative),scorecard_index,CL,relative,scorecard,4,1,45.07156501979118
41,Oregon,OR,2024,index_rel_living_arrangements,Community Living Arrangements Index (Relative),scorecard_index,CL,relative,scorecard,4,1,47.37569894646383
42,Pennsylvania,PA,2024,index_rel_living_arrangements,Community Living Arrangements Index (Relative),scorecard_index,CL,relative,scorecard,4,1,39.7539980043703
44,Rhode Island,RI,2024,index_rel_living_arrangements,Community Living Arrangements Index (Relative),scorecard_index,CL,relative,scorecard,4,1,27.169931382502426
45,South Carolina,SC,2024,index_rel_living_arrangements,Community Living Arrangements Index (Relative),scorecard_index,CL,relative,scorecard,4,1,75.30032835128006
46,South Dakota,SD,2024,index_rel_living_arrangements,Community Living Arrangements Index (Relative),scorecard_index,CL,relative,scorecard,4,1,15.368998523538869
47,Tennessee,TN,2024,index_rel_living_arrangements,Community Living Arrangements Index (Relative),scorecard_index,CL,relative,scorecard,4,1,66.92955500131029
48,Texas,TX,2024,index_rel_living_arrangements,Community Living Arrangements Index (Relative),scorecard_index,CL,relative,scorecard,4,1,54.80838625146369
49,Utah,UT,2024,index_rel_living_arrangements,Community Living Arrangements Index (Relative),scorecard_index,CL,relative,scorecard,4,1,60.39311592155573
50,Vermont,VT,2024,index_rel_living_arrangements,Community Living Arrangements Index (Relative),scorecard_index,CL,relative,scorecard,4,1,47.32346246185403
51,Virginia,VA,2024,index_rel_living_arrangements,Community Living Arrangements Index (Relative),scorecard_index,CL,relative,scorecard,4,1,57.30592921930381
53,Washington,WA,2024,index_rel_living_arrangements,Community Living Arrangements Index (Relative),scorecard_index,CL,relative,scorecard,4,1,68.24319253739833
54,West Virginia,WV,2024,index_rel_living_arrangements,Community Living Arrangements Index (Relative),scorecard_index,CL,relative,scorecard,4,1,64.51490621437995
55,Wisconsin,WI,2024,index_rel_living_arrangements,Community Living Arrangements Index (Relative),scorecard_index,CL,relative,scorecard,4,1,55.822885141077805
56,Wyoming,WY,2024,index_rel_living_arrangements,Community Living Arrangements Index (Relative),scorecard_index,CL,relative,scorecard,4,1,79.85410189099312
72,Puerto Rico,PR,2024,index_rel_living_arrangements,Community Living Arrangements Index (Relative),scorecard_index,CL,relative,scorecard,4,0,NA
000,United States,USA,2024,index_rel_community_participation,Community Participation Index (Relative),category_index,CP,relative,category,5,0.8,49.91402081388815
01,Alabama,AL,2024,index_rel_community_participation,Community Participation Index (Relative),category_index,CP,relative,category,5,1,27.248606148185864
02,Alaska,AK,2024,index_rel_community_participation,Community Participation Index (Relative),category_index,CP,relative,category,5,1,58.608931177181674
04,Arizona,AZ,2024,index_rel_community_participation,Community Participation Index (Relative),category_index,CP,relative,category,5,1,57.1809869662877
05,Arkansas,AR,2024,index_rel_community_participation,Community Participation Index (Relative),category_index,CP,relative,category,5,1,26.24037975801678
06,California,CA,2024,index_rel_community_participation,Community Participation Index (Relative),category_index,CP,relative,category,5,1,59.90314280905615
08,Colorado,CO,2024,index_rel_community_participation,Community Participation Index (Relative),category_index,CP,relative,category,5,1,64.77494105702675
09,Connecticut,CT,2024,index_rel_community_participation,Community Participation Index (Relative),category_index,CP,relative,category,5,1,61.91168318826114
10,Delaware,DE,2024,index_rel_community_participation,Community Participation Index (Relative),category_index,CP,relative,category,5,1,59.15251544492736
11,District of Columbia,DC,2024,index_rel_community_participation,Community Participation Index (Relative),category_index,CP,relative,category,5,1,53.626570067079136
12,Florida,FL,2024,index_rel_community_participation,Community Participation Index (Relative),category_index,CP,relative,category,5,1,58.84835595632069
13,Georgia,GA,2024,index_rel_community_participation,Community Participation Index (Relative),category_index,CP,relative,category,5,1,45.65962716418191
15,Hawaii,HI,2024,index_rel_community_participation,Community Participation Index (Relative),category_index,CP,relative,category,5,1,77.98079431439035
16,Idaho,ID,2024,index_rel_community_participation,Community Participation Index (Relative),category_index,CP,relative,category,5,1,62.80543215214438
17,Illinois,IL,2024,index_rel_community_participation,Community Participation Index (Relative),category_index,CP,relative,category,5,1,51.91426228398327
18,Indiana,IN,2024,index_rel_community_participation,Community Participation Index (Relative),category_index,CP,relative,category,5,1,42.42285504280484
19,Iowa,IA,2024,index_rel_community_participation,Community Participation Index (Relative),category_index,CP,relative,category,5,1,52.777637428263986
20,Kansas,KS,2024,index_rel_community_participation,Community Participation Index (Relative),category_index,CP,relative,category,5,1,45.34561218502749
21,Kentucky,KY,2024,index_rel_community_participation,Community Participation Index (Relative),category_index,CP,relative,category,5,1,40.03932061450949
22,Louisiana,LA,2024,index_rel_community_participation,Community Participation Index (Relative),category_index,CP,relative,category,5,1,29.072087144491377
23,Maine,ME,2024,index_rel_community_participation,Community Participation Index (Relative),category_index,CP,relative,category,5,1,59.903707935138
24,Maryland,MD,2024,index_rel_community_participation,Community Participation Index (Relative),category_index,CP,relative,category,5,1,65.63337688958462
25,Massachusetts,MA,2024,index_rel_community_participation,Community Participation Index (Relative),category_index,CP,relative,category,5,1,69.33403989672597
26,Michigan,MI,2024,index_rel_community_participation,Community Participation Index (Relative),category_index,CP,relative,category,5,1,48.37446494419764
27,Minnesota,MN,2024,index_rel_community_participation,Community Participation Index (Relative),category_index,CP,relative,category,5,1,65.1089747576646
28,Mississippi,MS,2024,index_rel_community_participation,Community Participation Index (Relative),category_index,CP,relative,category,5,1,27.791246318905895
29,Missouri,MO,2024,index_rel_community_participation,Community Participation Index (Relative),category_index,CP,relative,category,5,1,36.43206478497473
30,Montana,MT,2024,index_rel_community_participation,Community Participation Index (Relative),category_index,CP,relative,category,5,1,51.7929743398121
31,Nebraska,NE,2024,index_rel_community_participation,Community Participation Index (Relative),category_index,CP,relative,category,5,1,48.97910058673537
32,Nevada,NV,2024,index_rel_community_participation,Community Participation Index (Relative),category_index,CP,relative,category,5,1,47.45139901473596
33,New Hampshire,NH,2024,index_rel_community_participation,Community Participation Index (Relative),category_index,CP,relative,category,5,1,69.15866121833331
34,New Jersey,NJ,2024,index_rel_community_participation,Community Participation Index (Relative),category_index,CP,relative,category,5,1,65.79320994257894
35,New Mexico,NM,2024,index_rel_community_participation,Community Participation Index (Relative),category_index,CP,relative,category,5,1,30.751744574193584
36,New York,NY,2024,index_rel_community_participation,Community Participation Index (Relative),category_index,CP,relative,category,5,1,52.109042699217376
37,North Carolina,NC,2024,index_rel_community_participation,Community Participation Index (Relative),category_index,CP,relative,category,5,1,38.06969746062735
38,North Dakota,ND,2024,index_rel_community_participation,Community Participation Index (Relative),category_index,CP,relative,category,5,1,39.373381036801604
39,Ohio,OH,2024,index_rel_community_participation,Community Participation Index (Relative),category_index,CP,relative,category,5,1,42.803501466187846
40,Oklahoma,OK,2024,index_rel_community_participation,Community Participation Index (Relative),category_index,CP,relative,category,5,1,31.61244213482226
41,Oregon,OR,2024,index_rel_community_participation,Community Participation Index (Relative),category_index,CP,relative,category,5,1,65.86143747783497
42,Pennsylvania,PA,2024,index_rel_community_participation,Community Participation Index (Relative),category_index,CP,relative,category,5,1,50.886457443490244
44,Rhode Island,RI,2024,index_rel_community_participation,Community Participation Index (Relative),category_index,CP,relative,category,5,1,56.730500331172166
45,South Carolina,SC,2024,index_rel_community_participation,Community Participation Index (Relative),category_index,CP,relative,category,5,1,30.262116038210046
46,South Dakota,SD,2024,index_rel_community_participation,Community Participation Index (Relative),category_index,CP,relative,category,5,1,40.52333601592444
47,Tennessee,TN,2024,index_rel_community_participation,Community Participation Index (Relative),category_index,CP,relative,category,5,1,24.712510556536788
48,Texas,TX,2024,index_rel_community_participation,Community Participation Index (Relative),category_index,CP,relative,category,5,1,38.7384586733249
49,Utah,UT,2024,index_rel_community_participation,Community Participation Index (Relative),category_index,CP,relative,category,5,1,70.6024538407514
50,Vermont,VT,2024,index_rel_community_participation,Community Participation Index (Relative),category_index,CP,relative,category,5,1,65.04569516941999
51,Virginia,VA,2024,index_rel_community_participation,Community Participation Index (Relative),category_index,CP,relative,category,5,1,56.920279334614996
53,Washington,WA,2024,index_rel_community_participation,Community Participation Index (Relative),category_index,CP,relative,category,5,1,67.46398666832124
54,West Virginia,WV,2024,index_rel_community_participation,Community Participation Index (Relative),category_index,CP,relative,category,5,1,38.17317630768322
55,Wisconsin,WI,2024,index_rel_community_participation,Community Participation Index (Relative),category_index,CP,relative,category,5,1,59.90772167028283
56,Wyoming,WY,2024,index_rel_community_participation,Community Participation Index (Relative),category_index,CP,relative,category,5,1,53.117658510710136
72,Puerto Rico,PR,2024,index_rel_community_participation,Community Participation Index (Relative),category_index,CP,relative,category,5,0.8,23.085671877906034
000,United States,USA,2024,index_rel_commute,Transportation Access Index (Relative),scorecard_index,CP,relative,scorecard,2,1,54.24767864368398
01,Alabama,AL,2024,index_rel_commute,Transportation Access Index (Relative),scorecard_index,CP,relative,scorecard,2,1,17.348235637600553
02,Alaska,AK,2024,index_rel_commute,Transportation Access Index (Relative),scorecard_index,CP,relative,scorecard,2,1,55.50207478771125
04,Arizona,AZ,2024,index_rel_commute,Transportation Access Index (Relative),scorecard_index,CP,relative,scorecard,2,1,55.50207478771125
05,Arkansas,AR,2024,index_rel_commute,Transportation Access Index (Relative),scorecard_index,CP,relative,scorecard,2,1,20.37603958949393
06,California,CA,2024,index_rel_commute,Transportation Access Index (Relative),scorecard_index,CP,relative,scorecard,2,1,66.08915659185438
08,Colorado,CO,2024,index_rel_commute,Transportation Access Index (Relative),scorecard_index,CP,relative,scorecard,2,1,56.67288414136449
09,Connecticut,CT,2024,index_rel_commute,Transportation Access Index (Relative),scorecard_index,CP,relative,scorecard,2,1,60.58154337498187
10,Delaware,DE,2024,index_rel_commute,Transportation Access Index (Relative),scorecard_index,CP,relative,scorecard,2,1,41.880360710192534
11,District of Columbia,DC,2024,index_rel_commute,Transportation Access Index (Relative),scorecard_index,CP,relative,scorecard,2,1,99.99997307345045
12,Florida,FL,2024,index_rel_commute,Transportation Access Index (Relative),scorecard_index,CP,relative,scorecard,2,1,43.35715257915852
13,Georgia,GA,2024,index_rel_commute,Transportation Access Index (Relative),scorecard_index,CP,relative,scorecard,2,1,37.335243376741474
15,Hawaii,HI,2024,index_rel_commute,Transportation Access Index (Relative),scorecard_index,CP,relative,scorecard,2,1,77.55690972166647
16,Idaho,ID,2024,index_rel_commute,Transportation Access Index (Relative),scorecard_index,CP,relative,scorecard,2,1,33.38535402557736
17,Illinois,IL,2024,index_rel_commute,Transportation Access Index (Relative),scorecard_index,CP,relative,scorecard,2,1,74.19810780342442
18,Indiana,IN,2024,index_rel_commute,Transportation Access Index (Relative),scorecard_index,CP,relative,scorecard,2,1,27.770224236825758
19,Iowa,IA,2024,index_rel_commute,Transportation Access Index (Relative),scorecard_index,CP,relative,scorecard,2,1,34.25330516817831
20,Kansas,KS,2024,index_rel_commute,Transportation Access Index (Relative),scorecard_index,CP,relative,scorecard,2,1,35.102736599715314
21,Kentucky,KY,2024,index_rel_commute,Transportation Access Index (Relative),scorecard_index,CP,relative,scorecard,2,1,28.95331983258384
22,Louisiana,LA,2024,index_rel_commute,Transportation Access Index (Relative),scorecard_index,CP,relative,scorecard,2,1,26.94679580749193
23,Maine,ME,2024,index_rel_commute,Transportation Access Index (Relative),scorecard_index,CP,relative,scorecard,2,1,39.98130550228129
24,Maryland,MD,2024,index_rel_commute,Transportation Access Index (Relative),scorecard_index,CP,relative,scorecard,2,1,71.38248642250934
25,Massachusetts,MA,2024,index_rel_commute,Transportation Access Index (Relative),scorecard_index,CP,relative,scorecard,2,1,83.23039138423196
26,Michigan,MI,2024,index_rel_commute,Transportation Access Index (Relative),scorecard_index,CP,relative,scorecard,2,1,38.57314205093252
27,Minnesota,MN,2024,index_rel_commute,Transportation Access Index (Relative),scorecard_index,CP,relative,scorecard,2,1,61.752643956888136
28,Mississippi,MS,2024,index_rel_commute,Transportation Access Index (Relative),scorecard_index,CP,relative,scorecard,2,1,17.072245492328566
29,Missouri,MO,2024,index_rel_commute,Transportation Access Index (Relative),scorecard_index,CP,relative,scorecard,2,1,37.21194985678925
30,Montana,MT,2024,index_rel_commute,Transportation Access Index (Relative),scorecard_index,CP,relative,scorecard,2,1,40.15172251682911
31,Nebraska,NE,2024,index_rel_commute,Transportation Access Index (Relative),scorecard_index,CP,relative,scorecard,2,1,31.473456975191002
32,Nevada,NV,2024,index_rel_commute,Transportation Access Index (Relative),scorecard_index,CP,relative,scorecard,2,1,55.06239715831512
33,New Hampshire,NH,2024,index_rel_commute,Transportation Access Index (Relative),scorecard_index,CP,relative,scorecard,2,1,38.235584505912954
34,New Jersey,NJ,2024,index_rel_commute,Transportation Access Index (Relative),scorecard_index,CP,relative,scorecard,2,1,76.97599378101134
35,New Mexico,NM,2024,index_rel_commute,Transportation Access Index (Relative),scorecard_index,CP,relative,scorecard,2,1,34.5284857255709
36,New York,NY,2024,index_rel_commute,Transportation Access Index (Relative),scorecard_index,CP,relative,scorecard,2,1,99.68878750882877
37,North Carolina,NC,2024,index_rel_commute,Transportation Access Index (Relative),scorecard_index,CP,relative,scorecard,2,1,32.16471921594943
38,North Dakota,ND,2024,index_rel_commute,Transportation Access Index (Relative),scorecard_index,CP,relative,scorecard,2,1,25.001915147663212
39,Ohio,OH,2024,index_rel_commute,Transportation Access Index (Relative),scorecard_index,CP,relative,scorecard,2,1,39.49400828278799
40,Oklahoma,OK,2024,index_rel_commute,Transportation Access Index (Relative),scorecard_index,CP,relative,scorecard,2,1,24.04136912804601
41,Oregon,OR,2024,index_rel_commute,Transportation Access Index (Relative),scorecard_index,CP,relative,scorecard,2,1,69.4574457585049
42,Pennsylvania,PA,2024,index_rel_commute,Transportation Access Index (Relative),scorecard_index,CP,relative,scorecard,2,1,66.8006923363597
44,Rhode Island,RI,2024,index_rel_commute,Transportation Access Index (Relative),scorecard_index,CP,relative,scorecard,2,1,43.39056469007376
45,South Carolina,SC,2024,index_rel_commute,Transportation Access Index (Relative),scorecard_index,CP,relative,scorecard,2,1,23.34790874184695
46,South Dakota,SD,2024,index_rel_commute,Transportation Access Index (Relative),scorecard_index,CP,relative,scorecard,2,1,34.03064225651357
47,Tennessee,TN,2024,index_rel_commute,Transportation Access Index (Relative),scorecard_index,CP,relative,scorecard,2,1,25.872808689464282
48,Texas,TX,2024,index_rel_commute,Transportation Access Index (Relative),scorecard_index,CP,relative,scorecard,2,1,38.559808469620535
49,Utah,UT,2024,index_rel_commute,Transportation Access Index (Relative),scorecard_index,CP,relative,scorecard,2,1,57.12143032328598
50,Vermont,VT,2024,index_rel_commute,Transportation Access Index (Relative),scorecard_index,CP,relative,scorecard,2,1,52.96981578727187
51,Virginia,VA,2024,index_rel_commute,Transportation Access Index (Relative),scorecard_index,CP,relative,scorecard,2,1,48.25778037620779
53,Washington,WA,2024,index_rel_commute,Transportation Access Index (Relative),scorecard_index,CP,relative,scorecard,2,1,71.57612589211928
54,West Virginia,WV,2024,index_rel_commute,Transportation Access Index (Relative),scorecard_index,CP,relative,scorecard,2,1,30.539498803684708
55,Wisconsin,WI,2024,index_rel_commute,Transportation Access Index (Relative),scorecard_index,CP,relative,scorecard,2,1,44.8790637781144
56,Wyoming,WY,2024,index_rel_commute,Transportation Access Index (Relative),scorecard_index,CP,relative,scorecard,2,1,31.587644737749486
72,Puerto Rico,PR,2024,index_rel_commute,Transportation Access Index (Relative),scorecard_index,CP,relative,scorecard,2,1,19.43516247744002
000,United States,USA,2024,index_rel_education,Education Access Index (Relative),scorecard_index,CP,relative,scorecard,2,1,42.30943454797378
01,Alabama,AL,2024,index_rel_education,Education Access Index (Relative),scorecard_index,CP,relative,scorecard,2,1,16.57824624453193
02,Alaska,AK,2024,index_rel_education,Education Access Index (Relative),scorecard_index,CP,relative,scorecard,2,1,56.92192530233014
04,Arizona,AZ,2024,index_rel_education,Education Access Index (Relative),scorecard_index,CP,relative,scorecard,2,1,61.71946246761911
05,Arkansas,AR,2024,index_rel_education,Education Access Index (Relative),scorecard_index,CP,relative,scorecard,2,1,17.6064119921272
06,California,CA,2024,index_rel_education,Education Access Index (Relative),scorecard_index,CP,relative,scorecard,2,1,36.613180718949245
08,Colorado,CO,2024,index_rel_education,Education Access Index (Relative),scorecard_index,CP,relative,scorecard,2,1,91.9131800315977
09,Connecticut,CT,2024,index_rel_education,Education Access Index (Relative),scorecard_index,CP,relative,scorecard,2,1,54.20866638886856
10,Delaware,DE,2024,index_rel_education,Education Access Index (Relative),scorecard_index,CP,relative,scorecard,2,1,67.37964473619544
11,District of Columbia,DC,2024,index_rel_education,Education Access Index (Relative),scorecard_index,CP,relative,scorecard,2,1,69.0986366755327
12,Florida,FL,2024,index_rel_education,Education Access Index (Relative),scorecard_index,CP,relative,scorecard,2,1,57.96644046694705
13,Georgia,GA,2024,index_rel_education,Education Access Index (Relative),scorecard_index,CP,relative,scorecard,2,1,37.74603372716833
15,Hawaii,HI,2024,index_rel_education,Education Access Index (Relative),scorecard_index,CP,relative,scorecard,2,1,79.74449741009158
16,Idaho,ID,2024,index_rel_education,Education Access Index (Relative),scorecard_index,CP,relative,scorecard,2,1,60.89941317031128
17,Illinois,IL,2024,index_rel_education,Education Access Index (Relative),scorecard_index,CP,relative,scorecard,2,1,51.722136550191635
18,Indiana,IN,2024,index_rel_education,Education Access Index (Relative),scorecard_index,CP,relative,scorecard,2,1,27.001932531784714
19,Iowa,IA,2024,index_rel_education,Education Access Index (Relative),scorecard_index,CP,relative,scorecard,2,1,52.30909056796564
20,Kansas,KS,2024,index_rel_education,Education Access Index (Relative),scorecard_index,CP,relative,scorecard,2,1,63.61992342807575
21,Kentucky,KY,2024,index_rel_education,Education Access Index (Relative),scorecard_index,CP,relative,scorecard,2,1,10.42395004488846
22,Louisiana,LA,2024,index_rel_education,Education Access Index (Relative),scorecard_index,CP,relative,scorecard,2,1,11.026170562019004
23,Maine,ME,2024,index_rel_education,Education Access Index (Relative),scorecard_index,CP,relative,scorecard,2,1,71.23799935104472
24,Maryland,MD,2024,index_rel_education,Education Access Index (Relative),scorecard_index,CP,relative,scorecard,2,1,73.00669274701893
25,Massachusetts,MA,2024,index_rel_education,Education Access Index (Relative),scorecard_index,CP,relative,scorecard,2,1,56.317647779833784
26,Michigan,MI,2024,index_rel_education,Education Access Index (Relative),scorecard_index,CP,relative,scorecard,2,1,39.933826863873634
27,Minnesota,MN,2024,index_rel_education,Education Access Index (Relative),scorecard_index,CP,relative,scorecard,2,1,72.54159087961807
28,Mississippi,MS,2024,index_rel_education,Education Access Index (Relative),scorecard_index,CP,relative,scorecard,2,1,9.562113727115054
29,Missouri,MO,2024,index_rel_education,Education Access Index (Relative),scorecard_index,CP,relative,scorecard,2,1,36.23837858500019
30,Montana,MT,2024,index_rel_education,Education Access Index (Relative),scorecard_index,CP,relative,scorecard,2,1,77.59990580338396
31,Nebraska,NE,2024,index_rel_education,Education Access Index (Relative),scorecard_index,CP,relative,scorecard,2,1,61.60222266643589
32,Nevada,NV,2024,index_rel_education,Education Access Index (Relative),scorecard_index,CP,relative,scorecard,2,1,42.792607624810664
33,New Hampshire,NH,2024,index_rel_education,Education Access Index (Relative),scorecard_index,CP,relative,scorecard,2,1,83.00175615601674
34,New Jersey,NJ,2024,index_rel_education,Education Access Index (Relative),scorecard_index,CP,relative,scorecard,2,1,59.6180620175976
35,New Mexico,NM,2024,index_rel_education,Education Access Index (Relative),scorecard_index,CP,relative,scorecard,2,1,42.02893812261142
36,New York,NY,2024,index_rel_education,Education Access Index (Relative),scorecard_index,CP,relative,scorecard,2,1,37.80296161031832
37,North Carolina,NC,2024,index_rel_education,Education Access Index (Relative),scorecard_index,CP,relative,scorecard,2,1,40.730409450444526
38,North Dakota,ND,2024,index_rel_education,Education Access Index (Relative),scorecard_index,CP,relative,scorecard,2,1,55.799828460840615
39,Ohio,OH,2024,index_rel_education,Education Access Index (Relative),scorecard_index,CP,relative,scorecard,2,1,32.60572771317431
40,Oklahoma,OK,2024,index_rel_education,Education Access Index (Relative),scorecard_index,CP,relative,scorecard,2,1,39.00856826572587
41,Oregon,OR,2024,index_rel_education,Education Access Index (Relative),scorecard_index,CP,relative,scorecard,2,1,71.40551010324828
42,Pennsylvania,PA,2024,index_rel_education,Education Access Index (Relative),scorecard_index,CP,relative,scorecard,2,1,42.412867285545275
44,Rhode Island,RI,2024,index_rel_education,Education Access Index (Relative),scorecard_index,CP,relative,scorecard,2,1,39.25513939527435
45,South Carolina,SC,2024,index_rel_education,Education Access Index (Relative),scorecard_index,CP,relative,scorecard,2,1,31.42516785936236
46,South Dakota,SD,2024,index_rel_education,Education Access Index (Relative),scorecard_index,CP,relative,scorecard,2,1,62.65905867159444
47,Tennessee,TN,2024,index_rel_education,Education Access Index (Relative),scorecard_index,CP,relative,scorecard,2,1,23.959981027224494
48,Texas,TX,2024,index_rel_education,Education Access Index (Relative),scorecard_index,CP,relative,scorecard,2,1,30.83262289170726
49,Utah,UT,2024,index_rel_education,Education Access Index (Relative),scorecard_index,CP,relative,scorecard,2,1,84.78867869460298
50,Vermont,VT,2024,index_rel_education,Education Access Index (Relative),scorecard_index,CP,relative,scorecard,2,1,88.44501936562736
51,Virginia,VA,2024,index_rel_education,Education Access Index (Relative),scorecard_index,CP,relative,scorecard,2,1,64.82852344065716
53,Washington,WA,2024,index_rel_education,Education Access Index (Relative),scorecard_index,CP,relative,scorecard,2,1,79.41101151334955
54,West Virginia,WV,2024,index_rel_education,Education Access Index (Relative),scorecard_index,CP,relative,scorecard,2,1,10.919586771535164
55,Wisconsin,WI,2024,index_rel_education,Education Access Index (Relative),scorecard_index,CP,relative,scorecard,2,1,59.790365776864725
56,Wyoming,WY,2024,index_rel_education,Education Access Index (Relative),scorecard_index,CP,relative,scorecard,2,1,70.88994575137392
72,Puerto Rico,PR,2024,index_rel_education,Education Access Index (Relative),scorecard_index,CP,relative,scorecard,2,1,11.562513844047446
000,United States,USA,2024,index_rel_insurance,Health Insurance Index (Relative),scorecard_index,CP,relative,scorecard,3,1,45.481185699486595
01,Alabama,AL,2024,index_rel_insurance,Health Insurance Index (Relative),scorecard_index,CP,relative,scorecard,3,1,36.96796703168113
02,Alaska,AK,2024,index_rel_insurance,Health Insurance Index (Relative),scorecard_index,CP,relative,scorecard,3,1,34.59088407205256
04,Arizona,AZ,2024,index_rel_insurance,Health Insurance Index (Relative),scorecard_index,CP,relative,scorecard,3,1,37.7356155234377
05,Arkansas,AR,2024,index_rel_insurance,Health Insurance Index (Relative),scorecard_index,CP,relative,scorecard,3,1,49.1277715022455
06,California,CA,2024,index_rel_insurance,Health Insurance Index (Relative),scorecard_index,CP,relative,scorecard,3,1,54.98918998124447
08,Colorado,CO,2024,index_rel_insurance,Health Insurance Index (Relative),scorecard_index,CP,relative,scorecard,3,1,54.14359657554002
09,Connecticut,CT,2024,index_rel_insurance,Health Insurance Index (Relative),scorecard_index,CP,relative,scorecard,3,1,61.86462758640957
10,Delaware,DE,2024,index_rel_insurance,Health Insurance Index (Relative),scorecard_index,CP,relative,scorecard,3,1,72.28929415413124
11,District of Columbia,DC,2024,index_rel_insurance,Health Insurance Index (Relative),scorecard_index,CP,relative,scorecard,3,1,60.410497404494414
12,Florida,FL,2024,index_rel_insurance,Health Insurance Index (Relative),scorecard_index,CP,relative,scorecard,3,1,31.515143001489633
13,Georgia,GA,2024,index_rel_insurance,Health Insurance Index (Relative),scorecard_index,CP,relative,scorecard,3,1,28.146378044188847
15,Hawaii,HI,2024,index_rel_insurance,Health Insurance Index (Relative),scorecard_index,CP,relative,scorecard,3,1,76.1673188339825
16,Idaho,ID,2024,index_rel_insurance,Health Insurance Index (Relative),scorecard_index,CP,relative,scorecard,3,1,42.576410950931994
17,Illinois,IL,2024,index_rel_insurance,Health Insurance Index (Relative),scorecard_index,CP,relative,scorecard,3,1,53.09320510697637
18,Indiana,IN,2024,index_rel_insurance,Health Insurance Index (Relative),scorecard_index,CP,relative,scorecard,3,1,52.53005657267179
19,Iowa,IA,2024,index_rel_insurance,Health Insurance Index (Relative),scorecard_index,CP,relative,scorecard,3,1,65.45021947473526
20,Kansas,KS,2024,index_rel_insurance,Health Insurance Index (Relative),scorecard_index,CP,relative,scorecard,3,1,32.68121974870296
21,Kentucky,KY,2024,index_rel_insurance,Health Insurance Index (Relative),scorecard_index,CP,relative,scorecard,3,1,60.64959921261047
22,Louisiana,LA,2024,index_rel_insurance,Health Insurance Index (Relative),scorecard_index,CP,relative,scorecard,3,1,56.62198443175266
23,Maine,ME,2024,index_rel_insurance,Health Insurance Index (Relative),scorecard_index,CP,relative,scorecard,3,1,62.768441992607826
24,Maryland,MD,2024,index_rel_insurance,Health Insurance Index (Relative),scorecard_index,CP,relative,scorecard,3,1,70.53582134509583
25,Massachusetts,MA,2024,index_rel_insurance,Health Insurance Index (Relative),scorecard_index,CP,relative,scorecard,3,1,72.65787592013935
26,Michigan,MI,2024,index_rel_insurance,Health Insurance Index (Relative),scorecard_index,CP,relative,scorecard,3,1,65.46071413455148
27,Minnesota,MN,2024,index_rel_insurance,Health Insurance Index (Relative),scorecard_index,CP,relative,scorecard,3,1,60.602717365368584
28,Mississippi,MS,2024,index_rel_insurance,Health Insurance Index (Relative),scorecard_index,CP,relative,scorecard,3,1,24.39825136239607
29,Missouri,MO,2024,index_rel_insurance,Health Insurance Index (Relative),scorecard_index,CP,relative,scorecard,3,1,31.83458640257645
30,Montana,MT,2024,index_rel_insurance,Health Insurance Index (Relative),scorecard_index,CP,relative,scorecard,3,1,47.76387942211275
31,Nebraska,NE,2024,index_rel_insurance,Health Insurance Index (Relative),scorecard_index,CP,relative,scorecard,3,1,47.87111780867432
32,Nevada,NV,2024,index_rel_insurance,Health Insurance Index (Relative),scorecard_index,CP,relative,scorecard,3,1,36.865013231139805
33,New Hampshire,NH,2024,index_rel_insurance,Health Insurance Index (Relative),scorecard_index,CP,relative,scorecard,3,1,65.36958282804746
34,New Jersey,NJ,2024,index_rel_insurance,Health Insurance Index (Relative),scorecard_index,CP,relative,scorecard,3,1,54.476364559054616
35,New Mexico,NM,2024,index_rel_insurance,Health Insurance Index (Relative),scorecard_index,CP,relative,scorecard,3,1,49.46489921845754
36,New York,NY,2024,index_rel_insurance,Health Insurance Index (Relative),scorecard_index,CP,relative,scorecard,3,1,66.64632368388015
37,North Carolina,NC,2024,index_rel_insurance,Health Insurance Index (Relative),scorecard_index,CP,relative,scorecard,3,1,37.30534857133264
38,North Dakota,ND,2024,index_rel_insurance,Health Insurance Index (Relative),scorecard_index,CP,relative,scorecard,3,1,48.440537362322885
39,Ohio,OH,2024,index_rel_insurance,Health Insurance Index (Relative),scorecard_index,CP,relative,scorecard,3,1,52.49001084726503
40,Oklahoma,OK,2024,index_rel_insurance,Health Insurance Index (Relative),scorecard_index,CP,relative,scorecard,3,1,20.317579283135927
41,Oregon,OR,2024,index_rel_insurance,Health Insurance Index (Relative),scorecard_index,CP,relative,scorecard,3,1,60.927407461452425
42,Pennsylvania,PA,2024,index_rel_insurance,Health Insurance Index (Relative),scorecard_index,CP,relative,scorecard,3,1,65.77609031554165
44,Rhode Island,RI,2024,index_rel_insurance,Health Insurance Index (Relative),scorecard_index,CP,relative,scorecard,3,1,71.74941070310187
45,South Carolina,SC,2024,index_rel_insurance,Health Insurance Index (Relative),scorecard_index,CP,relative,scorecard,3,1,33.9696035012073
46,South Dakota,SD,2024,index_rel_insurance,Health Insurance Index (Relative),scorecard_index,CP,relative,scorecard,3,1,34.12369385778457
47,Tennessee,TN,2024,index_rel_insurance,Health Insurance Index (Relative),scorecard_index,CP,relative,scorecard,3,1,28.18387582606739
48,Texas,TX,2024,index_rel_insurance,Health Insurance Index (Relative),scorecard_index,CP,relative,scorecard,3,1,24.10631625333893
49,Utah,UT,2024,index_rel_insurance,Health Insurance Index (Relative),scorecard_index,CP,relative,scorecard,3,1,46.677812856496864
50,Vermont,VT,2024,index_rel_insurance,Health Insurance Index (Relative),scorecard_index,CP,relative,scorecard,3,1,67.4133371546409
51,Virginia,VA,2024,index_rel_insurance,Health Insurance Index (Relative),scorecard_index,CP,relative,scorecard,3,1,60.894574020593446
53,Washington,WA,2024,index_rel_insurance,Health Insurance Index (Relative),scorecard_index,CP,relative,scorecard,3,1,59.80622871008129
54,West Virginia,WV,2024,index_rel_insurance,Health Insurance Index (Relative),scorecard_index,CP,relative,scorecard,3,1,60.616449060021324
55,Wisconsin,WI,2024,index_rel_insurance,Health Insurance Index (Relative),scorecard_index,CP,relative,scorecard,3,1,67.38636875677797
56,Wyoming,WY,2024,index_rel_insurance,Health Insurance Index (Relative),scorecard_index,CP,relative,scorecard,3,1,34.0808058883246
72,Puerto Rico,PR,2024,index_rel_insurance,Health Insurance Index (Relative),scorecard_index,CP,relative,scorecard,3,1,61.1979864210935
000,United States,USA,2024,index_rel_safety,Public Safety Index (Relative),scorecard_index,CP,relative,scorecard,2,0,NA
01,Alabama,AL,2024,index_rel_safety,Public Safety Index (Relative),scorecard_index,CP,relative,scorecard,2,1,43.03924518370903
02,Alaska,AK,2024,index_rel_safety,Public Safety Index (Relative),scorecard_index,CP,relative,scorecard,2,1,58.69850427492033
04,Arizona,AZ,2024,index_rel_safety,Public Safety Index (Relative),scorecard_index,CP,relative,scorecard,2,1,48.34153242206583
05,Arkansas,AR,2024,index_rel_safety,Public Safety Index (Relative),scorecard_index,CP,relative,scorecard,2,1,19.133809999768125
06,California,CA,2024,index_rel_safety,Public Safety Index (Relative),scorecard_index,CP,relative,scorecard,2,1,56.31891575723144
08,Colorado,CO,2024,index_rel_safety,Public Safety Index (Relative),scorecard_index,CP,relative,scorecard,2,1,32.55272073976403
09,Connecticut,CT,2024,index_rel_safety,Public Safety Index (Relative),scorecard_index,CP,relative,scorecard,2,1,80.68522547081332
10,Delaware,DE,2024,index_rel_safety,Public Safety Index (Relative),scorecard_index,CP,relative,scorecard,2,1,37.06503066138238
11,District of Columbia,DC,2024,index_rel_safety,Public Safety Index (Relative),scorecard_index,CP,relative,scorecard,2,1,0.00413282285744998
12,Florida,FL,2024,index_rel_safety,Public Safety Index (Relative),scorecard_index,CP,relative,scorecard,2,1,80.8440150344847
13,Georgia,GA,2024,index_rel_safety,Public Safety Index (Relative),scorecard_index,CP,relative,scorecard,2,1,58.205250809532714
15,Hawaii,HI,2024,index_rel_safety,Public Safety Index (Relative),scorecard_index,CP,relative,scorecard,2,1,77.11470700238075
16,Idaho,ID,2024,index_rel_safety,Public Safety Index (Relative),scorecard_index,CP,relative,scorecard,2,1,89.94163263827579
17,Illinois,IL,2024,index_rel_safety,Public Safety Index (Relative),scorecard_index,CP,relative,scorecard,2,1,34.98112823524151
18,Indiana,IN,2024,index_rel_safety,Public Safety Index (Relative),scorecard_index,CP,relative,scorecard,2,1,61.66326030442519
19,Iowa,IA,2024,index_rel_safety,Public Safety Index (Relative),scorecard_index,CP,relative,scorecard,2,1,73.58019710635878
20,Kansas,KS,2024,index_rel_safety,Public Safety Index (Relative),scorecard_index,CP,relative,scorecard,2,1,45.97501309909619
21,Kentucky,KY,2024,index_rel_safety,Public Safety Index (Relative),scorecard_index,CP,relative,scorecard,2,1,73.06883109685629
22,Louisiana,LA,2024,index_rel_safety,Public Safety Index (Relative),scorecard_index,CP,relative,scorecard,2,1,28.686577219487297
23,Maine,ME,2024,index_rel_safety,Public Safety Index (Relative),scorecard_index,CP,relative,scorecard,2,1,84.68012923291275
24,Maryland,MD,2024,index_rel_safety,Public Safety Index (Relative),scorecard_index,CP,relative,scorecard,2,1,33.707527062577824
25,Massachusetts,MA,2024,index_rel_safety,Public Safety Index (Relative),scorecard_index,CP,relative,scorecard,2,1,81.2728455667152
26,Michigan,MI,2024,index_rel_safety,Public Safety Index (Relative),scorecard_index,CP,relative,scorecard,2,1,51.56472237065633
27,Minnesota,MN,2024,index_rel_safety,Public Safety Index (Relative),scorecard_index,CP,relative,scorecard,2,1,71.01645146153012
28,Mississippi,MS,2024,index_rel_safety,Public Safety Index (Relative),scorecard_index,CP,relative,scorecard,2,1,72.12104665994968
29,Missouri,MO,2024,index_rel_safety,Public Safety Index (Relative),scorecard_index,CP,relative,scorecard,2,1,36.29043110130008
30,Montana,MT,2024,index_rel_safety,Public Safety Index (Relative),scorecard_index,CP,relative,scorecard,2,1,54.58675502384352
31,Nebraska,NE,2024,index_rel_safety,Public Safety Index (Relative),scorecard_index,CP,relative,scorecard,2,1,58.09181240359983
32,Nevada,NV,2024,index_rel_safety,Public Safety Index (Relative),scorecard_index,CP,relative,scorecard,2,1,14.618809977654216
33,New Hampshire,NH,2024,index_rel_safety,Public Safety Index (Relative),scorecard_index,CP,relative,scorecard,2,1,84.82982082461578
34,New Jersey,NJ,2024,index_rel_safety,Public Safety Index (Relative),scorecard_index,CP,relative,scorecard,2,1,74.65282436263792
35,New Mexico,NM,2024,index_rel_safety,Public Safety Index (Relative),scorecard_index,CP,relative,scorecard,2,1,2.510724078547007
36,New York,NY,2024,index_rel_safety,Public Safety Index (Relative),scorecard_index,CP,relative,scorecard,2,1,17.245942933894632
37,North Carolina,NC,2024,index_rel_safety,Public Safety Index (Relative),scorecard_index,CP,relative,scorecard,2,1,38.538504833226355
38,North Dakota,ND,2024,index_rel_safety,Public Safety Index (Relative),scorecard_index,CP,relative,scorecard,2,1,42.4471153586873
39,Ohio,OH,2024,index_rel_safety,Public Safety Index (Relative),scorecard_index,CP,relative,scorecard,2,1,52.65160258730066
40,Oklahoma,OK,2024,index_rel_safety,Public Safety Index (Relative),scorecard_index,CP,relative,scorecard,2,1,26.36590077773178
41,Oregon,OR,2024,index_rel_safety,Public Safety Index (Relative),scorecard_index,CP,relative,scorecard,2,1,42.12382257224924
42,Pennsylvania,PA,2024,index_rel_safety,Public Safety Index (Relative),scorecard_index,CP,relative,scorecard,2,1,50.35212326925631
44,Rhode Island,RI,2024,index_rel_safety,Public Safety Index (Relative),scorecard_index,CP,relative,scorecard,2,1,87.63751016814311
45,South Carolina,SC,2024,index_rel_safety,Public Safety Index (Relative),scorecard_index,CP,relative,scorecard,2,1,26.54674259871912
46,South Dakota,SD,2024,index_rel_safety,Public Safety Index (Relative),scorecard_index,CP,relative,scorecard,2,1,38.81170716010634
47,Tennessee,TN,2024,index_rel_safety,Public Safety Index (Relative),scorecard_index,CP,relative,scorecard,2,1,17.581823437281237
48,Texas,TX,2024,index_rel_safety,Public Safety Index (Relative),scorecard_index,CP,relative,scorecard,2,1,30.91135676619011
49,Utah,UT,2024,index_rel_safety,Public Safety Index (Relative),scorecard_index,CP,relative,scorecard,2,1,67.36177845750001
50,Vermont,VT,2024,index_rel_safety,Public Safety Index (Relative),scorecard_index,CP,relative,scorecard,2,1,74.08342158977268
51,Virginia,VA,2024,index_rel_safety,Public Safety Index (Relative),scorecard_index,CP,relative,scorecard,2,1,59.91363017411534
53,Washington,WA,2024,index_rel_safety,Public Safety Index (Relative),scorecard_index,CP,relative,scorecard,2,1,37.08848816107222
54,West Virginia,WV,2024,index_rel_safety,Public Safety Index (Relative),scorecard_index,CP,relative,scorecard,2,1,84.07518692583143
55,Wisconsin,WI,2024,index_rel_safety,Public Safety Index (Relative),scorecard_index,CP,relative,scorecard,2,1,84.77883133863705
56,Wyoming,WY,2024,index_rel_safety,Public Safety Index (Relative),scorecard_index,CP,relative,scorecard,2,1,71.24798627408958
72,Puerto Rico,PR,2024,index_rel_safety,Public Safety Index (Relative),scorecard_index,CP,relative,scorecard,2,0,NA
000,United States,USA,2024,index_rel_tech,Tech Access Index (Relative),scorecard_index,CP,relative,scorecard,3,1,57.61778436440824
01,Alabama,AL,2024,index_rel_tech,Tech Access Index (Relative),scorecard_index,CP,relative,scorecard,3,1,22.30933664340669
02,Alaska,AK,2024,index_rel_tech,Tech Access Index (Relative),scorecard_index,CP,relative,scorecard,3,1,87.3312674488941
04,Arizona,AZ,2024,index_rel_tech,Tech Access Index (Relative),scorecard_index,CP,relative,scorecard,3,1,82.60624963060462
05,Arkansas,AR,2024,index_rel_tech,Tech Access Index (Relative),scorecard_index,CP,relative,scorecard,3,1,24.957865706449144
06,California,CA,2024,index_rel_tech,Tech Access Index (Relative),scorecard_index,CP,relative,scorecard,3,1,85.50527099600122
08,Colorado,CO,2024,index_rel_tech,Tech Access Index (Relative),scorecard_index,CP,relative,scorecard,3,1,88.59232379686749
09,Connecticut,CT,2024,index_rel_tech,Tech Access Index (Relative),scorecard_index,CP,relative,scorecard,3,1,52.2183531202324
10,Delaware,DE,2024,index_rel_tech,Tech Access Index (Relative),scorecard_index,CP,relative,scorecard,3,1,77.1482469627352
11,District of Columbia,DC,2024,index_rel_tech,Tech Access Index (Relative),scorecard_index,CP,relative,scorecard,3,1,38.619610359060665
12,Florida,FL,2024,index_rel_tech,Tech Access Index (Relative),scorecard_index,CP,relative,scorecard,3,1,80.55902869952351
13,Georgia,GA,2024,index_rel_tech,Tech Access Index (Relative),scorecard_index,CP,relative,scorecard,3,1,66.8652298632782
15,Hawaii,HI,2024,index_rel_tech,Tech Access Index (Relative),scorecard_index,CP,relative,scorecard,3,1,79.32053860383049
16,Idaho,ID,2024,index_rel_tech,Tech Access Index (Relative),scorecard_index,CP,relative,scorecard,3,1,87.22434997562544
17,Illinois,IL,2024,index_rel_tech,Tech Access Index (Relative),scorecard_index,CP,relative,scorecard,3,1,45.57673372408241
18,Indiana,IN,2024,index_rel_tech,Tech Access Index (Relative),scorecard_index,CP,relative,scorecard,3,1,43.14880156831674
19,Iowa,IA,2024,index_rel_tech,Tech Access Index (Relative),scorecard_index,CP,relative,scorecard,3,1,38.29537482408191
20,Kansas,KS,2024,index_rel_tech,Tech Access Index (Relative),scorecard_index,CP,relative,scorecard,3,1,49.34916804954721
21,Kentucky,KY,2024,index_rel_tech,Tech Access Index (Relative),scorecard_index,CP,relative,scorecard,3,1,27.100902885608424
22,Louisiana,LA,2024,index_rel_tech,Tech Access Index (Relative),scorecard_index,CP,relative,scorecard,3,1,22.078907701705972
23,Maine,ME,2024,index_rel_tech,Tech Access Index (Relative),scorecard_index,CP,relative,scorecard,3,1,40.85066359684346
24,Maryland,MD,2024,index_rel_tech,Tech Access Index (Relative),scorecard_index,CP,relative,scorecard,3,1,79.5343568707212
25,Massachusetts,MA,2024,index_rel_tech,Tech Access Index (Relative),scorecard_index,CP,relative,scorecard,3,1,53.191438832709515
26,Michigan,MI,2024,index_rel_tech,Tech Access Index (Relative),scorecard_index,CP,relative,scorecard,3,1,46.33991930097426
27,Minnesota,MN,2024,index_rel_tech,Tech Access Index (Relative),scorecard_index,CP,relative,scorecard,3,1,59.6314701249181
28,Mississippi,MS,2024,index_rel_tech,Tech Access Index (Relative),scorecard_index,CP,relative,scorecard,3,1,15.802574352740097
29,Missouri,MO,2024,index_rel_tech,Tech Access Index (Relative),scorecard_index,CP,relative,scorecard,3,1,40.584977979207636
30,Montana,MT,2024,index_rel_tech,Tech Access Index (Relative),scorecard_index,CP,relative,scorecard,3,1,38.86260893289114
31,Nebraska,NE,2024,index_rel_tech,Tech Access Index (Relative),scorecard_index,CP,relative,scorecard,3,1,45.8568930797758
32,Nevada,NV,2024,index_rel_tech,Tech Access Index (Relative),scorecard_index,CP,relative,scorecard,3,1,87.91816708175998
33,New Hampshire,NH,2024,index_rel_tech,Tech Access Index (Relative),scorecard_index,CP,relative,scorecard,3,1,74.3565617770736
34,New Jersey,NJ,2024,index_rel_tech,Tech Access Index (Relative),scorecard_index,CP,relative,scorecard,3,1,63.24280499259325
35,New Mexico,NM,2024,index_rel_tech,Tech Access Index (Relative),scorecard_index,CP,relative,scorecard,3,1,25.22567572578104
36,New York,NY,2024,index_rel_tech,Tech Access Index (Relative),scorecard_index,CP,relative,scorecard,3,1,39.161197759165006
37,North Carolina,NC,2024,index_rel_tech,Tech Access Index (Relative),scorecard_index,CP,relative,scorecard,3,1,41.60950523218381
38,North Dakota,ND,2024,index_rel_tech,Tech Access Index (Relative),scorecard_index,CP,relative,scorecard,3,1,25.177508854494004
39,Ohio,OH,2024,index_rel_tech,Tech Access Index (Relative),scorecard_index,CP,relative,scorecard,3,1,36.77615790041121
40,Oklahoma,OK,2024,index_rel_tech,Tech Access Index (Relative),scorecard_index,CP,relative,scorecard,3,1,48.3287932194717
41,Oregon,OR,2024,index_rel_tech,Tech Access Index (Relative),scorecard_index,CP,relative,scorecard,3,1,85.39300149372002
42,Pennsylvania,PA,2024,index_rel_tech,Tech Access Index (Relative),scorecard_index,CP,relative,scorecard,3,1,29.09051401074825
44,Rhode Island,RI,2024,index_rel_tech,Tech Access Index (Relative),scorecard_index,CP,relative,scorecard,3,1,41.619876699267714
45,South Carolina,SC,2024,index_rel_tech,Tech Access Index (Relative),scorecard_index,CP,relative,scorecard,3,1,36.021157489914515
46,South Dakota,SD,2024,index_rel_tech,Tech Access Index (Relative),scorecard_index,CP,relative,scorecard,3,1,32.99157813362331
47,Tennessee,TN,2024,index_rel_tech,Tech Access Index (Relative),scorecard_index,CP,relative,scorecard,3,1,27.964063802646518
48,Texas,TX,2024,index_rel_tech,Tech Access Index (Relative),scorecard_index,CP,relative,scorecard,3,1,69.28218898576766
49,Utah,UT,2024,index_rel_tech,Tech Access Index (Relative),scorecard_index,CP,relative,scorecard,3,1,97.06256887187111
50,Vermont,VT,2024,index_rel_tech,Tech Access Index (Relative),scorecard_index,CP,relative,scorecard,3,1,42.31688194978717
51,Virginia,VA,2024,index_rel_tech,Tech Access Index (Relative),scorecard_index,CP,relative,scorecard,3,1,50.706888661501246
53,Washington,WA,2024,index_rel_tech,Tech Access Index (Relative),scorecard_index,CP,relative,scorecard,3,1,89.43807906498388
54,West Virginia,WV,2024,index_rel_tech,Tech Access Index (Relative),scorecard_index,CP,relative,scorecard,3,1,4.715159977343482
55,Wisconsin,WI,2024,index_rel_tech,Tech Access Index (Relative),scorecard_index,CP,relative,scorecard,3,1,42.70397870101996
56,Wyoming,WY,2024,index_rel_tech,Tech Access Index (Relative),scorecard_index,CP,relative,scorecard,3,1,57.78190990201309
72,Puerto Rico,PR,2024,index_rel_tech,Tech Access Index (Relative),scorecard_index,CP,relative,scorecard,3,1,0.1470247690431754
000,United States,USA,2024,index_rel_all_work_indicators,All Work Indicators Index (Relative),category_index,WE,relative,category,2,1,44.468001790491826
01,Alabama,AL,2024,index_rel_all_work_indicators,All Work Indicators Index (Relative),category_index,WE,relative,category,2,1,38.191824433491945
02,Alaska,AK,2024,index_rel_all_work_indicators,All Work Indicators Index (Relative),category_index,WE,relative,category,2,1,54.278099939170744
04,Arizona,AZ,2024,index_rel_all_work_indicators,All Work Indicators Index (Relative),category_index,WE,relative,category,2,1,57.64171942999994
05,Arkansas,AR,2024,index_rel_all_work_indicators,All Work Indicators Index (Relative),category_index,WE,relative,category,2,1,25.39925127968279
06,California,CA,2024,index_rel_all_work_indicators,All Work Indicators Index (Relative),category_index,WE,relative,category,2,1,41.394918132744635
08,Colorado,CO,2024,index_rel_all_work_indicators,All Work Indicators Index (Relative),category_index,WE,relative,category,2,1,77.20835705785734
09,Connecticut,CT,2024,index_rel_all_work_indicators,All Work Indicators Index (Relative),category_index,WE,relative,category,2,1,46.0281905487296
10,Delaware,DE,2024,index_rel_all_work_indicators,All Work Indicators Index (Relative),category_index,WE,relative,category,2,1,67.82238240797253
11,District of Columbia,DC,2024,index_rel_all_work_indicators,All Work Indicators Index (Relative),category_index,WE,relative,category,2,1,49.863395979138524
12,Florida,FL,2024,index_rel_all_work_indicators,All Work Indicators Index (Relative),category_index,WE,relative,category,2,1,41.18644907392785
13,Georgia,GA,2024,index_rel_all_work_indicators,All Work Indicators Index (Relative),category_index,WE,relative,category,2,1,50.23359877668986
15,Hawaii,HI,2024,index_rel_all_work_indicators,All Work Indicators Index (Relative),category_index,WE,relative,category,2,1,64.93955049090036
16,Idaho,ID,2024,index_rel_all_work_indicators,All Work Indicators Index (Relative),category_index,WE,relative,category,2,1,75.83760893656428
17,Illinois,IL,2024,index_rel_all_work_indicators,All Work Indicators Index (Relative),category_index,WE,relative,category,2,1,42.18724544370226
18,Indiana,IN,2024,index_rel_all_work_indicators,All Work Indicators Index (Relative),category_index,WE,relative,category,2,1,50.391396997674306
19,Iowa,IA,2024,index_rel_all_work_indicators,All Work Indicators Index (Relative),category_index,WE,relative,category,2,1,65.59976877743635
20,Kansas,KS,2024,index_rel_all_work_indicators,All Work Indicators Index (Relative),category_index,WE,relative,category,2,1,63.90695321208804
21,Kentucky,KY,2024,index_rel_all_work_indicators,All Work Indicators Index (Relative),category_index,WE,relative,category,2,1,28.19228938214247
22,Louisiana,LA,2024,index_rel_all_work_indicators,All Work Indicators Index (Relative),category_index,WE,relative,category,2,1,20.850309094466525
23,Maine,ME,2024,index_rel_all_work_indicators,All Work Indicators Index (Relative),category_index,WE,relative,category,2,1,27.948806761669122
24,Maryland,MD,2024,index_rel_all_work_indicators,All Work Indicators Index (Relative),category_index,WE,relative,category,2,1,73.17639924923401
25,Massachusetts,MA,2024,index_rel_all_work_indicators,All Work Indicators Index (Relative),category_index,WE,relative,category,2,1,46.09915547830073
26,Michigan,MI,2024,index_rel_all_work_indicators,All Work Indicators Index (Relative),category_index,WE,relative,category,2,1,30.082616946673987
27,Minnesota,MN,2024,index_rel_all_work_indicators,All Work Indicators Index (Relative),category_index,WE,relative,category,2,1,60.04587784142669
28,Mississippi,MS,2024,index_rel_all_work_indicators,All Work Indicators Index (Relative),category_index,WE,relative,category,2,1,23.286579054436274
29,Missouri,MO,2024,index_rel_all_work_indicators,All Work Indicators Index (Relative),category_index,WE,relative,category,2,1,43.00978633517485
30,Montana,MT,2024,index_rel_all_work_indicators,All Work Indicators Index (Relative),category_index,WE,relative,category,2,1,63.971160385648176
31,Nebraska,NE,2024,index_rel_all_work_indicators,All Work Indicators Index (Relative),category_index,WE,relative,category,2,1,75.84596900816635
32,Nevada,NV,2024,index_rel_all_work_indicators,All Work Indicators Index (Relative),category_index,WE,relative,category,2,1,65.11842101237325
33,New Hampshire,NH,2024,index_rel_all_work_indicators,All Work Indicators Index (Relative),category_index,WE,relative,category,2,1,70.093792597904
34,New Jersey,NJ,2024,index_rel_all_work_indicators,All Work Indicators Index (Relative),category_index,WE,relative,category,2,1,63.91806458184047
35,New Mexico,NM,2024,index_rel_all_work_indicators,All Work Indicators Index (Relative),category_index,WE,relative,category,2,1,21.917479027379855
36,New York,NY,2024,index_rel_all_work_indicators,All Work Indicators Index (Relative),category_index,WE,relative,category,2,1,22.407161362827516
37,North Carolina,NC,2024,index_rel_all_work_indicators,All Work Indicators Index (Relative),category_index,WE,relative,category,2,1,44.061578727248786
38,North Dakota,ND,2024,index_rel_all_work_indicators,All Work Indicators Index (Relative),category_index,WE,relative,category,2,1,80.1120583623231
39,Ohio,OH,2024,index_rel_all_work_indicators,All Work Indicators Index (Relative),category_index,WE,relative,category,2,1,36.796721343963995
40,Oklahoma,OK,2024,index_rel_all_work_indicators,All Work Indicators Index (Relative),category_index,WE,relative,category,2,1,41.98045251728984
41,Oregon,OR,2024,index_rel_all_work_indicators,All Work Indicators Index (Relative),category_index,WE,relative,category,2,1,39.86842598305981
42,Pennsylvania,PA,2024,index_rel_all_work_indicators,All Work Indicators Index (Relative),category_index,WE,relative,category,2,1,36.70199418843101
44,Rhode Island,RI,2024,index_rel_all_work_indicators,All Work Indicators Index (Relative),category_index,WE,relative,category,2,1,45.60189325238945
45,South Carolina,SC,2024,index_rel_all_work_indicators,All Work Indicators Index (Relative),category_index,WE,relative,category,2,1,39.39045293737709
46,South Dakota,SD,2024,index_rel_all_work_indicators,All Work Indicators Index (Relative),category_index,WE,relative,category,2,1,73.40932612245382
47,Tennessee,TN,2024,index_rel_all_work_indicators,All Work Indicators Index (Relative),category_index,WE,relative,category,2,1,34.79325143382948
48,Texas,TX,2024,index_rel_all_work_indicators,All Work Indicators Index (Relative),category_index,WE,relative,category,2,1,60.31232421724506
49,Utah,UT,2024,index_rel_all_work_indicators,All Work Indicators Index (Relative),category_index,WE,relative,category,2,1,84.71400075298044
50,Vermont,VT,2024,index_rel_all_work_indicators,All Work Indicators Index (Relative),category_index,WE,relative,category,2,1,41.22049505853392
51,Virginia,VA,2024,index_rel_all_work_indicators,All Work Indicators Index (Relative),category_index,WE,relative,category,2,1,70.0919778995839
53,Washington,WA,2024,index_rel_all_work_indicators,All Work Indicators Index (Relative),category_index,WE,relative,category,2,1,62.08135099025364
54,West Virginia,WV,2024,index_rel_all_work_indicators,All Work Indicators Index (Relative),category_index,WE,relative,category,2,1,22.4452457187828
55,Wisconsin,WI,2024,index_rel_all_work_indicators,All Work Indicators Index (Relative),category_index,WE,relative,category,2,1,71.43994461502
56,Wyoming,WY,2024,index_rel_all_work_indicators,All Work Indicators Index (Relative),category_index,WE,relative,category,2,1,65.67260936807826
72,Puerto Rico,PR,2024,index_rel_all_work_indicators,All Work Indicators Index (Relative),category_index,WE,relative,category,2,1,10.224186645390278
000,United States,USA,2024,index_rel_work_economic,Work-Economic Index (Relative),category_index,WE,relative,category,2,0.5,44.468001790491826
01,Alabama,AL,2024,index_rel_work_economic,Work-Economic Index (Relative),category_index,WE,relative,category,2,1,32.14020176786117
02,Alaska,AK,2024,index_rel_work_economic,Work-Economic Index (Relative),category_index,WE,relative,category,2,1,62.56356797509133
04,Arizona,AZ,2024,index_rel_work_economic,Work-Economic Index (Relative),category_index,WE,relative,category,2,1,63.14005099540005
05,Arkansas,AR,2024,index_rel_work_economic,Work-Economic Index (Relative),category_index,WE,relative,category,2,1,17.480773441523592
06,California,CA,2024,index_rel_work_economic,Work-Economic Index (Relative),category_index,WE,relative,category,2,1,52.926763341860884
08,Colorado,CO,2024,index_rel_work_economic,Work-Economic Index (Relative),category_index,WE,relative,category,2,1,75.60756300535627
09,Connecticut,CT,2024,index_rel_work_economic,Work-Economic Index (Relative),category_index,WE,relative,category,2,1,50.23707783095175
10,Delaware,DE,2024,index_rel_work_economic,Work-Economic Index (Relative),category_index,WE,relative,category,2,1,60.66071086342224
11,District of Columbia,DC,2024,index_rel_work_economic,Work-Economic Index (Relative),category_index,WE,relative,category,2,1,71.69959214179427
12,Florida,FL,2024,index_rel_work_economic,Work-Economic Index (Relative),category_index,WE,relative,category,2,1,45.90025806257495
13,Georgia,GA,2024,index_rel_work_economic,Work-Economic Index (Relative),category_index,WE,relative,category,2,1,59.46067406575059
15,Hawaii,HI,2024,index_rel_work_economic,Work-Economic Index (Relative),category_index,WE,relative,category,2,1,71.69786101439547
16,Idaho,ID,2024,index_rel_work_economic,Work-Economic Index (Relative),category_index,WE,relative,category,2,1,67.93250476804967
17,Illinois,IL,2024,index_rel_work_economic,Work-Economic Index (Relative),category_index,WE,relative,category,2,1,55.799364568722254
18,Indiana,IN,2024,index_rel_work_economic,Work-Economic Index (Relative),category_index,WE,relative,category,2,1,44.74059130056803
19,Iowa,IA,2024,index_rel_work_economic,Work-Economic Index (Relative),category_index,WE,relative,category,2,1,53.92950005792753
20,Kansas,KS,2024,index_rel_work_economic,Work-Economic Index (Relative),category_index,WE,relative,category,2,1,56.08073605130767
21,Kentucky,KY,2024,index_rel_work_economic,Work-Economic Index (Relative),category_index,WE,relative,category,2,1,21.820776610163694
22,Louisiana,LA,2024,index_rel_work_economic,Work-Economic Index (Relative),category_index,WE,relative,category,2,1,17.811448478970686
23,Maine,ME,2024,index_rel_work_economic,Work-Economic Index (Relative),category_index,WE,relative,category,2,1,24.41214228416583
24,Maryland,MD,2024,index_rel_work_economic,Work-Economic Index (Relative),category_index,WE,relative,category,2,1,77.55948095288878
25,Massachusetts,MA,2024,index_rel_work_economic,Work-Economic Index (Relative),category_index,WE,relative,category,2,1,53.15205646099777
26,Michigan,MI,2024,index_rel_work_economic,Work-Economic Index (Relative),category_index,WE,relative,category,2,1,28.20198044551438
27,Minnesota,MN,2024,index_rel_work_economic,Work-Economic Index (Relative),category_index,WE,relative,category,2,1,58.315029895524006
28,Mississippi,MS,2024,index_rel_work_economic,Work-Economic Index (Relative),category_index,WE,relative,category,2,1,17.84030634672113
29,Missouri,MO,2024,index_rel_work_economic,Work-Economic Index (Relative),category_index,WE,relative,category,2,1,38.77075642322605
30,Montana,MT,2024,index_rel_work_economic,Work-Economic Index (Relative),category_index,WE,relative,category,2,1,58.03036973830153
31,Nebraska,NE,2024,index_rel_work_economic,Work-Economic Index (Relative),category_index,WE,relative,category,2,1,68.54100547597113
32,Nevada,NV,2024,index_rel_work_economic,Work-Economic Index (Relative),category_index,WE,relative,category,2,1,56.54920964915574
33,New Hampshire,NH,2024,index_rel_work_economic,Work-Economic Index (Relative),category_index,WE,relative,category,2,1,56.43487559260994
34,New Jersey,NJ,2024,index_rel_work_economic,Work-Economic Index (Relative),category_index,WE,relative,category,2,1,68.2510541408025
35,New Mexico,NM,2024,index_rel_work_economic,Work-Economic Index (Relative),category_index,WE,relative,category,2,1,22.973174779751588
36,New York,NY,2024,index_rel_work_economic,Work-Economic Index (Relative),category_index,WE,relative,category,2,1,42.85981968498164
37,North Carolina,NC,2024,index_rel_work_economic,Work-Economic Index (Relative),category_index,WE,relative,category,2,1,51.13139086733584
38,North Dakota,ND,2024,index_rel_work_economic,Work-Economic Index (Relative),category_index,WE,relative,category,2,1,71.50204031645264
39,Ohio,OH,2024,index_rel_work_economic,Work-Economic Index (Relative),category_index,WE,relative,category,2,1,38.20097591625833
40,Oklahoma,OK,2024,index_rel_work_economic,Work-Economic Index (Relative),category_index,WE,relative,category,2,1,31.332667957104885
41,Oregon,OR,2024,index_rel_work_economic,Work-Economic Index (Relative),category_index,WE,relative,category,2,1,35.7917210108457
42,Pennsylvania,PA,2024,index_rel_work_economic,Work-Economic Index (Relative),category_index,WE,relative,category,2,1,40.799967965518334
44,Rhode Island,RI,2024,index_rel_work_economic,Work-Economic Index (Relative),category_index,WE,relative,category,2,1,40.25601998518941
45,South Carolina,SC,2024,index_rel_work_economic,Work-Economic Index (Relative),category_index,WE,relative,category,2,1,45.567942545300895
46,South Dakota,SD,2024,index_rel_work_economic,Work-Economic Index (Relative),category_index,WE,relative,category,2,1,68.63993716951309
47,Tennessee,TN,2024,index_rel_work_economic,Work-Economic Index (Relative),category_index,WE,relative,category,2,1,44.14671535370559
48,Texas,TX,2024,index_rel_work_economic,Work-Economic Index (Relative),category_index,WE,relative,category,2,1,62.63964700781849
49,Utah,UT,2024,index_rel_work_economic,Work-Economic Index (Relative),category_index,WE,relative,category,2,1,85.49335099798657
50,Vermont,VT,2024,index_rel_work_economic,Work-Economic Index (Relative),category_index,WE,relative,category,2,1,31.631319224996187
51,Virginia,VA,2024,index_rel_work_economic,Work-Economic Index (Relative),category_index,WE,relative,category,2,1,76.40238443985365
53,Washington,WA,2024,index_rel_work_economic,Work-Economic Index (Relative),category_index,WE,relative,category,2,1,60.87289243172037
54,West Virginia,WV,2024,index_rel_work_economic,Work-Economic Index (Relative),category_index,WE,relative,category,2,1,17.626355265890318
55,Wisconsin,WI,2024,index_rel_work_economic,Work-Economic Index (Relative),category_index,WE,relative,category,2,1,62.81218968817318
56,Wyoming,WY,2024,index_rel_work_economic,Work-Economic Index (Relative),category_index,WE,relative,category,2,1,56.27302245085315
72,Puerto Rico,PR,2024,index_rel_work_economic,Work-Economic Index (Relative),category_index,WE,relative,category,2,0.5,10.224186645390278
000,United States,USA,2024,index_rel_housing_affordability,Housing Affordability Index (Relative),scorecard_index,WE,relative,scorecard,3,0,NA
01,Alabama,AL,2024,index_rel_housing_affordability,Housing Affordability Index (Relative),scorecard_index,WE,relative,scorecard,3,1,26.0885791022304
02,Alaska,AK,2024,index_rel_housing_affordability,Housing Affordability Index (Relative),scorecard_index,WE,relative,scorecard,3,1,70.84903601101192
04,Arizona,AZ,2024,index_rel_housing_affordability,Housing Affordability Index (Relative),scorecard_index,WE,relative,scorecard,3,1,68.63838256080017
05,Arkansas,AR,2024,index_rel_housing_affordability,Housing Affordability Index (Relative),scorecard_index,WE,relative,scorecard,3,1,9.562295603364396
06,California,CA,2024,index_rel_housing_affordability,Housing Affordability Index (Relative),scorecard_index,WE,relative,scorecard,3,1,64.45860855097713
08,Colorado,CO,2024,index_rel_housing_affordability,Housing Affordability Index (Relative),scorecard_index,WE,relative,scorecard,3,1,74.00676895285521
09,Connecticut,CT,2024,index_rel_housing_affordability,Housing Affordability Index (Relative),scorecard_index,WE,relative,scorecard,3,1,54.44596511317389
10,Delaware,DE,2024,index_rel_housing_affordability,Housing Affordability Index (Relative),scorecard_index,WE,relative,scorecard,3,1,53.49903931887196
11,District of Columbia,DC,2024,index_rel_housing_affordability,Housing Affordability Index (Relative),scorecard_index,WE,relative,scorecard,3,1,93.53578830445001
12,Florida,FL,2024,index_rel_housing_affordability,Housing Affordability Index (Relative),scorecard_index,WE,relative,scorecard,3,1,50.61406705122206
13,Georgia,GA,2024,index_rel_housing_affordability,Housing Affordability Index (Relative),scorecard_index,WE,relative,scorecard,3,1,68.68774935481132
15,Hawaii,HI,2024,index_rel_housing_affordability,Housing Affordability Index (Relative),scorecard_index,WE,relative,scorecard,3,1,78.4561715378906
16,Idaho,ID,2024,index_rel_housing_affordability,Housing Affordability Index (Relative),scorecard_index,WE,relative,scorecard,3,1,60.02740059953505
17,Illinois,IL,2024,index_rel_housing_affordability,Housing Affordability Index (Relative),scorecard_index,WE,relative,scorecard,3,1,69.41148369374226
18,Indiana,IN,2024,index_rel_housing_affordability,Housing Affordability Index (Relative),scorecard_index,WE,relative,scorecard,3,1,39.08978560346174
19,Iowa,IA,2024,index_rel_housing_affordability,Housing Affordability Index (Relative),scorecard_index,WE,relative,scorecard,3,1,42.259231338418694
20,Kansas,KS,2024,index_rel_housing_affordability,Housing Affordability Index (Relative),scorecard_index,WE,relative,scorecard,3,1,48.25451889052729
21,Kentucky,KY,2024,index_rel_housing_affordability,Housing Affordability Index (Relative),scorecard_index,WE,relative,scorecard,3,1,15.449263838184919
22,Louisiana,LA,2024,index_rel_housing_affordability,Housing Affordability Index (Relative),scorecard_index,WE,relative,scorecard,3,1,14.772587863474849
23,Maine,ME,2024,index_rel_housing_affordability,Housing Affordability Index (Relative),scorecard_index,WE,relative,scorecard,3,1,20.87547780666254
24,Maryland,MD,2024,index_rel_housing_affordability,Housing Affordability Index (Relative),scorecard_index,WE,relative,scorecard,3,1,81.94256265654354
25,Massachusetts,MA,2024,index_rel_housing_affordability,Housing Affordability Index (Relative),scorecard_index,WE,relative,scorecard,3,1,60.204957443694816
26,Michigan,MI,2024,index_rel_housing_affordability,Housing Affordability Index (Relative),scorecard_index,WE,relative,scorecard,3,1,26.32134394435477
27,Minnesota,MN,2024,index_rel_housing_affordability,Housing Affordability Index (Relative),scorecard_index,WE,relative,scorecard,3,1,56.58418194962133
28,Mississippi,MS,2024,index_rel_housing_affordability,Housing Affordability Index (Relative),scorecard_index,WE,relative,scorecard,3,1,12.394033639005983
29,Missouri,MO,2024,index_rel_housing_affordability,Housing Affordability Index (Relative),scorecard_index,WE,relative,scorecard,3,1,34.53172651127725
30,Montana,MT,2024,index_rel_housing_affordability,Housing Affordability Index (Relative),scorecard_index,WE,relative,scorecard,3,1,52.08957909095489
31,Nebraska,NE,2024,index_rel_housing_affordability,Housing Affordability Index (Relative),scorecard_index,WE,relative,scorecard,3,1,61.23604194377591
32,Nevada,NV,2024,index_rel_housing_affordability,Housing Affordability Index (Relative),scorecard_index,WE,relative,scorecard,3,1,47.979998285938244
33,New Hampshire,NH,2024,index_rel_housing_affordability,Housing Affordability Index (Relative),scorecard_index,WE,relative,scorecard,3,1,42.77595858731589
34,New Jersey,NJ,2024,index_rel_housing_affordability,Housing Affordability Index (Relative),scorecard_index,WE,relative,scorecard,3,1,72.584043699764507
35,New Mexico,NM,2024,index_rel_housing_affordability,Housing Affordability Index (Relative),scorecard_index,WE,relative,scorecard,3,1,24.028870532123324
36,New York,NY,2024,index_rel_housing_affordability,Housing Affordability Index (Relative),scorecard_index,WE,relative,scorecard,3,1,63.31247800713576
37,North Carolina,NC,2024,index_rel_housing_affordability,Housing Affordability Index (Relative),scorecard_index,WE,relative,scorecard,3,1,58.2012030074229
38,North Dakota,ND,2024,index_rel_housing_affordability,Housing Affordability Index (Relative),scorecard_index,WE,relative,scorecard,3,1,62.892022270582174
39,Ohio,OH,2024,index_rel_housing_affordability,Housing Affordability Index (Relative),scorecard_index,WE,relative,scorecard,3,1,39.60523048855267
40,Oklahoma,OK,2024,index_rel_housing_affordability,Housing Affordability Index (Relative),scorecard_index,WE,relative,scorecard,3,1,20.68488339691993
41,Oregon,OR,2024,index_rel_housing_affordability,Housing Affordability Index (Relative),scorecard_index,WE,relative,scorecard,3,1,31.715016038631585
42,Pennsylvania,PA,2024,index_rel_housing_affordability,Housing Affordability Index (Relative),scorecard_index,WE,relative,scorecard,3,1,44.89794174260567
44,Rhode Island,RI,2024,index_rel_housing_affordability,Housing Affordability Index (Relative),scorecard_index,WE,relative,scorecard,3,1,34.91014671798938
45,South Carolina,SC,2024,index_rel_housing_affordability,Housing Affordability Index (Relative),scorecard_index,WE,relative,scorecard,3,1,51.7454321532247
46,South Dakota,SD,2024,index_rel_housing_affordability,Housing Affordability Index (Relative),scorecard_index,WE,relative,scorecard,3,1,63.87054821657235
47,Tennessee,TN,2024,index_rel_housing_affordability,Housing Affordability Index (Relative),scorecard_index,WE,relative,scorecard,3,1,53.500179273581686
48,Texas,TX,2024,index_rel_housing_affordability,Housing Affordability Index (Relative),scorecard_index,WE,relative,scorecard,3,1,64.966969798391915
49,Utah,UT,2024,index_rel_housing_affordability,Housing Affordability Index (Relative),scorecard_index,WE,relative,scorecard,3,1,86.27270124299271
50,Vermont,VT,2024,index_rel_housing_affordability,Housing Affordability Index (Relative),scorecard_index,WE,relative,scorecard,3,1,22.042143391458453
51,Virginia,VA,2024,index_rel_housing_affordability,Housing Affordability Index (Relative),scorecard_index,WE,relative,scorecard,3,1,82.71279098012342
53,Washington,WA,2024,index_rel_housing_affordability,Housing Affordability Index (Relative),scorecard_index,WE,relative,scorecard,3,1,59.66443387318711
54,West Virginia,WV,2024,index_rel_housing_affordability,Housing Affordability Index (Relative),scorecard_index,WE,relative,scorecard,3,1,12.807464812997836
55,Wisconsin,WI,2024,index_rel_housing_affordability,Housing Affordability Index (Relative),scorecard_index,WE,relative,scorecard,3,1,54.18443476132635
56,Wyoming,WY,2024,index_rel_housing_affordability,Housing Affordability Index (Relative),scorecard_index,WE,relative,scorecard,3,1,46.87343553362805
72,Puerto Rico,PR,2024,index_rel_housing_affordability,Housing Affordability Index (Relative),scorecard_index,WE,relative,scorecard,3,0,NA
000,United States,USA,2024,index_rel_negative_work,Negative Work Indicators Index (Relative),scorecard_index,WE,relative,scorecard,3,1,46.4000692476084
01,Alabama,AL,2024,index_rel_negative_work,Negative Work Indicators Index (Relative),scorecard_index,WE,relative,scorecard,3,1,42.871133223172954
02,Alaska,AK,2024,index_rel_negative_work,Negative Work Indicators Index (Relative),scorecard_index,WE,relative,scorecard,3,1,54.22387446600686
04,Arizona,AZ,2024,index_rel_negative_work,Negative Work Indicators Index (Relative),scorecard_index,WE,relative,scorecard,3,1,57.236344283410936
05,Arkansas,AR,2024,index_rel_negative_work,Negative Work Indicators Index (Relative),scorecard_index,WE,relative,scorecard,3,1,35.681036404413845
06,California,CA,2024,index_rel_negative_work,Negative Work Indicators Index (Relative),scorecard_index,WE,relative,scorecard,3,1,37.65161216375656
08,Colorado,CO,2024,index_rel_negative_work,Negative Work Indicators Index (Relative),scorecard_index,WE,relative,scorecard,3,1,66.47667865023038
09,Connecticut,CT,2024,index_rel_negative_work,Negative Work Indicators Index (Relative),scorecard_index,WE,relative,scorecard,3,1,43.82067449608419
10,Delaware,DE,2024,index_rel_negative_work,Negative Work Indicators Index (Relative),scorecard_index,WE,relative,scorecard,3,1,69.73662231531833
11,District of Columbia,DC,2024,index_rel_negative_work,Negative Work Indicators Index (Relative),scorecard_index,WE,relative,scorecard,3,1,29.355435148922663
12,Florida,FL,2024,index_rel_negative_work,Negative Work Indicators Index (Relative),scorecard_index,WE,relative,scorecard,3,1,49.66566338597647
13,Georgia,GA,2024,index_rel_negative_work,Negative Work Indicators Index (Relative),scorecard_index,WE,relative,scorecard,3,1,47.308113355886775
15,Hawaii,HI,2024,index_rel_negative_work,Negative Work Indicators Index (Relative),scorecard_index,WE,relative,scorecard,3,1,64.81402024905758
16,Idaho,ID,2024,index_rel_negative_work,Negative Work Indicators Index (Relative),scorecard_index,WE,relative,scorecard,3,1,83.79542970151955
17,Illinois,IL,2024,index_rel_negative_work,Negative Work Indicators Index (Relative),scorecard_index,WE,relative,scorecard,3,1,43.40703695423617
18,Indiana,IN,2024,index_rel_negative_work,Negative Work Indicators Index (Relative),scorecard_index,WE,relative,scorecard,3,1,55.7103652252969
19,Iowa,IA,2024,index_rel_negative_work,Negative Work Indicators Index (Relative),scorecard_index,WE,relative,scorecard,3,1,70.30060684990589
20,Kansas,KS,2024,index_rel_negative_work,Negative Work Indicators Index (Relative),scorecard_index,WE,relative,scorecard,3,1,68.39470112574674
21,Kentucky,KY,2024,index_rel_negative_work,Negative Work Indicators Index (Relative),scorecard_index,WE,relative,scorecard,3,1,34.77696781986935
22,Louisiana,LA,2024,index_rel_negative_work,Negative Work Indicators Index (Relative),scorecard_index,WE,relative,scorecard,3,1,23.502794663834027
23,Maine,ME,2024,index_rel_negative_work,Negative Work Indicators Index (Relative),scorecard_index,WE,relative,scorecard,3,1,44.816687814164986
24,Maryland,MD,2024,index_rel_negative_work,Negative Work Indicators Index (Relative),scorecard_index,WE,relative,scorecard,3,1,57.39404216508541
25,Massachusetts,MA,2024,index_rel_negative_work,Negative Work Indicators Index (Relative),scorecard_index,WE,relative,scorecard,3,1,39.3238294148529
26,Michigan,MI,2024,index_rel_negative_work,Negative Work Indicators Index (Relative),scorecard_index,WE,relative,scorecard,3,1,35.78391357899226
27,Minnesota,MN,2024,index_rel_negative_work,Negative Work Indicators Index (Relative),scorecard_index,WE,relative,scorecard,3,1,60.9868539540037
28,Mississippi,MS,2024,index_rel_negative_work,Negative Work Indicators Index (Relative),scorecard_index,WE,relative,scorecard,3,1,32.981531048009465
29,Missouri,MO,2024,index_rel_negative_work,Negative Work Indicators Index (Relative),scorecard_index,WE,relative,scorecard,3,1,52.21106901291296
30,Montana,MT,2024,index_rel_negative_work,Negative Work Indicators Index (Relative),scorecard_index,WE,relative,scorecard,3,1,75.70238042831522
31,Nebraska,NE,2024,index_rel_negative_work,Negative Work Indicators Index (Relative),scorecard_index,WE,relative,scorecard,3,1,77.68531374336663
32,Nevada,NV,2024,index_rel_negative_work,Negative Work Indicators Index (Relative),scorecard_index,WE,relative,scorecard,3,1,55.118385750499705
33,New Hampshire,NH,2024,index_rel_negative_work,Negative Work Indicators Index (Relative),scorecard_index,WE,relative,scorecard,3,1,78.34349446939041
34,New Jersey,NJ,2024,index_rel_negative_work,Negative Work Indicators Index (Relative),scorecard_index,WE,relative,scorecard,3,1,49.64404782084123
35,New Mexico,NM,2024,index_rel_negative_work,Negative Work Indicators Index (Relative),scorecard_index,WE,relative,scorecard,3,1,26.686943355601276
36,New York,NY,2024,index_rel_negative_work,Negative Work Indicators Index (Relative),scorecard_index,WE,relative,scorecard,3,1,18.801458904967664
37,North Carolina,NC,2024,index_rel_negative_work,Negative Work Indicators Index (Relative),scorecard_index,WE,relative,scorecard,3,1,47.71307478289882
38,North Dakota,ND,2024,index_rel_negative_work,Negative Work Indicators Index (Relative),scorecard_index,WE,relative,scorecard,3,1,74.13465111821158
39,Ohio,OH,2024,index_rel_negative_work,Negative Work Indicators Index (Relative),scorecard_index,WE,relative,scorecard,3,1,41.00041371660899
40,Oklahoma,OK,2024,index_rel_negative_work,Negative Work Indicators Index (Relative),scorecard_index,WE,relative,scorecard,3,1,50.335206295774064
41,Oregon,OR,2024,index_rel_negative_work,Negative Work Indicators Index (Relative),scorecard_index,WE,relative,scorecard,3,1,44.64289684965365
42,Pennsylvania,PA,2024,index_rel_negative_work,Negative Work Indicators Index (Relative),scorecard_index,WE,relative,scorecard,3,1,39.27485229220809
44,Rhode Island,RI,2024,index_rel_negative_work,Negative Work Indicators Index (Relative),scorecard_index,WE,relative,scorecard,3,1,45.23446094644563
45,South Carolina,SC,2024,index_rel_negative_work,Negative Work Indicators Index (Relative),scorecard_index,WE,relative,scorecard,3,1,47.183689957454284
46,South Dakota,SD,2024,index_rel_negative_work,Negative Work Indicators Index (Relative),scorecard_index,WE,relative,scorecard,3,1,78.88200252813282
47,Tennessee,TN,2024,index_rel_negative_work,Negative Work Indicators Index (Relative),scorecard_index,WE,relative,scorecard,3,1,43.76890352056673
48,Texas,TX,2024,index_rel_negative_work,Negative Work Indicators Index (Relative),scorecard_index,WE,relative,scorecard,3,1,57.394407225903336
49,Utah,UT,2024,index_rel_negative_work,Negative Work Indicators Index (Relative),scorecard_index,WE,relative,scorecard,3,1,87.74565998141378
50,Vermont,VT,2024,index_rel_negative_work,Negative Work Indicators Index (Relative),scorecard_index,WE,relative,scorecard,3,1,55.4834165921954
51,Virginia,VA,2024,index_rel_negative_work,Negative Work Indicators Index (Relative),scorecard_index,WE,relative,scorecard,3,1,65.787248632672
53,Washington,WA,2024,index_rel_negative_work,Negative Work Indicators Index (Relative),scorecard_index,WE,relative,scorecard,3,1,56.58425854874432
54,West Virginia,WV,2024,index_rel_negative_work,Negative Work Indicators Index (Relative),scorecard_index,WE,relative,scorecard,3,1,36.42605745926194
55,Wisconsin,WI,2024,index_rel_negative_work,Negative Work Indicators Index (Relative),scorecard_index,WE,relative,scorecard,3,1,73.3616426887787
56,Wyoming,WY,2024,index_rel_negative_work,Negative Work Indicators Index (Relative),scorecard_index,WE,relative,scorecard,3,1,75.07930381646197
72,Puerto Rico,PR,2024,index_rel_negative_work,Negative Work Indicators Index (Relative),scorecard_index,WE,relative,scorecard,3,1,20.08531251919793
000,United States,USA,2024,index_rel_positive_work,Positive Work Indicators Index (Relative),scorecard_index,WE,relative,scorecard,3,0.3333333333333333,42.53593433337525
01,Alabama,AL,2024,index_rel_positive_work,Positive Work Indicators Index (Relative),scorecard_index,WE,relative,scorecard,3,1,33.51251564381094
02,Alaska,AK,2024,index_rel_positive_work,Positive Work Indicators Index (Relative),scorecard_index,WE,relative,scorecard,3,1,54.33232541233463
04,Arizona,AZ,2024,index_rel_positive_work,Positive Work Indicators Index (Relative),scorecard_index,WE,relative,scorecard,3,1,58.04709457658894
05,Arkansas,AR,2024,index_rel_positive_work,Positive Work Indicators Index (Relative),scorecard_index,WE,relative,scorecard,3,1,15.117466154951737
06,California,CA,2024,index_rel_positive_work,Positive Work Indicators Index (Relative),scorecard_index,WE,relative,scorecard,3,1,45.1382241017327
08,Colorado,CO,2024,index_rel_positive_work,Positive Work Indicators Index (Relative),scorecard_index,WE,relative,scorecard,3,1,87.94003546548429
09,Connecticut,CT,2024,index_rel_positive_work,Positive Work Indicators Index (Relative),scorecard_index,WE,relative,scorecard,3,1,48.235706601375
10,Delaware,DE,2024,index_rel_positive_work,Positive Work Indicators Index (Relative),scorecard_index,WE,relative,scorecard,3,1,65.90814250062674
11,District of Columbia,DC,2024,index_rel_positive_work,Positive Work Indicators Index (Relative),scorecard_index,WE,relative,scorecard,3,1,70.37135680935438
12,Florida,FL,2024,index_rel_positive_work,Positive Work Indicators Index (Relative),scorecard_index,WE,relative,scorecard,3,1,32.707234761879214
13,Georgia,GA,2024,index_rel_positive_work,Positive Work Indicators Index (Relative),scorecard_index,WE,relative,scorecard,3,1,53.159084197492945
15,Hawaii,HI,2024,index_rel_positive_work,Positive Work Indicators Index (Relative),scorecard_index,WE,relative,scorecard,3,1,65.06508073274314
16,Idaho,ID,2024,index_rel_positive_work,Positive Work Indicators Index (Relative),scorecard_index,WE,relative,scorecard,3,1,67.87978817160901
17,Illinois,IL,2024,index_rel_positive_work,Positive Work Indicators Index (Relative),scorecard_index,WE,relative,scorecard,3,1,40.96745393316835
18,Indiana,IN,2024,index_rel_positive_work,Positive Work Indicators Index (Relative),scorecard_index,WE,relative,scorecard,3,1,45.07242877005172
19,Iowa,IA,2024,index_rel_positive_work,Positive Work Indicators Index (Relative),scorecard_index,WE,relative,scorecard,3,1,60.89893070496681
20,Kansas,KS,2024,index_rel_positive_work,Positive Work Indicators Index (Relative),scorecard_index,WE,relative,scorecard,3,1,59.41920529842935
21,Kentucky,KY,2024,index_rel_positive_work,Positive Work Indicators Index (Relative),scorecard_index,WE,relative,scorecard,3,1,21.607610944415587
22,Louisiana,LA,2024,index_rel_positive_work,Positive Work Indicators Index (Relative),scorecard_index,WE,relative,scorecard,3,1,18.19782352509902
23,Maine,ME,2024,index_rel_positive_work,Positive Work Indicators Index (Relative),scorecard_index,WE,relative,scorecard,3,1,11.080925709173256
24,Maryland,MD,2024,index_rel_positive_work,Positive Work Indicators Index (Relative),scorecard_index,WE,relative,scorecard,3,1,88.95875633338261
25,Massachusetts,MA,2024,index_rel_positive_work,Positive Work Indicators Index (Relative),scorecard_index,WE,relative,scorecard,3,1,52.874481541748565
26,Michigan,MI,2024,index_rel_positive_work,Positive Work Indicators Index (Relative),scorecard_index,WE,relative,scorecard,3,1,24.381320314355715
27,Minnesota,MN,2024,index_rel_positive_work,Positive Work Indicators Index (Relative),scorecard_index,WE,relative,scorecard,3,1,59.10490172884968
28,Mississippi,MS,2024,index_rel_positive_work,Positive Work Indicators Index (Relative),scorecard_index,WE,relative,scorecard,3,1,13.591627060863084
29,Missouri,MO,2024,index_rel_positive_work,Positive Work Indicators Index (Relative),scorecard_index,WE,relative,scorecard,3,1,33.808503657436745
30,Montana,MT,2024,index_rel_positive_work,Positive Work Indicators Index (Relative),scorecard_index,WE,relative,scorecard,3,1,52.23994034298113
31,Nebraska,NE,2024,index_rel_positive_work,Positive Work Indicators Index (Relative),scorecard_index,WE,relative,scorecard,3,1,74.00662427296606
32,Nevada,NV,2024,index_rel_positive_work,Positive Work Indicators Index (Relative),scorecard_index,WE,relative,scorecard,3,1,75.11845627424678
33,New Hampshire,NH,2024,index_rel_positive_work,Positive Work Indicators Index (Relative),scorecard_index,WE,relative,scorecard,3,1,61.8440907264176
34,New Jersey,NJ,2024,index_rel_positive_work,Positive Work Indicators Index (Relative),scorecard_index,WE,relative,scorecard,3,1,78.19208134283971
35,New Mexico,NM,2024,index_rel_positive_work,Positive Work Indicators Index (Relative),scorecard_index,WE,relative,scorecard,3,1,17.148014699158434
36,New York,NY,2024,index_rel_positive_work,Positive Work Indicators Index (Relative),scorecard_index,WE,relative,scorecard,3,1,26.012863820687368
37,North Carolina,NC,2024,index_rel_positive_work,Positive Work Indicators Index (Relative),scorecard_index,WE,relative,scorecard,3,1,40.41008267159875
38,North Dakota,ND,2024,index_rel_positive_work,Positive Work Indicators Index (Relative),scorecard_index,WE,relative,scorecard,3,1,86.08946560643462
39,Ohio,OH,2024,index_rel_positive_work,Positive Work Indicators Index (Relative),scorecard_index,WE,relative,scorecard,3,1,32.593028971319
40,Oklahoma,OK,2024,index_rel_positive_work,Positive Work Indicators Index (Relative),scorecard_index,WE,relative,scorecard,3,1,33.62569873880562
41,Oregon,OR,2024,index_rel_positive_work,Positive Work Indicators Index (Relative),scorecard_index,WE,relative,scorecard,3,1,35.093955116465956
42,Pennsylvania,PA,2024,index_rel_positive_work,Positive Work Indicators Index (Relative),scorecard_index,WE,relative,scorecard,3,1,34.12913608465393
44,Rhode Island,RI,2024,index_rel_positive_work,Positive Work Indicators Index (Relative),scorecard_index,WE,relative,scorecard,3,1,45.969325558333274
45,South Carolina,SC,2024,index_rel_positive_work,Positive Work Indicators Index (Relative),scorecard_index,WE,relative,scorecard,3,1,31.59721591729989
46,South Dakota,SD,2024,index_rel_positive_work,Positive Work Indicators Index (Relative),scorecard_index,WE,relative,scorecard,3,1,67.93664971677484
47,Tennessee,TN,2024,index_rel_positive_work,Positive Work Indicators Index (Relative),scorecard_index,WE,relative,scorecard,3,1,25.817599347092226
48,Texas,TX,2024,index_rel_positive_work,Positive Work Indicators Index (Relative),scorecard_index,WE,relative,scorecard,3,1,63.23024120858679
49,Utah,UT,2024,index_rel_positive_work,Positive Work Indicators Index (Relative),scorecard_index,WE,relative,scorecard,3,1,81.68234152454708
50,Vermont,VT,2024,index_rel_positive_work,Positive Work Indicators Index (Relative),scorecard_index,WE,relative,scorecard,3,1,26.95757352487244
51,Virginia,VA,2024,index_rel_positive_work,Positive Work Indicators Index (Relative),scorecard_index,WE,relative,scorecard,3,1,74.39670716649577
53,Washington,WA,2024,index_rel_positive_work,Positive Work Indicators Index (Relative),scorecard_index,WE,relative,scorecard,3,1,67.57844343176296
54,West Virginia,WV,2024,index_rel_positive_work,Positive Work Indicators Index (Relative),scorecard_index,WE,relative,scorecard,3,1,8.46443397830366
55,Wisconsin,WI,2024,index_rel_positive_work,Positive Work Indicators Index (Relative),scorecard_index,WE,relative,scorecard,3,1,69.51824654126129
56,Wyoming,WY,2024,index_rel_positive_work,Positive Work Indicators Index (Relative),scorecard_index,WE,relative,scorecard,3,1,56.265914919694545
72,Puerto Rico,PR,2024,index_rel_positive_work,Positive Work Indicators Index (Relative),scorecard_index,WE,relative,scorecard,3,0.3333333333333333,0.36306077158262584
000,United States,USA,2024,index_rel_adaparc,ADA-PARC Index (Relative),category_index,NA,relative,category,3,0.6666666666666666,NA
01,Alabama,AL,2024,index_rel_adaparc,ADA-PARC Index (Relative),category_index,NA,relative,category,3,1,29.111441379901237
02,Alaska,AK,2024,index_rel_adaparc,ADA-PARC Index (Relative),category_index,NA,relative,category,3,1,59.95174482824399
04,Arizona,AZ,2024,index_rel_adaparc,ADA-PARC Index (Relative),category_index,NA,relative,category,3,1,52.477307727836425
05,Arkansas,AR,2024,index_rel_adaparc,ADA-PARC Index (Relative),category_index,NA,relative,category,3,1,29.010254882554865
06,California,CA,2024,index_rel_adaparc,ADA-PARC Index (Relative),category_index,NA,relative,category,3,1,56.932443955703434
08,Colorado,CO,2024,index_rel_adaparc,ADA-PARC Index (Relative),category_index,NA,relative,category,3,1,70.34651346886552
09,Connecticut,CT,2024,index_rel_adaparc,ADA-PARC Index (Relative),category_index,NA,relative,category,3,1,53.78050563864637
10,Delaware,DE,2024,index_rel_adaparc,ADA-PARC Index (Relative),category_index,NA,relative,category,3,1,60.433950257934306
11,District of Columbia,DC,2024,index_rel_adaparc,ADA-PARC Index (Relative),category_index,NA,relative,category,3,1,52.63661654023094
12,Florida,FL,2024,index_rel_adaparc,ADA-PARC Index (Relative),category_index,NA,relative,category,3,1,48.36055681615568
13,Georgia,GA,2024,index_rel_adaparc,ADA-PARC Index (Relative),category_index,NA,relative,category,3,1,46.10737180229117
15,Hawaii,HI,2024,index_rel_adaparc,ADA-PARC Index (Relative),category_index,NA,relative,category,3,1,67.12449873551218
16,Idaho,ID,2024,index_rel_adaparc,ADA-PARC Index (Relative),category_index,NA,relative,category,3,1,68.02879552674557
17,Illinois,IL,2024,index_rel_adaparc,ADA-PARC Index (Relative),category_index,NA,relative,category,3,1,47.513309946348045
18,Indiana,IN,2024,index_rel_adaparc,ADA-PARC Index (Relative),category_index,NA,relative,category,3,1,46.07286319033236
19,Iowa,IA,2024,index_rel_adaparc,ADA-PARC Index (Relative),category_index,NA,relative,category,3,1,50.26093965763744
20,Kansas,KS,2024,index_rel_adaparc,ADA-PARC Index (Relative),category_index,NA,relative,category,3,1,42.07234729117822
21,Kentucky,KY,2024,index_rel_adaparc,ADA-PARC Index (Relative),category_index,NA,relative,category,3,1,35.08049733715526
22,Louisiana,LA,2024,index_rel_adaparc,ADA-PARC Index (Relative),category_index,NA,relative,category,3,1,25.280443203011515
23,Maine,ME,2024,index_rel_adaparc,ADA-PARC Index (Relative),category_index,NA,relative,category,3,1,50.08645343519179
24,Maryland,MD,2024,index_rel_adaparc,ADA-PARC Index (Relative),category_index,NA,relative,category,3,1,65.68503403725371
25,Massachusetts,MA,2024,index_rel_adaparc,ADA-PARC Index (Relative),category_index,NA,relative,category,3,1,59.529857695366765
26,Michigan,MI,2024,index_rel_adaparc,ADA-PARC Index (Relative),category_index,NA,relative,category,3,1,40.883879652698575
27,Minnesota,MN,2024,index_rel_adaparc,ADA-PARC Index (Relative),category_index,NA,relative,category,3,1,62.57073875675718
28,Mississippi,MS,2024,index_rel_adaparc,ADA-PARC Index (Relative),category_index,NA,relative,category,3,1,24.721310455785503
29,Missouri,MO,2024,index_rel_adaparc,ADA-PARC Index (Relative),category_index,NA,relative,category,3,1,42.28877310588097
30,Montana,MT,2024,index_rel_adaparc,ADA-PARC Index (Relative),category_index,NA,relative,category,3,1,53.5110660840769
31,Nebraska,NE,2024,index_rel_adaparc,ADA-PARC Index (Relative),category_index,NA,relative,category,3,1,55.98657595685725
32,Nevada,NV,2024,index_rel_adaparc,ADA-PARC Index (Relative),category_index,NA,relative,category,3,1,52.71002098409332
33,New Hampshire,NH,2024,index_rel_adaparc,ADA-PARC Index (Relative),category_index,NA,relative,category,3,1,64.16526271324005
34,New Jersey,NJ,2024,index_rel_adaparc,ADA-PARC Index (Relative),category_index,NA,relative,category,3,1,62.80850559395327
35,New Mexico,NM,2024,index_rel_adaparc,ADA-PARC Index (Relative),category_index,NA,relative,category,3,1,39.99838325148878
36,New York,NY,2024,index_rel_adaparc,ADA-PARC Index (Relative),category_index,NA,relative,category,3,1,46.76009005472787
37,North Carolina,NC,2024,index_rel_adaparc,ADA-PARC Index (Relative),category_index,NA,relative,category,3,1,40.998319335656255
38,North Dakota,ND,2024,index_rel_adaparc,ADA-PARC Index (Relative),category_index,NA,relative,category,3,1,51.82243278851232
39,Ohio,OH,2024,index_rel_adaparc,ADA-PARC Index (Relative),category_index,NA,relative,category,3,1,41.53909678821658
40,Oklahoma,OK,2024,index_rel_adaparc,ADA-PARC Index (Relative),category_index,NA,relative,category,3,1,35.72916456997333
41,Oregon,OR,2024,index_rel_adaparc,ADA-PARC Index (Relative),category_index,NA,relative,category,3,1,59.154550983893756
42,Pennsylvania,PA,2024,index_rel_adaparc,ADA-PARC Index (Relative),category_index,NA,relative,category,3,1,47.8652890742307
44,Rhode Island,RI,2024,index_rel_adaparc,ADA-PARC Index (Relative),category_index,NA,relative,category,3,1,47.31588019412833
45,South Carolina,SC,2024,index_rel_adaparc,ADA-PARC Index (Relative),category_index,NA,relative,category,3,1,37.78444906245999
46,South Dakota,SD,2024,index_rel_adaparc,ADA-PARC Index (Relative),category_index,NA,relative,category,3,1,50.38912120769004
47,Tennessee,TN,2024,index_rel_adaparc,ADA-PARC Index (Relative),category_index,NA,relative,category,3,1,37.668539623410595
48,Texas,TX,2024,index_rel_adaparc,ADA-PARC Index (Relative),category_index,NA,relative,category,3,1,46.69119714623046
49,Utah,UT,2024,index_rel_adaparc,ADA-PARC Index (Relative),category_index,NA,relative,category,3,1,72.62218005693559
50,Vermont,VT,2024,index_rel_adaparc,ADA-PARC Index (Relative),category_index,NA,relative,category,3,1,55.467383549785616
51,Virginia,VA,2024,index_rel_adaparc,ADA-PARC Index (Relative),category_index,NA,relative,category,3,1,62.803245147672634
53,Washington,WA,2024,index_rel_adaparc,ADA-PARC Index (Relative),category_index,NA,relative,category,3,1,69.16845376766189
54,West Virginia,WV,2024,index_rel_adaparc,ADA-PARC Index (Relative),category_index,NA,relative,category,3,1,33.2430730250469
55,Wisconsin,WI,2024,index_rel_adaparc,ADA-PARC Index (Relative),category_index,NA,relative,category,3,1,59.4975818146647
56,Wyoming,WY,2024,index_rel_adaparc,ADA-PARC Index (Relative),category_index,NA,relative,category,3,1,58.58686642589379
72,Puerto Rico,PR,2024,index_rel_adaparc,ADA-PARC Index (Relative),category_index,NA,relative,category,3,0.6666666666666666,NA
000,United States,USA,2024,index_adaparc,ADA-PARC Index,category_index,NA,NA,category,2,0.5,NA
01,Alabama,AL,2024,index_adaparc,ADA-PARC Index,category_index,NA,NA,category,2,1,42.94007305497148
02,Alaska,AK,2024,index_adaparc,ADA-PARC Index,category_index,NA,NA,category,2,1,55.22412804070362
04,Arizona,AZ,2024,index_adaparc,ADA-PARC Index,category_index,NA,NA,category,2,1,50.183370463328586
05,Arkansas,AR,2024,index_adaparc,ADA-PARC Index,category_index,NA,NA,category,2,1,41.481223224230696
06,California,CA,2024,index_adaparc,ADA-PARC Index,category_index,NA,NA,category,2,1,53.02303846699
08,Colorado,CO,2024,index_adaparc,ADA-PARC Index,category_index,NA,NA,category,2,1,58.355352857105366
09,Connecticut,CT,2024,index_adaparc,ADA-PARC Index,category_index,NA,NA,category,2,1,47.45826427924776
10,Delaware,DE,2024,index_adaparc,ADA-PARC Index,category_index,NA,NA,category,2,1,53.96020002507714
11,District of Columbia,DC,2024,index_adaparc,ADA-PARC Index,category_index,NA,NA,category,2,1,52.14174602601062
12,Florida,FL,2024,index_adaparc,ADA-PARC Index,category_index,NA,NA,category,2,1,48.84936126849418
13,Georgia,GA,2024,index_adaparc,ADA-PARC Index,category_index,NA,NA,category,2,1,48.96387999835156
15,Hawaii,HI,2024,index_adaparc,ADA-PARC Index,category_index,NA,NA,category,2,1,57.15175168456621
16,Idaho,ID,2024,index_adaparc,ADA-PARC Index,category_index,NA,NA,category,2,1,61.00386411762908
17,Illinois,IL,2024,index_adaparc,ADA-PARC Index,category_index,NA,NA,category,2,1,46.95218750648813
18,Indiana,IN,2024,index_adaparc,ADA-PARC Index,category_index,NA,NA,category,2,1,50.208968070884566
19,Iowa,IA,2024,index_adaparc,ADA-PARC Index,category_index,NA,NA,category,2,1,48.50198310292201
20,Kansas,KS,2024,index_adaparc,ADA-PARC Index,category_index,NA,NA,category,2,1,48.13601762732503
21,Kentucky,KY,2024,index_adaparc,ADA-PARC Index,category_index,NA,NA,category,2,1,44.46754089762291
22,Louisiana,LA,2024,index_adaparc,ADA-PARC Index,category_index,NA,NA,category,2,1,36.93014631587758
23,Maine,ME,2024,index_adaparc,ADA-PARC Index,category_index,NA,NA,category,2,1,50.19067473815673
24,Maryland,MD,2024,index_adaparc,ADA-PARC Index,category_index,NA,NA,category,2,1,57.9798163800906
25,Massachusetts,MA,2024,index_adaparc,ADA-PARC Index,category_index,NA,NA,category,2,1,49.00691736032283
26,Michigan,MI,2024,index_adaparc,ADA-PARC Index,category_index,NA,NA,category,2,1,47.20128350196356
27,Minnesota,MN,2024,index_adaparc,ADA-PARC Index,category_index,NA,NA,category,2,1,54.93066257993286
28,Mississippi,MS,2024,index_adaparc,ADA-PARC Index,category_index,NA,NA,category,2,1,38.46052261951889
29,Missouri,MO,2024,index_adaparc,ADA-PARC Index,category_index,NA,NA,category,2,1,48.78783237699571
30,Montana,MT,2024,index_adaparc,ADA-PARC Index,category_index,NA,NA,category,2,1,52.273520853347264
31,Nebraska,NE,2024,index_adaparc,ADA-PARC Index,category_index,NA,NA,category,2,1,53.42207205615155
32,Nevada,NV,2024,index_adaparc,ADA-PARC Index,category_index,NA,NA,category,2,1,50.32712650978145
33,New Hampshire,NH,2024,index_adaparc,ADA-PARC Index,category_index,NA,NA,category,2,1,54.00547813692215
34,New Jersey,NJ,2024,index_adaparc,ADA-PARC Index,category_index,NA,NA,category,2,1,51.47754749728341
35,New Mexico,NM,2024,index_adaparc,ADA-PARC Index,category_index,NA,NA,category,2,1,47.03928475286388
36,New York,NY,2024,index_adaparc,ADA-PARC Index,category_index,NA,NA,category,2,1,44.91941232558692
37,North Carolina,NC,2024,index_adaparc,ADA-PARC Index,category_index,NA,NA,category,2,1,45.43571032876768
38,North Dakota,ND,2024,index_adaparc,ADA-PARC Index,category_index,NA,NA,category,2,1,50.55490500293729
39,Ohio,OH,2024,index_adaparc,ADA-PARC Index,category_index,NA,NA,category,2,1,48.01106438100341
40,Oklahoma,OK,2024,index_adaparc,ADA-PARC Index,category_index,NA,NA,category,2,1,47.454971109124145
41,Oregon,OR,2024,index_adaparc,ADA-PARC Index,category_index,NA,NA,category,2,1,54.7563158028191
42,Pennsylvania,PA,2024,index_adaparc,ADA-PARC Index,category_index,NA,NA,category,2,1,49.3175660449959
44,Rhode Island,RI,2024,index_adaparc,ADA-PARC Index,category_index,NA,NA,category,2,1,47.3564905423034
45,South Carolina,SC,2024,index_adaparc,ADA-PARC Index,category_index,NA,NA,category,2,1,42.88029998609643
46,South Dakota,SD,2024,index_adaparc,ADA-PARC Index,category_index,NA,NA,category,2,1,53.02934989278238
47,Tennessee,TN,2024,index_adaparc,ADA-PARC Index,category_index,NA,NA,category,2,1,45.074969719916396
48,Texas,TX,2024,index_adaparc,ADA-PARC Index,category_index,NA,NA,category,2,1,48.29492227189492
49,Utah,UT,2024,index_adaparc,ADA-PARC Index,category_index,NA,NA,category,2,1,64.06462140809427
50,Vermont,VT,2024,index_adaparc,ADA-PARC Index,category_index,NA,NA,category,2,1,49.064327916347295
51,Virginia,VA,2024,index_adaparc,ADA-PARC Index,category_index,NA,NA,category,2,1,53.45406694605717
53,Washington,WA,2024,index_adaparc,ADA-PARC Index,category_index,NA,NA,category,2,1,59.06439998217271
54,West Virginia,WV,2024,index_adaparc,ADA-PARC Index,category_index,NA,NA,category,2,1,41.84502665539031
55,Wisconsin,WI,2024,index_adaparc,ADA-PARC Index,category_index,NA,NA,category,2,1,54.18772541667681
56,Wyoming,WY,2024,index_adaparc,ADA-PARC Index,category_index,NA,NA,category,2,1,53.3875523808302
72,Puerto Rico,PR,2024,index_adaparc,ADA-PARC Index,category_index,NA,NA,category,2,0,NA
