GEOID,NAME,ABBR,year,indicator_id,category,dimension,indicator_label,value_pwd,value_pwod,value_raw,direction,transform,weight,source_status,notes
000,United States,USA,2024,rel_score_home,CL,relative,Living at Home: Relative,93.2272772565292,NA,93.2272772565292,higher_better,none,1,acs_ready,ACS PUMS TYPE=1 (housing unit resident) DIS=1 AGEP 18-64. Denominator = all PWD 18-64 including GQ.
01,Alabama,AL,2024,rel_score_home,CL,relative,Living at Home: Relative,94.44834126502329,NA,94.44834126502329,higher_better,none,1,acs_ready,ACS PUMS TYPE=1 (housing unit resident) DIS=1 AGEP 18-64. Denominator = all PWD 18-64 including GQ.
02,Alaska,AK,2024,rel_score_home,CL,relative,Living at Home: Relative,93.55161212894984,NA,93.55161212894984,higher_better,none,1,acs_ready,ACS PUMS TYPE=1 (housing unit resident) DIS=1 AGEP 18-64. Denominator = all PWD 18-64 including GQ.
04,Arizona,AZ,2024,rel_score_home,CL,relative,Living at Home: Relative,94.8501376503997,NA,94.8501376503997,higher_better,none,1,acs_ready,ACS PUMS TYPE=1 (housing unit resident) DIS=1 AGEP 18-64. Denominator = all PWD 18-64 including GQ.
05,Arkansas,AR,2024,rel_score_home,CL,relative,Living at Home: Relative,94.98973373058253,NA,94.98973373058253,higher_better,none,1,acs_ready,ACS PUMS TYPE=1 (housing unit resident) DIS=1 AGEP 18-64. Denominator = all PWD 18-64 including GQ.
06,California,CA,2024,rel_score_home,CL,relative,Living at Home: Relative,92.65770112711913,NA,92.65770112711913,higher_better,none,1,acs_ready,ACS PUMS TYPE=1 (housing unit resident) DIS=1 AGEP 18-64. Denominator = all PWD 18-64 including GQ.
08,Colorado,CO,2024,rel_score_home,CL,relative,Living at Home: Relative,93.03999916479417,NA,93.03999916479417,higher_better,none,1,acs_ready,ACS PUMS TYPE=1 (housing unit resident) DIS=1 AGEP 18-64. Denominator = all PWD 18-64 including GQ.
09,Connecticut,CT,2024,rel_score_home,CL,relative,Living at Home: Relative,91.22856785410545,NA,91.22856785410545,higher_better,none,1,acs_ready,ACS PUMS TYPE=1 (housing unit resident) DIS=1 AGEP 18-64. Denominator = all PWD 18-64 including GQ.
10,Delaware,DE,2024,rel_score_home,CL,relative,Living at Home: Relative,94.65600325569815,NA,94.65600325569815,higher_better,none,1,acs_ready,ACS PUMS TYPE=1 (housing unit resident) DIS=1 AGEP 18-64. Denominator = all PWD 18-64 including GQ.
11,District of Columbia,DC,2024,rel_score_home,CL,relative,Living at Home: Relative,89.29249636252004,NA,89.29249636252004,higher_better,none,1,acs_ready,ACS PUMS TYPE=1 (housing unit resident) DIS=1 AGEP 18-64. Denominator = all PWD 18-64 including GQ.
12,Florida,FL,2024,rel_score_home,CL,relative,Living at Home: Relative,93.83130178467904,NA,93.83130178467904,higher_better,none,1,acs_ready,ACS PUMS TYPE=1 (housing unit resident) DIS=1 AGEP 18-64. Denominator = all PWD 18-64 including GQ.
13,Georgia,GA,2024,rel_score_home,CL,relative,Living at Home: Relative,94.60674137219534,NA,94.60674137219534,higher_better,none,1,acs_ready,ACS PUMS TYPE=1 (housing unit resident) DIS=1 AGEP 18-64. Denominator = all PWD 18-64 including GQ.
15,Hawaii,HI,2024,rel_score_home,CL,relative,Living at Home: Relative,93.09667764970881,NA,93.09667764970881,higher_better,none,1,acs_ready,ACS PUMS TYPE=1 (housing unit resident) DIS=1 AGEP 18-64. Denominator = all PWD 18-64 including GQ.
16,Idaho,ID,2024,rel_score_home,CL,relative,Living at Home: Relative,94.03616653878525,NA,94.03616653878525,higher_better,none,1,acs_ready,ACS PUMS TYPE=1 (housing unit resident) DIS=1 AGEP 18-64. Denominator = all PWD 18-64 including GQ.
17,Illinois,IL,2024,rel_score_home,CL,relative,Living at Home: Relative,92.33401663923912,NA,92.33401663923912,higher_better,none,1,acs_ready,ACS PUMS TYPE=1 (housing unit resident) DIS=1 AGEP 18-64. Denominator = all PWD 18-64 including GQ.
18,Indiana,IN,2024,rel_score_home,CL,relative,Living at Home: Relative,93.15297626233739,NA,93.15297626233739,higher_better,none,1,acs_ready,ACS PUMS TYPE=1 (housing unit resident) DIS=1 AGEP 18-64. Denominator = all PWD 18-64 including GQ.
19,Iowa,IA,2024,rel_score_home,CL,relative,Living at Home: Relative,90.5347821549219,NA,90.5347821549219,higher_better,none,1,acs_ready,ACS PUMS TYPE=1 (housing unit resident) DIS=1 AGEP 18-64. Denominator = all PWD 18-64 including GQ.
20,Kansas,KS,2024,rel_score_home,CL,relative,Living at Home: Relative,91.04185826373187,NA,91.04185826373187,higher_better,none,1,acs_ready,ACS PUMS TYPE=1 (housing unit resident) DIS=1 AGEP 18-64. Denominator = all PWD 18-64 including GQ.
21,Kentucky,KY,2024,rel_score_home,CL,relative,Living at Home: Relative,94.42442768882876,NA,94.42442768882876,higher_better,none,1,acs_ready,ACS PUMS TYPE=1 (housing unit resident) DIS=1 AGEP 18-64. Denominator = all PWD 18-64 including GQ.
22,Louisiana,LA,2024,rel_score_home,CL,relative,Living at Home: Relative,94.19457259896501,NA,94.19457259896501,higher_better,none,1,acs_ready,ACS PUMS TYPE=1 (housing unit resident) DIS=1 AGEP 18-64. Denominator = all PWD 18-64 including GQ.
23,Maine,ME,2024,rel_score_home,CL,relative,Living at Home: Relative,92.08169619877403,NA,92.08169619877403,higher_better,none,1,acs_ready,ACS PUMS TYPE=1 (housing unit resident) DIS=1 AGEP 18-64. Denominator = all PWD 18-64 including GQ.
24,Maryland,MD,2024,rel_score_home,CL,relative,Living at Home: Relative,93.15180072996971,NA,93.15180072996971,higher_better,none,1,acs_ready,ACS PUMS TYPE=1 (housing unit resident) DIS=1 AGEP 18-64. Denominator = all PWD 18-64 including GQ.
25,Massachusetts,MA,2024,rel_score_home,CL,relative,Living at Home: Relative,91.44355283046362,NA,91.44355283046362,higher_better,none,1,acs_ready,ACS PUMS TYPE=1 (housing unit resident) DIS=1 AGEP 18-64. Denominator = all PWD 18-64 including GQ.
26,Michigan,MI,2024,rel_score_home,CL,relative,Living at Home: Relative,93.76993211734877,NA,93.76993211734877,higher_better,none,1,acs_ready,ACS PUMS TYPE=1 (housing unit resident) DIS=1 AGEP 18-64. Denominator = all PWD 18-64 including GQ.
27,Minnesota,MN,2024,rel_score_home,CL,relative,Living at Home: Relative,90.14870190296146,NA,90.14870190296146,higher_better,none,1,acs_ready,ACS PUMS TYPE=1 (housing unit resident) DIS=1 AGEP 18-64. Denominator = all PWD 18-64 including GQ.
28,Mississippi,MS,2024,rel_score_home,CL,relative,Living at Home: Relative,94.25101658232349,NA,94.25101658232349,higher_better,none,1,acs_ready,ACS PUMS TYPE=1 (housing unit resident) DIS=1 AGEP 18-64. Denominator = all PWD 18-64 including GQ.
29,Missouri,MO,2024,rel_score_home,CL,relative,Living at Home: Relative,92.98939097705872,NA,92.98939097705872,higher_better,none,1,acs_ready,ACS PUMS TYPE=1 (housing unit resident) DIS=1 AGEP 18-64. Denominator = all PWD 18-64 including GQ.
30,Montana,MT,2024,rel_score_home,CL,relative,Living at Home: Relative,92.73210221973513,NA,92.73210221973513,higher_better,none,1,acs_ready,ACS PUMS TYPE=1 (housing unit resident) DIS=1 AGEP 18-64. Denominator = all PWD 18-64 including GQ.
31,Nebraska,NE,2024,rel_score_home,CL,relative,Living at Home: Relative,92.59715459868293,NA,92.59715459868293,higher_better,none,1,acs_ready,ACS PUMS TYPE=1 (housing unit resident) DIS=1 AGEP 18-64. Denominator = all PWD 18-64 including GQ.
32,Nevada,NV,2024,rel_score_home,CL,relative,Living at Home: Relative,96.97347812784088,NA,96.97347812784088,higher_better,none,1,acs_ready,ACS PUMS TYPE=1 (housing unit resident) DIS=1 AGEP 18-64. Denominator = all PWD 18-64 including GQ.
33,New Hampshire,NH,2024,rel_score_home,CL,relative,Living at Home: Relative,91.53629203933028,NA,91.53629203933028,higher_better,none,1,acs_ready,ACS PUMS TYPE=1 (housing unit resident) DIS=1 AGEP 18-64. Denominator = all PWD 18-64 including GQ.
34,New Jersey,NJ,2024,rel_score_home,CL,relative,Living at Home: Relative,93.85259495657193,NA,93.85259495657193,higher_better,none,1,acs_ready,ACS PUMS TYPE=1 (housing unit resident) DIS=1 AGEP 18-64. Denominator = all PWD 18-64 including GQ.
35,New Mexico,NM,2024,rel_score_home,CL,relative,Living at Home: Relative,95.21677272490558,NA,95.21677272490558,higher_better,none,1,acs_ready,ACS PUMS TYPE=1 (housing unit resident) DIS=1 AGEP 18-64. Denominator = all PWD 18-64 including GQ.
36,New York,NY,2024,rel_score_home,CL,relative,Living at Home: Relative,91.379034373762,NA,91.379034373762,higher_better,none,1,acs_ready,ACS PUMS TYPE=1 (housing unit resident) DIS=1 AGEP 18-64. Denominator = all PWD 18-64 including GQ.
37,North Carolina,NC,2024,rel_score_home,CL,relative,Living at Home: Relative,94.07484697553924,NA,94.07484697553924,higher_better,none,1,acs_ready,ACS PUMS TYPE=1 (housing unit resident) DIS=1 AGEP 18-64. Denominator = all PWD 18-64 including GQ.
38,North Dakota,ND,2024,rel_score_home,CL,relative,Living at Home: Relative,89.38016270693015,NA,89.38016270693015,higher_better,none,1,acs_ready,ACS PUMS TYPE=1 (housing unit resident) DIS=1 AGEP 18-64. Denominator = all PWD 18-64 including GQ.
39,Ohio,OH,2024,rel_score_home,CL,relative,Living at Home: Relative,92.68417923628424,NA,92.68417923628424,higher_better,none,1,acs_ready,ACS PUMS TYPE=1 (housing unit resident) DIS=1 AGEP 18-64. Denominator = all PWD 18-64 including GQ.
40,Oklahoma,OK,2024,rel_score_home,CL,relative,Living at Home: Relative,93.83653688107391,NA,93.83653688107391,higher_better,none,1,acs_ready,ACS PUMS TYPE=1 (housing unit resident) DIS=1 AGEP 18-64. Denominator = all PWD 18-64 including GQ.
41,Oregon,OR,2024,rel_score_home,CL,relative,Living at Home: Relative,92.69315887787354,NA,92.69315887787354,higher_better,none,1,acs_ready,ACS PUMS TYPE=1 (housing unit resident) DIS=1 AGEP 18-64. Denominator = all PWD 18-64 including GQ.
42,Pennsylvania,PA,2024,rel_score_home,CL,relative,Living at Home: Relative,91.953331936874,NA,91.953331936874,higher_better,none,1,acs_ready,ACS PUMS TYPE=1 (housing unit resident) DIS=1 AGEP 18-64. Denominator = all PWD 18-64 including GQ.
44,Rhode Island,RI,2024,rel_score_home,CL,relative,Living at Home: Relative,90.37875764821011,NA,90.37875764821011,higher_better,none,1,acs_ready,ACS PUMS TYPE=1 (housing unit resident) DIS=1 AGEP 18-64. Denominator = all PWD 18-64 including GQ.
45,South Carolina,SC,2024,rel_score_home,CL,relative,Living at Home: Relative,94.62510247078501,NA,94.62510247078501,higher_better,none,1,acs_ready,ACS PUMS TYPE=1 (housing unit resident) DIS=1 AGEP 18-64. Denominator = all PWD 18-64 including GQ.
46,South Dakota,SD,2024,rel_score_home,CL,relative,Living at Home: Relative,87.49869978582734,NA,87.49869978582734,higher_better,none,1,acs_ready,ACS PUMS TYPE=1 (housing unit resident) DIS=1 AGEP 18-64. Denominator = all PWD 18-64 including GQ.
47,Tennessee,TN,2024,rel_score_home,CL,relative,Living at Home: Relative,94.56995478156516,NA,94.56995478156516,higher_better,none,1,acs_ready,ACS PUMS TYPE=1 (housing unit resident) DIS=1 AGEP 18-64. Denominator = all PWD 18-64 including GQ.
48,Texas,TX,2024,rel_score_home,CL,relative,Living at Home: Relative,94.0510648592337,NA,94.0510648592337,higher_better,none,1,acs_ready,ACS PUMS TYPE=1 (housing unit resident) DIS=1 AGEP 18-64. Denominator = all PWD 18-64 including GQ.
49,Utah,UT,2024,rel_score_home,CL,relative,Living at Home: Relative,94.69093913797938,NA,94.69093913797938,higher_better,none,1,acs_ready,ACS PUMS TYPE=1 (housing unit resident) DIS=1 AGEP 18-64. Denominator = all PWD 18-64 including GQ.
50,Vermont,VT,2024,rel_score_home,CL,relative,Living at Home: Relative,90.66260878558593,NA,90.66260878558593,higher_better,none,1,acs_ready,ACS PUMS TYPE=1 (housing unit resident) DIS=1 AGEP 18-64. Denominator = all PWD 18-64 including GQ.
51,Virginia,VA,2024,rel_score_home,CL,relative,Living at Home: Relative,93.88725320700227,NA,93.88725320700227,higher_better,none,1,acs_ready,ACS PUMS TYPE=1 (housing unit resident) DIS=1 AGEP 18-64. Denominator = all PWD 18-64 including GQ.
53,Washington,WA,2024,rel_score_home,CL,relative,Living at Home: Relative,94.02544357236299,NA,94.02544357236299,higher_better,none,1,acs_ready,ACS PUMS TYPE=1 (housing unit resident) DIS=1 AGEP 18-64. Denominator = all PWD 18-64 including GQ.
54,West Virginia,WV,2024,rel_score_home,CL,relative,Living at Home: Relative,94.5550437026956,NA,94.5550437026956,higher_better,none,1,acs_ready,ACS PUMS TYPE=1 (housing unit resident) DIS=1 AGEP 18-64. Denominator = all PWD 18-64 including GQ.
55,Wisconsin,WI,2024,rel_score_home,CL,relative,Living at Home: Relative,92.60518738550215,NA,92.60518738550215,higher_better,none,1,acs_ready,ACS PUMS TYPE=1 (housing unit resident) DIS=1 AGEP 18-64. Denominator = all PWD 18-64 including GQ.
56,Wyoming,WY,2024,rel_score_home,CL,relative,Living at Home: Relative,94.64756621460903,NA,94.64756621460903,higher_better,none,1,acs_ready,ACS PUMS TYPE=1 (housing unit resident) DIS=1 AGEP 18-64. Denominator = all PWD 18-64 including GQ.
72,Puerto Rico,PR,2024,rel_score_home,CL,relative,Living at Home: Relative,NA,NA,NA,higher_better,none,1,acs_ready,ACS PUMS TYPE=1 (housing unit resident) DIS=1 AGEP 18-64. Denominator = all PWD 18-64 including GQ.
000,United States,USA,2024,eq_score_home,CL,equity,Living at Home: Equity,93.2272772565292,98.2381403327522,5.010863076222989,lower_better,none,1,acs_ready,NA
01,Alabama,AL,2024,eq_score_home,CL,equity,Living at Home: Equity,94.44834126502329,97.8540590775011,3.4057178124778176,lower_better,none,1,acs_ready,NA
02,Alaska,AK,2024,eq_score_home,CL,equity,Living at Home: Equity,93.55161212894984,96.17446698464795,2.622854855698108,lower_better,none,1,acs_ready,NA
04,Arizona,AZ,2024,eq_score_home,CL,equity,Living at Home: Equity,94.8501376503997,98.29458872950293,3.4444510791032315,lower_better,none,1,acs_ready,NA
05,Arkansas,AR,2024,eq_score_home,CL,equity,Living at Home: Equity,94.98973373058253,97.80151377188197,2.8117800412994427,lower_better,none,1,acs_ready,NA
06,California,CA,2024,eq_score_home,CL,equity,Living at Home: Equity,92.65770112711913,98.4834846776842,5.8257835505650775,lower_better,none,1,acs_ready,NA
08,Colorado,CO,2024,eq_score_home,CL,equity,Living at Home: Equity,93.03999916479417,98.52543915420775,5.485439989413578,lower_better,none,1,acs_ready,NA
09,Connecticut,CT,2024,eq_score_home,CL,equity,Living at Home: Equity,91.22856785410545,98.03510875625787,6.80654090215242,lower_better,none,1,acs_ready,NA
10,Delaware,DE,2024,eq_score_home,CL,equity,Living at Home: Equity,94.65600325569815,98.23849758825065,3.5824943325525,lower_better,none,1,acs_ready,NA
11,District of Columbia,DC,2024,eq_score_home,CL,equity,Living at Home: Equity,89.29249636252004,95.73489730384098,6.44240094132094,lower_better,none,1,acs_ready,NA
12,Florida,FL,2024,eq_score_home,CL,equity,Living at Home: Equity,93.83130178467904,98.5365411699504,4.705239385271355,lower_better,none,1,acs_ready,NA
13,Georgia,GA,2024,eq_score_home,CL,equity,Living at Home: Equity,94.60674137219534,98.20244241729822,3.595701045102871,lower_better,none,1,acs_ready,NA
15,Hawaii,HI,2024,eq_score_home,CL,equity,Living at Home: Equity,93.09667764970881,97.83807978728672,4.741402137577907,lower_better,none,1,acs_ready,NA
16,Idaho,ID,2024,eq_score_home,CL,equity,Living at Home: Equity,94.03616653878525,97.98978090965626,3.9536143708710085,lower_better,none,1,acs_ready,NA
17,Illinois,IL,2024,eq_score_home,CL,equity,Living at Home: Equity,92.33401663923912,98.5091529387903,6.17513629955117,lower_better,none,1,acs_ready,NA
18,Indiana,IN,2024,eq_score_home,CL,equity,Living at Home: Equity,93.15297626233739,98.11615815096862,4.963181888631226,lower_better,none,1,acs_ready,NA
19,Iowa,IA,2024,eq_score_home,CL,equity,Living at Home: Equity,90.5347821549219,97.89484566868629,7.360063513764388,lower_better,none,1,acs_ready,NA
20,Kansas,KS,2024,eq_score_home,CL,equity,Living at Home: Equity,91.04185826373187,98.05425330084863,7.012395037116761,lower_better,none,1,acs_ready,NA
21,Kentucky,KY,2024,eq_score_home,CL,equity,Living at Home: Equity,94.42442768882876,97.99055046017222,3.5661227713434585,lower_better,none,1,acs_ready,NA
22,Louisiana,LA,2024,eq_score_home,CL,equity,Living at Home: Equity,94.19457259896501,97.94498604156253,3.7504134425975195,lower_better,none,1,acs_ready,NA
23,Maine,ME,2024,eq_score_home,CL,equity,Living at Home: Equity,92.08169619877403,98.05614009444908,5.974443895675051,lower_better,none,1,acs_ready,NA
24,Maryland,MD,2024,eq_score_home,CL,equity,Living at Home: Equity,93.15180072996971,98.56808547830043,5.416284748330725,lower_better,none,1,acs_ready,NA
25,Massachusetts,MA,2024,eq_score_home,CL,equity,Living at Home: Equity,91.44355283046362,97.27278184865095,5.829229018187334,lower_better,none,1,acs_ready,NA
26,Michigan,MI,2024,eq_score_home,CL,equity,Living at Home: Equity,93.76993211734877,98.5842717552025,4.81433963785372,lower_better,none,1,acs_ready,NA
27,Minnesota,MN,2024,eq_score_home,CL,equity,Living at Home: Equity,90.14870190296146,98.62445328507164,8.475751382110175,lower_better,none,1,acs_ready,NA
28,Mississippi,MS,2024,eq_score_home,CL,equity,Living at Home: Equity,94.25101658232349,97.52213736208542,3.2711207797619295,lower_better,none,1,acs_ready,NA
29,Missouri,MO,2024,eq_score_home,CL,equity,Living at Home: Equity,92.98939097705872,98.1563556401113,5.166964663052582,lower_better,none,1,acs_ready,NA
30,Montana,MT,2024,eq_score_home,CL,equity,Living at Home: Equity,92.73210221973513,98.19833437572007,5.46623215598494,lower_better,none,1,acs_ready,NA
31,Nebraska,NE,2024,eq_score_home,CL,equity,Living at Home: Equity,92.59715459868293,98.32893692594882,5.73178232726589,lower_better,none,1,acs_ready,NA
32,Nevada,NV,2024,eq_score_home,CL,equity,Living at Home: Equity,96.97347812784088,99.16792834469413,2.194450216853255,lower_better,none,1,acs_ready,NA
33,New Hampshire,NH,2024,eq_score_home,CL,equity,Living at Home: Equity,91.53629203933028,97.94975999910366,6.413467959773385,lower_better,none,1,acs_ready,NA
34,New Jersey,NJ,2024,eq_score_home,CL,equity,Living at Home: Equity,93.85259495657193,98.72096984072411,4.868374884152175,lower_better,none,1,acs_ready,NA
35,New Mexico,NM,2024,eq_score_home,CL,equity,Living at Home: Equity,95.21677272490558,98.54571870473823,3.3289459798326533,lower_better,none,1,acs_ready,NA
36,New York,NY,2024,eq_score_home,CL,equity,Living at Home: Equity,91.379034373762,97.67709930400139,6.298064930239391,lower_better,none,1,acs_ready,NA
37,North Carolina,NC,2024,eq_score_home,CL,equity,Living at Home: Equity,94.07484697553924,97.93939139750026,3.864544421961014,lower_better,none,1,acs_ready,NA
38,North Dakota,ND,2024,eq_score_home,CL,equity,Living at Home: Equity,89.38016270693015,97.36087008788141,7.980707380951259,lower_better,none,1,acs_ready,NA
39,Ohio,OH,2024,eq_score_home,CL,equity,Living at Home: Equity,92.68417923628424,98.40255332278579,5.718374086501555,lower_better,none,1,acs_ready,NA
40,Oklahoma,OK,2024,eq_score_home,CL,equity,Living at Home: Equity,93.83653688107391,97.79172037843014,3.9551834973562308,lower_better,none,1,acs_ready,NA
41,Oregon,OR,2024,eq_score_home,CL,equity,Living at Home: Equity,92.69315887787354,98.55867262113298,5.8655137432594415,lower_better,none,1,acs_ready,NA
42,Pennsylvania,PA,2024,eq_score_home,CL,equity,Living at Home: Equity,91.953331936874,97.53802763777652,5.584695700902529,lower_better,none,1,acs_ready,NA
44,Rhode Island,RI,2024,eq_score_home,CL,equity,Living at Home: Equity,90.37875764821011,96.88615174473854,6.507394096528429,lower_better,none,1,acs_ready,NA
45,South Carolina,SC,2024,eq_score_home,CL,equity,Living at Home: Equity,94.62510247078501,97.86873724986694,3.2436347790819298,lower_better,none,1,acs_ready,NA
46,South Dakota,SD,2024,eq_score_home,CL,equity,Living at Home: Equity,87.49869978582734,97.83847107355102,10.339771287723678,lower_better,none,1,acs_ready,NA
47,Tennessee,TN,2024,eq_score_home,CL,equity,Living at Home: Equity,94.56995478156516,98.50524242022723,3.935287638662075,lower_better,none,1,acs_ready,NA
48,Texas,TX,2024,eq_score_home,CL,equity,Living at Home: Equity,94.0510648592337,98.52530275193878,4.4742378927050765,lower_better,none,1,acs_ready,NA
49,Utah,UT,2024,eq_score_home,CL,equity,Living at Home: Equity,94.69093913797938,98.84733734899496,4.156398211015571,lower_better,none,1,acs_ready,NA
50,Vermont,VT,2024,eq_score_home,CL,equity,Living at Home: Equity,90.66260878558593,97.11015621452444,6.447547428938506,lower_better,none,1,acs_ready,NA
51,Virginia,VA,2024,eq_score_home,CL,equity,Living at Home: Equity,93.88725320700227,97.78707639864712,3.899823191644842,lower_better,none,1,acs_ready,NA
53,Washington,WA,2024,eq_score_home,CL,equity,Living at Home: Equity,94.02544357236299,98.66790194175269,4.642458369389701,lower_better,none,1,acs_ready,NA
54,West Virginia,WV,2024,eq_score_home,CL,equity,Living at Home: Equity,94.5550437026956,97.69228384624458,3.137240143548979,lower_better,none,1,acs_ready,NA
55,Wisconsin,WI,2024,eq_score_home,CL,equity,Living at Home: Equity,92.60518738550215,98.35632830690419,5.75114092140204,lower_better,none,1,acs_ready,NA
56,Wyoming,WY,2024,eq_score_home,CL,equity,Living at Home: Equity,94.64756621460903,98.16527555654321,3.5177093419341787,lower_better,none,1,acs_ready,NA
72,Puerto Rico,PR,2024,eq_score_home,CL,equity,Living at Home: Equity,NA,NA,NA,lower_better,none,1,acs_ready,NA
000,United States,USA,2024,rel_score_noninstgroupquarters,CL,relative,Living in Non-Institutionalized Group Quarters: Relative,2.204780685499145,NA,2.204780685499145,lower_better,none,1,acs_ready,ACS PUMS TYPE=3 (non-institutional GQ: college dorms + military barracks + shelters) DIS=1 AGEP 18-64.
01,Alabama,AL,2024,rel_score_noninstgroupquarters,CL,relative,Living in Non-Institutionalized Group Quarters: Relative,1.124601757991345,NA,1.124601757991345,lower_better,none,1,acs_ready,ACS PUMS TYPE=3 (non-institutional GQ: college dorms + military barracks + shelters) DIS=1 AGEP 18-64.
02,Alaska,AK,2024,rel_score_noninstgroupquarters,CL,relative,Living in Non-Institutionalized Group Quarters: Relative,3.6949302478723514,NA,3.6949302478723514,lower_better,none,1,acs_ready,ACS PUMS TYPE=3 (non-institutional GQ: college dorms + military barracks + shelters) DIS=1 AGEP 18-64.
04,Arizona,AZ,2024,rel_score_noninstgroupquarters,CL,relative,Living in Non-Institutionalized Group Quarters: Relative,1.9253902656682333,NA,1.9253902656682333,lower_better,none,1,acs_ready,ACS PUMS TYPE=3 (non-institutional GQ: college dorms + military barracks + shelters) DIS=1 AGEP 18-64.
05,Arkansas,AR,2024,rel_score_noninstgroupquarters,CL,relative,Living in Non-Institutionalized Group Quarters: Relative,1.0144577264344143,NA,1.0144577264344143,lower_better,none,1,acs_ready,ACS PUMS TYPE=3 (non-institutional GQ: college dorms + military barracks + shelters) DIS=1 AGEP 18-64.
06,California,CA,2024,rel_score_noninstgroupquarters,CL,relative,Living in Non-Institutionalized Group Quarters: Relative,3.840992515443405,NA,3.840992515443405,lower_better,none,1,acs_ready,ACS PUMS TYPE=3 (non-institutional GQ: college dorms + military barracks + shelters) DIS=1 AGEP 18-64.
08,Colorado,CO,2024,rel_score_noninstgroupquarters,CL,relative,Living in Non-Institutionalized Group Quarters: Relative,2.1530948148372215,NA,2.1530948148372215,lower_better,none,1,acs_ready,ACS PUMS TYPE=3 (non-institutional GQ: college dorms + military barracks + shelters) DIS=1 AGEP 18-64.
09,Connecticut,CT,2024,rel_score_noninstgroupquarters,CL,relative,Living in Non-Institutionalized Group Quarters: Relative,3.5764832429627003,NA,3.5764832429627003,lower_better,none,1,acs_ready,ACS PUMS TYPE=3 (non-institutional GQ: college dorms + military barracks + shelters) DIS=1 AGEP 18-64.
10,Delaware,DE,2024,rel_score_noninstgroupquarters,CL,relative,Living in Non-Institutionalized Group Quarters: Relative,1.4587429505487155,NA,1.4587429505487155,lower_better,none,1,acs_ready,ACS PUMS TYPE=3 (non-institutional GQ: college dorms + military barracks + shelters) DIS=1 AGEP 18-64.
11,District of Columbia,DC,2024,rel_score_noninstgroupquarters,CL,relative,Living in Non-Institutionalized Group Quarters: Relative,5.766337922499579,NA,5.766337922499579,lower_better,none,1,acs_ready,ACS PUMS TYPE=3 (non-institutional GQ: college dorms + military barracks + shelters) DIS=1 AGEP 18-64.
12,Florida,FL,2024,rel_score_noninstgroupquarters,CL,relative,Living in Non-Institutionalized Group Quarters: Relative,1.4381458741635422,NA,1.4381458741635422,lower_better,none,1,acs_ready,ACS PUMS TYPE=3 (non-institutional GQ: college dorms + military barracks + shelters) DIS=1 AGEP 18-64.
13,Georgia,GA,2024,rel_score_noninstgroupquarters,CL,relative,Living in Non-Institutionalized Group Quarters: Relative,1.2424211085193257,NA,1.2424211085193257,lower_better,none,1,acs_ready,ACS PUMS TYPE=3 (non-institutional GQ: college dorms + military barracks + shelters) DIS=1 AGEP 18-64.
15,Hawaii,HI,2024,rel_score_noninstgroupquarters,CL,relative,Living in Non-Institutionalized Group Quarters: Relative,3.4580482120155596,NA,3.4580482120155596,lower_better,none,1,acs_ready,ACS PUMS TYPE=3 (non-institutional GQ: college dorms + military barracks + shelters) DIS=1 AGEP 18-64.
16,Idaho,ID,2024,rel_score_noninstgroupquarters,CL,relative,Living in Non-Institutionalized Group Quarters: Relative,1.481220482618531,NA,1.481220482618531,lower_better,none,1,acs_ready,ACS PUMS TYPE=3 (non-institutional GQ: college dorms + military barracks + shelters) DIS=1 AGEP 18-64.
17,Illinois,IL,2024,rel_score_noninstgroupquarters,CL,relative,Living in Non-Institutionalized Group Quarters: Relative,1.8932052536571697,NA,1.8932052536571697,lower_better,none,1,acs_ready,ACS PUMS TYPE=3 (non-institutional GQ: college dorms + military barracks + shelters) DIS=1 AGEP 18-64.
18,Indiana,IN,2024,rel_score_noninstgroupquarters,CL,relative,Living in Non-Institutionalized Group Quarters: Relative,1.3222430681710415,NA,1.3222430681710415,lower_better,none,1,acs_ready,ACS PUMS TYPE=3 (non-institutional GQ: college dorms + military barracks + shelters) DIS=1 AGEP 18-64.
19,Iowa,IA,2024,rel_score_noninstgroupquarters,CL,relative,Living in Non-Institutionalized Group Quarters: Relative,2.1217371125033684,NA,2.1217371125033684,lower_better,none,1,acs_ready,ACS PUMS TYPE=3 (non-institutional GQ: college dorms + military barracks + shelters) DIS=1 AGEP 18-64.
20,Kansas,KS,2024,rel_score_noninstgroupquarters,CL,relative,Living in Non-Institutionalized Group Quarters: Relative,2.377049719722469,NA,2.377049719722469,lower_better,none,1,acs_ready,ACS PUMS TYPE=3 (non-institutional GQ: college dorms + military barracks + shelters) DIS=1 AGEP 18-64.
21,Kentucky,KY,2024,rel_score_noninstgroupquarters,CL,relative,Living in Non-Institutionalized Group Quarters: Relative,1.2526251917623914,NA,1.2526251917623914,lower_better,none,1,acs_ready,ACS PUMS TYPE=3 (non-institutional GQ: college dorms + military barracks + shelters) DIS=1 AGEP 18-64.
22,Louisiana,LA,2024,rel_score_noninstgroupquarters,CL,relative,Living in Non-Institutionalized Group Quarters: Relative,1.3496221589698527,NA,1.3496221589698527,lower_better,none,1,acs_ready,ACS PUMS TYPE=3 (non-institutional GQ: college dorms + military barracks + shelters) DIS=1 AGEP 18-64.
23,Maine,ME,2024,rel_score_noninstgroupquarters,CL,relative,Living in Non-Institutionalized Group Quarters: Relative,2.3804395376561356,NA,2.3804395376561356,lower_better,none,1,acs_ready,ACS PUMS TYPE=3 (non-institutional GQ: college dorms + military barracks + shelters) DIS=1 AGEP 18-64.
24,Maryland,MD,2024,rel_score_noninstgroupquarters,CL,relative,Living in Non-Institutionalized Group Quarters: Relative,2.1586598326471975,NA,2.1586598326471975,lower_better,none,1,acs_ready,ACS PUMS TYPE=3 (non-institutional GQ: college dorms + military barracks + shelters) DIS=1 AGEP 18-64.
25,Massachusetts,MA,2024,rel_score_noninstgroupquarters,CL,relative,Living in Non-Institutionalized Group Quarters: Relative,3.636690887120416,NA,3.636690887120416,lower_better,none,1,acs_ready,ACS PUMS TYPE=3 (non-institutional GQ: college dorms + military barracks + shelters) DIS=1 AGEP 18-64.
26,Michigan,MI,2024,rel_score_noninstgroupquarters,CL,relative,Living in Non-Institutionalized Group Quarters: Relative,1.9564754405161908,NA,1.9564754405161908,lower_better,none,1,acs_ready,ACS PUMS TYPE=3 (non-institutional GQ: college dorms + military barracks + shelters) DIS=1 AGEP 18-64.
27,Minnesota,MN,2024,rel_score_noninstgroupquarters,CL,relative,Living in Non-Institutionalized Group Quarters: Relative,4.073621729775694,NA,4.073621729775694,lower_better,none,1,acs_ready,ACS PUMS TYPE=3 (non-institutional GQ: college dorms + military barracks + shelters) DIS=1 AGEP 18-64.
28,Mississippi,MS,2024,rel_score_noninstgroupquarters,CL,relative,Living in Non-Institutionalized Group Quarters: Relative,1.160107098283474,NA,1.160107098283474,lower_better,none,1,acs_ready,ACS PUMS TYPE=3 (non-institutional GQ: college dorms + military barracks + shelters) DIS=1 AGEP 18-64.
29,Missouri,MO,2024,rel_score_noninstgroupquarters,CL,relative,Living in Non-Institutionalized Group Quarters: Relative,1.5158411495585788,NA,1.5158411495585788,lower_better,none,1,acs_ready,ACS PUMS TYPE=3 (non-institutional GQ: college dorms + military barracks + shelters) DIS=1 AGEP 18-64.
30,Montana,MT,2024,rel_score_noninstgroupquarters,CL,relative,Living in Non-Institutionalized Group Quarters: Relative,2.3923894795747063,NA,2.3923894795747063,lower_better,none,1,acs_ready,ACS PUMS TYPE=3 (non-institutional GQ: college dorms + military barracks + shelters) DIS=1 AGEP 18-64.
31,Nebraska,NE,2024,rel_score_noninstgroupquarters,CL,relative,Living in Non-Institutionalized Group Quarters: Relative,2.0599153852733436,NA,2.0599153852733436,lower_better,none,1,acs_ready,ACS PUMS TYPE=3 (non-institutional GQ: college dorms + military barracks + shelters) DIS=1 AGEP 18-64.
32,Nevada,NV,2024,rel_score_noninstgroupquarters,CL,relative,Living in Non-Institutionalized Group Quarters: Relative,0.7663180104561855,NA,0.7663180104561855,lower_better,none,1,acs_ready,ACS PUMS TYPE=3 (non-institutional GQ: college dorms + military barracks + shelters) DIS=1 AGEP 18-64.
33,New Hampshire,NH,2024,rel_score_noninstgroupquarters,CL,relative,Living in Non-Institutionalized Group Quarters: Relative,2.6814636007021253,NA,2.6814636007021253,lower_better,none,1,acs_ready,ACS PUMS TYPE=3 (non-institutional GQ: college dorms + military barracks + shelters) DIS=1 AGEP 18-64.
34,New Jersey,NJ,2024,rel_score_noninstgroupquarters,CL,relative,Living in Non-Institutionalized Group Quarters: Relative,1.8481488652004767,NA,1.8481488652004767,lower_better,none,1,acs_ready,ACS PUMS TYPE=3 (non-institutional GQ: college dorms + military barracks + shelters) DIS=1 AGEP 18-64.
35,New Mexico,NM,2024,rel_score_noninstgroupquarters,CL,relative,Living in Non-Institutionalized Group Quarters: Relative,1.6526602303574993,NA,1.6526602303574993,lower_better,none,1,acs_ready,ACS PUMS TYPE=3 (non-institutional GQ: college dorms + military barracks + shelters) DIS=1 AGEP 18-64.
36,New York,NY,2024,rel_score_noninstgroupquarters,CL,relative,Living in Non-Institutionalized Group Quarters: Relative,4.005214144210148,NA,4.005214144210148,lower_better,none,1,acs_ready,ACS PUMS TYPE=3 (non-institutional GQ: college dorms + military barracks + shelters) DIS=1 AGEP 18-64.
37,North Carolina,NC,2024,rel_score_noninstgroupquarters,CL,relative,Living in Non-Institutionalized Group Quarters: Relative,1.8550759398913856,NA,1.8550759398913856,lower_better,none,1,acs_ready,ACS PUMS TYPE=3 (non-institutional GQ: college dorms + military barracks + shelters) DIS=1 AGEP 18-64.
38,North Dakota,ND,2024,rel_score_noninstgroupquarters,CL,relative,Living in Non-Institutionalized Group Quarters: Relative,2.4100077190374285,NA,2.4100077190374285,lower_better,none,1,acs_ready,ACS PUMS TYPE=3 (non-institutional GQ: college dorms + military barracks + shelters) DIS=1 AGEP 18-64.
39,Ohio,OH,2024,rel_score_noninstgroupquarters,CL,relative,Living in Non-Institutionalized Group Quarters: Relative,1.6968025348175315,NA,1.6968025348175315,lower_better,none,1,acs_ready,ACS PUMS TYPE=3 (non-institutional GQ: college dorms + military barracks + shelters) DIS=1 AGEP 18-64.
40,Oklahoma,OK,2024,rel_score_noninstgroupquarters,CL,relative,Living in Non-Institutionalized Group Quarters: Relative,1.2204767006842194,NA,1.2204767006842194,lower_better,none,1,acs_ready,ACS PUMS TYPE=3 (non-institutional GQ: college dorms + military barracks + shelters) DIS=1 AGEP 18-64.
41,Oregon,OR,2024,rel_score_noninstgroupquarters,CL,relative,Living in Non-Institutionalized Group Quarters: Relative,3.9438940883146105,NA,3.9438940883146105,lower_better,none,1,acs_ready,ACS PUMS TYPE=3 (non-institutional GQ: college dorms + military barracks + shelters) DIS=1 AGEP 18-64.
42,Pennsylvania,PA,2024,rel_score_noninstgroupquarters,CL,relative,Living in Non-Institutionalized Group Quarters: Relative,2.278835240253097,NA,2.278835240253097,lower_better,none,1,acs_ready,ACS PUMS TYPE=3 (non-institutional GQ: college dorms + military barracks + shelters) DIS=1 AGEP 18-64.
44,Rhode Island,RI,2024,rel_score_noninstgroupquarters,CL,relative,Living in Non-Institutionalized Group Quarters: Relative,3.575585185830593,NA,3.575585185830593,lower_better,none,1,acs_ready,ACS PUMS TYPE=3 (non-institutional GQ: college dorms + military barracks + shelters) DIS=1 AGEP 18-64.
45,South Carolina,SC,2024,rel_score_noninstgroupquarters,CL,relative,Living in Non-Institutionalized Group Quarters: Relative,1.645826351158923,NA,1.645826351158923,lower_better,none,1,acs_ready,ACS PUMS TYPE=3 (non-institutional GQ: college dorms + military barracks + shelters) DIS=1 AGEP 18-64.
46,South Dakota,SD,2024,rel_score_noninstgroupquarters,CL,relative,Living in Non-Institutionalized Group Quarters: Relative,3.787151337824163,NA,3.787151337824163,lower_better,none,1,acs_ready,ACS PUMS TYPE=3 (non-institutional GQ: college dorms + military barracks + shelters) DIS=1 AGEP 18-64.
47,Tennessee,TN,2024,rel_score_noninstgroupquarters,CL,relative,Living in Non-Institutionalized Group Quarters: Relative,1.5396660681808683,NA,1.5396660681808683,lower_better,none,1,acs_ready,ACS PUMS TYPE=3 (non-institutional GQ: college dorms + military barracks + shelters) DIS=1 AGEP 18-64.
48,Texas,TX,2024,rel_score_noninstgroupquarters,CL,relative,Living in Non-Institutionalized Group Quarters: Relative,1.1859893582486853,NA,1.1859893582486853,lower_better,none,1,acs_ready,ACS PUMS TYPE=3 (non-institutional GQ: college dorms + military barracks + shelters) DIS=1 AGEP 18-64.
49,Utah,UT,2024,rel_score_noninstgroupquarters,CL,relative,Living in Non-Institutionalized Group Quarters: Relative,2.169761871325527,NA,2.169761871325527,lower_better,none,1,acs_ready,ACS PUMS TYPE=3 (non-institutional GQ: college dorms + military barracks + shelters) DIS=1 AGEP 18-64.
50,Vermont,VT,2024,rel_score_noninstgroupquarters,CL,relative,Living in Non-Institutionalized Group Quarters: Relative,5.2106024059998095,NA,5.2106024059998095,lower_better,none,1,acs_ready,ACS PUMS TYPE=3 (non-institutional GQ: college dorms + military barracks + shelters) DIS=1 AGEP 18-64.
51,Virginia,VA,2024,rel_score_noninstgroupquarters,CL,relative,Living in Non-Institutionalized Group Quarters: Relative,1.7803716067578232,NA,1.7803716067578232,lower_better,none,1,acs_ready,ACS PUMS TYPE=3 (non-institutional GQ: college dorms + military barracks + shelters) DIS=1 AGEP 18-64.
53,Washington,WA,2024,rel_score_noninstgroupquarters,CL,relative,Living in Non-Institutionalized Group Quarters: Relative,2.92316875631791,NA,2.92316875631791,lower_better,none,1,acs_ready,ACS PUMS TYPE=3 (non-institutional GQ: college dorms + military barracks + shelters) DIS=1 AGEP 18-64.
54,West Virginia,WV,2024,rel_score_noninstgroupquarters,CL,relative,Living in Non-Institutionalized Group Quarters: Relative,0.9275274624155717,NA,0.9275274624155717,lower_better,none,1,acs_ready,ACS PUMS TYPE=3 (non-institutional GQ: college dorms + military barracks + shelters) DIS=1 AGEP 18-64.
55,Wisconsin,WI,2024,rel_score_noninstgroupquarters,CL,relative,Living in Non-Institutionalized Group Quarters: Relative,2.8151380287455425,NA,2.8151380287455425,lower_better,none,1,acs_ready,ACS PUMS TYPE=3 (non-institutional GQ: college dorms + military barracks + shelters) DIS=1 AGEP 18-64.
56,Wyoming,WY,2024,rel_score_noninstgroupquarters,CL,relative,Living in Non-Institutionalized Group Quarters: Relative,1.1794300996127005,NA,1.1794300996127005,lower_better,none,1,acs_ready,ACS PUMS TYPE=3 (non-institutional GQ: college dorms + military barracks + shelters) DIS=1 AGEP 18-64.
72,Puerto Rico,PR,2024,rel_score_noninstgroupquarters,CL,relative,Living in Non-Institutionalized Group Quarters: Relative,NA,NA,NA,lower_better,none,1,acs_ready,ACS PUMS TYPE=3 (non-institutional GQ: college dorms + military barracks + shelters) DIS=1 AGEP 18-64.
000,United States,USA,2024,eq_score_noninstgroupquarters,CL,equity,Living in Non-Institutionalized Group Quarters: Equity,2.204780685499145,1.2345876874369317,-0.9701929980622133,lower_better,none,1,acs_ready,NA
01,Alabama,AL,2024,eq_score_noninstgroupquarters,CL,equity,Living in Non-Institutionalized Group Quarters: Equity,1.124601757991345,1.4680185688669256,0.3434168108755806,lower_better,none,1,acs_ready,NA
02,Alaska,AK,2024,eq_score_noninstgroupquarters,CL,equity,Living in Non-Institutionalized Group Quarters: Equity,3.6949302478723514,3.0954142209181588,-0.5995160269541926,lower_better,none,1,acs_ready,NA
04,Arizona,AZ,2024,eq_score_noninstgroupquarters,CL,equity,Living in Non-Institutionalized Group Quarters: Equity,1.9253902656682333,0.8722303581712877,-1.0531599074969455,lower_better,none,1,acs_ready,NA
05,Arkansas,AR,2024,eq_score_noninstgroupquarters,CL,equity,Living in Non-Institutionalized Group Quarters: Equity,1.0144577264344143,1.1962369265361703,0.18177920010175597,lower_better,none,1,acs_ready,NA
06,California,CA,2024,eq_score_noninstgroupquarters,CL,equity,Living in Non-Institutionalized Group Quarters: Equity,3.840992515443405,1.1051687860678137,-2.735823729375591,lower_better,none,1,acs_ready,NA
08,Colorado,CO,2024,eq_score_noninstgroupquarters,CL,equity,Living in Non-Institutionalized Group Quarters: Equity,2.1530948148372215,1.0881796275165743,-1.0649151873206473,lower_better,none,1,acs_ready,NA
09,Connecticut,CT,2024,eq_score_noninstgroupquarters,CL,equity,Living in Non-Institutionalized Group Quarters: Equity,3.5764832429627003,1.6329269244352413,-1.943556318527459,lower_better,none,1,acs_ready,NA
10,Delaware,DE,2024,eq_score_noninstgroupquarters,CL,equity,Living in Non-Institutionalized Group Quarters: Equity,1.4587429505487155,1.3148275479117346,-0.14391540263698088,lower_better,none,1,acs_ready,NA
11,District of Columbia,DC,2024,eq_score_noninstgroupquarters,CL,equity,Living in Non-Institutionalized Group Quarters: Equity,5.766337922499579,4.021525346870556,-1.7448125756290231,lower_better,none,1,acs_ready,NA
12,Florida,FL,2024,eq_score_noninstgroupquarters,CL,equity,Living in Non-Institutionalized Group Quarters: Equity,1.4381458741635422,0.901154525981784,-0.5369913481817582,lower_better,none,1,acs_ready,NA
13,Georgia,GA,2024,eq_score_noninstgroupquarters,CL,equity,Living in Non-Institutionalized Group Quarters: Equity,1.2424211085193257,1.025080482642124,-0.2173406258772017,lower_better,none,1,acs_ready,NA
15,Hawaii,HI,2024,eq_score_noninstgroupquarters,CL,equity,Living in Non-Institutionalized Group Quarters: Equity,3.4580482120155596,1.9261871622596158,-1.5318610497559437,lower_better,none,1,acs_ready,NA
16,Idaho,ID,2024,eq_score_noninstgroupquarters,CL,equity,Living in Non-Institutionalized Group Quarters: Equity,1.481220482618531,1.4751252356322928,-0.00609524698623809,lower_better,none,1,acs_ready,NA
17,Illinois,IL,2024,eq_score_noninstgroupquarters,CL,equity,Living in Non-Institutionalized Group Quarters: Equity,1.8932052536571697,0.9889322801864235,-0.9042729734707462,lower_better,none,1,acs_ready,NA
18,Indiana,IN,2024,eq_score_noninstgroupquarters,CL,equity,Living in Non-Institutionalized Group Quarters: Equity,1.3222430681710415,1.2793479361972038,-0.04289513197383776,lower_better,none,1,acs_ready,NA
19,Iowa,IA,2024,eq_score_noninstgroupquarters,CL,equity,Living in Non-Institutionalized Group Quarters: Equity,2.1217371125033684,1.694004316689858,-0.4277327958135104,lower_better,none,1,acs_ready,NA
20,Kansas,KS,2024,eq_score_noninstgroupquarters,CL,equity,Living in Non-Institutionalized Group Quarters: Equity,2.377049719722469,1.4132190569666585,-0.9638306627558106,lower_better,none,1,acs_ready,NA
21,Kentucky,KY,2024,eq_score_noninstgroupquarters,CL,equity,Living in Non-Institutionalized Group Quarters: Equity,1.2526251917623914,1.200675691311608,-0.0519495004507835,lower_better,none,1,acs_ready,NA
22,Louisiana,LA,2024,eq_score_noninstgroupquarters,CL,equity,Living in Non-Institutionalized Group Quarters: Equity,1.3496221589698527,0.9321237255108552,-0.4174984334589975,lower_better,none,1,acs_ready,NA
23,Maine,ME,2024,eq_score_noninstgroupquarters,CL,equity,Living in Non-Institutionalized Group Quarters: Equity,2.3804395376561356,1.7005642260082152,-0.6798753116479204,lower_better,none,1,acs_ready,NA
24,Maryland,MD,2024,eq_score_noninstgroupquarters,CL,equity,Living in Non-Institutionalized Group Quarters: Equity,2.1586598326471975,1.0066303606147478,-1.1520294720324498,lower_better,none,1,acs_ready,NA
25,Massachusetts,MA,2024,eq_score_noninstgroupquarters,CL,equity,Living in Non-Institutionalized Group Quarters: Equity,3.636690887120416,2.4941108810631136,-1.1425800060573024,lower_better,none,1,acs_ready,NA
26,Michigan,MI,2024,eq_score_noninstgroupquarters,CL,equity,Living in Non-Institutionalized Group Quarters: Equity,1.9564754405161908,0.9836654729067402,-0.9728099676094506,lower_better,none,1,acs_ready,NA
27,Minnesota,MN,2024,eq_score_noninstgroupquarters,CL,equity,Living in Non-Institutionalized Group Quarters: Equity,4.073621729775694,1.0521839940985778,-3.0214377356771163,lower_better,none,1,acs_ready,NA
28,Mississippi,MS,2024,eq_score_noninstgroupquarters,CL,equity,Living in Non-Institutionalized Group Quarters: Equity,1.160107098283474,1.4436441847851713,0.2835370865016973,lower_better,none,1,acs_ready,NA
29,Missouri,MO,2024,eq_score_noninstgroupquarters,CL,equity,Living in Non-Institutionalized Group Quarters: Equity,1.5158411495585788,1.3054839194890957,-0.21035723006948315,lower_better,none,1,acs_ready,NA
30,Montana,MT,2024,eq_score_noninstgroupquarters,CL,equity,Living in Non-Institutionalized Group Quarters: Equity,2.3923894795747063,1.2899437111162317,-1.1024457684584745,lower_better,none,1,acs_ready,NA
31,Nebraska,NE,2024,eq_score_noninstgroupquarters,CL,equity,Living in Non-Institutionalized Group Quarters: Equity,2.0599153852733436,1.2210365045254532,-0.8388788807478904,lower_better,none,1,acs_ready,NA
32,Nevada,NV,2024,eq_score_noninstgroupquarters,CL,equity,Living in Non-Institutionalized Group Quarters: Equity,0.7663180104561855,0.309404028227257,-0.45691398222892854,lower_better,none,1,acs_ready,NA
33,New Hampshire,NH,2024,eq_score_noninstgroupquarters,CL,equity,Living in Non-Institutionalized Group Quarters: Equity,2.6814636007021253,1.769053285913313,-0.9124103147888123,lower_better,none,1,acs_ready,NA
34,New Jersey,NJ,2024,eq_score_noninstgroupquarters,CL,equity,Living in Non-Institutionalized Group Quarters: Equity,1.8481488652004767,0.8695597266596524,-0.9785891385408243,lower_better,none,1,acs_ready,NA
35,New Mexico,NM,2024,eq_score_noninstgroupquarters,CL,equity,Living in Non-Institutionalized Group Quarters: Equity,1.6526602303574993,0.8469620202326434,-0.8056982101248559,lower_better,none,1,acs_ready,NA
36,New York,NY,2024,eq_score_noninstgroupquarters,CL,equity,Living in Non-Institutionalized Group Quarters: Equity,4.005214144210148,2.0233129344275342,-1.981901209782614,lower_better,none,1,acs_ready,NA
37,North Carolina,NC,2024,eq_score_noninstgroupquarters,CL,equity,Living in Non-Institutionalized Group Quarters: Equity,1.8550759398913856,1.6069530852662668,-0.24812285462511885,lower_better,none,1,acs_ready,NA
38,North Dakota,ND,2024,eq_score_noninstgroupquarters,CL,equity,Living in Non-Institutionalized Group Quarters: Equity,2.4100077190374285,2.324178041335849,-0.08582967770157968,lower_better,none,1,acs_ready,NA
39,Ohio,OH,2024,eq_score_noninstgroupquarters,CL,equity,Living in Non-Institutionalized Group Quarters: Equity,1.6968025348175315,1.059166736466385,-0.6376357983511465,lower_better,none,1,acs_ready,NA
40,Oklahoma,OK,2024,eq_score_noninstgroupquarters,CL,equity,Living in Non-Institutionalized Group Quarters: Equity,1.2204767006842194,1.3277821759165722,0.10730547523235279,lower_better,none,1,acs_ready,NA
41,Oregon,OR,2024,eq_score_noninstgroupquarters,CL,equity,Living in Non-Institutionalized Group Quarters: Equity,3.9438940883146105,0.9706556839668103,-2.9732384043478,lower_better,none,1,acs_ready,NA
42,Pennsylvania,PA,2024,eq_score_noninstgroupquarters,CL,equity,Living in Non-Institutionalized Group Quarters: Equity,2.278835240253097,1.8908364881351132,-0.38799875211798374,lower_better,none,1,acs_ready,NA
44,Rhode Island,RI,2024,eq_score_noninstgroupquarters,CL,equity,Living in Non-Institutionalized Group Quarters: Equity,3.575585185830593,2.8312820062737214,-0.7443031795568715,lower_better,none,1,acs_ready,NA
45,South Carolina,SC,2024,eq_score_noninstgroupquarters,CL,equity,Living in Non-Institutionalized Group Quarters: Equity,1.645826351158923,1.5700417028443956,-0.07578464831452747,lower_better,none,1,acs_ready,NA
46,South Dakota,SD,2024,eq_score_noninstgroupquarters,CL,equity,Living in Non-Institutionalized Group Quarters: Equity,3.787151337824163,1.5125357835730946,-2.2746155542510684,lower_better,none,1,acs_ready,NA
47,Tennessee,TN,2024,eq_score_noninstgroupquarters,CL,equity,Living in Non-Institutionalized Group Quarters: Equity,1.5396660681808683,0.9251676073151243,-0.614498460865744,lower_better,none,1,acs_ready,NA
48,Texas,TX,2024,eq_score_noninstgroupquarters,CL,equity,Living in Non-Institutionalized Group Quarters: Equity,1.1859893582486853,0.7774954769315885,-0.40849388131709685,lower_better,none,1,acs_ready,NA
49,Utah,UT,2024,eq_score_noninstgroupquarters,CL,equity,Living in Non-Institutionalized Group Quarters: Equity,2.169761871325527,0.8909314732753936,-1.2788303980501334,lower_better,none,1,acs_ready,NA
50,Vermont,VT,2024,eq_score_noninstgroupquarters,CL,equity,Living in Non-Institutionalized Group Quarters: Equity,5.2106024059998095,2.69608587928589,-2.5145165267139196,lower_better,none,1,acs_ready,NA
51,Virginia,VA,2024,eq_score_noninstgroupquarters,CL,equity,Living in Non-Institutionalized Group Quarters: Equity,1.7803716067578232,1.5722361043847894,-0.2081355023730338,lower_better,none,1,acs_ready,NA
53,Washington,WA,2024,eq_score_noninstgroupquarters,CL,equity,Living in Non-Institutionalized Group Quarters: Equity,2.92316875631791,1.037344461158359,-1.885824295159551,lower_better,none,1,acs_ready,NA
54,West Virginia,WV,2024,eq_score_noninstgroupquarters,CL,equity,Living in Non-Institutionalized Group Quarters: Equity,0.9275274624155717,1.2230979542027758,0.29557049178720407,lower_better,none,1,acs_ready,NA
55,Wisconsin,WI,2024,eq_score_noninstgroupquarters,CL,equity,Living in Non-Institutionalized Group Quarters: Equity,2.8151380287455425,1.1533046673767553,-1.6618333613687872,lower_better,none,1,acs_ready,NA
56,Wyoming,WY,2024,eq_score_noninstgroupquarters,CL,equity,Living in Non-Institutionalized Group Quarters: Equity,1.1794300996127005,1.2256264534169017,0.04619635380420117,lower_better,none,1,acs_ready,NA
72,Puerto Rico,PR,2024,eq_score_noninstgroupquarters,CL,equity,Living in Non-Institutionalized Group Quarters: Equity,NA,NA,NA,lower_better,none,1,acs_ready,NA
000,United States,USA,2024,rel_score_nursing_18to64,CL,relative,Living in Nursing Home Age 18 to 64: Relative,1.1678670383243792,NA,1.1678670383243792,lower_better,none,1,acs_ready,ACS PUMS DIS=1 AGEP 18-64 institutional GQ subtype = nursing home/skilled nursing. Verify exact GQ type code in 2024 PUMS codebook. 65+ removed per 2024 revision.
01,Alabama,AL,2024,rel_score_nursing_18to64,CL,relative,Living in Nursing Home Age 18 to 64: Relative,1.0685418444128383,NA,1.0685418444128383,lower_better,none,1,acs_ready,ACS PUMS DIS=1 AGEP 18-64 institutional GQ subtype = nursing home/skilled nursing. Verify exact GQ type code in 2024 PUMS codebook. 65+ removed per 2024 revision.
02,Alaska,AK,2024,rel_score_nursing_18to64,CL,relative,Living in Nursing Home Age 18 to 64: Relative,0.5964980638438991,NA,0.5964980638438991,lower_better,none,1,acs_ready,ACS PUMS DIS=1 AGEP 18-64 institutional GQ subtype = nursing home/skilled nursing. Verify exact GQ type code in 2024 PUMS codebook. 65+ removed per 2024 revision.
04,Arizona,AZ,2024,rel_score_nursing_18to64,CL,relative,Living in Nursing Home Age 18 to 64: Relative,0.7518342835073643,NA,0.7518342835073643,lower_better,none,1,acs_ready,ACS PUMS DIS=1 AGEP 18-64 institutional GQ subtype = nursing home/skilled nursing. Verify exact GQ type code in 2024 PUMS codebook. 65+ removed per 2024 revision.
05,Arkansas,AR,2024,rel_score_nursing_18to64,CL,relative,Living in Nursing Home Age 18 to 64: Relative,1.2676923961681128,NA,1.2676923961681128,lower_better,none,1,acs_ready,ACS PUMS DIS=1 AGEP 18-64 institutional GQ subtype = nursing home/skilled nursing. Verify exact GQ type code in 2024 PUMS codebook. 65+ removed per 2024 revision.
06,California,CA,2024,rel_score_nursing_18to64,CL,relative,Living in Nursing Home Age 18 to 64: Relative,1.1023020386509679,NA,1.1023020386509679,lower_better,none,1,acs_ready,ACS PUMS DIS=1 AGEP 18-64 institutional GQ subtype = nursing home/skilled nursing. Verify exact GQ type code in 2024 PUMS codebook. 65+ removed per 2024 revision.
08,Colorado,CO,2024,rel_score_nursing_18to64,CL,relative,Living in Nursing Home Age 18 to 64: Relative,0.8025089895832522,NA,0.8025089895832522,lower_better,none,1,acs_ready,ACS PUMS DIS=1 AGEP 18-64 institutional GQ subtype = nursing home/skilled nursing. Verify exact GQ type code in 2024 PUMS codebook. 65+ removed per 2024 revision.
09,Connecticut,CT,2024,rel_score_nursing_18to64,CL,relative,Living in Nursing Home Age 18 to 64: Relative,1.3726437664008955,NA,1.3726437664008955,lower_better,none,1,acs_ready,ACS PUMS DIS=1 AGEP 18-64 institutional GQ subtype = nursing home/skilled nursing. Verify exact GQ type code in 2024 PUMS codebook. 65+ removed per 2024 revision.
10,Delaware,DE,2024,rel_score_nursing_18to64,CL,relative,Living in Nursing Home Age 18 to 64: Relative,0.926824946123666,NA,0.926824946123666,lower_better,none,1,acs_ready,ACS PUMS DIS=1 AGEP 18-64 institutional GQ subtype = nursing home/skilled nursing. Verify exact GQ type code in 2024 PUMS codebook. 65+ removed per 2024 revision.
11,District of Columbia,DC,2024,rel_score_nursing_18to64,CL,relative,Living in Nursing Home Age 18 to 64: Relative,1.1497655287091864,NA,1.1497655287091864,lower_better,none,1,acs_ready,ACS PUMS DIS=1 AGEP 18-64 institutional GQ subtype = nursing home/skilled nursing. Verify exact GQ type code in 2024 PUMS codebook. 65+ removed per 2024 revision.
12,Florida,FL,2024,rel_score_nursing_18to64,CL,relative,Living in Nursing Home Age 18 to 64: Relative,1.1801613590520657,NA,1.1801613590520657,lower_better,none,1,acs_ready,ACS PUMS DIS=1 AGEP 18-64 institutional GQ subtype = nursing home/skilled nursing. Verify exact GQ type code in 2024 PUMS codebook. 65+ removed per 2024 revision.
13,Georgia,GA,2024,rel_score_nursing_18to64,CL,relative,Living in Nursing Home Age 18 to 64: Relative,0.877352207573366,NA,0.877352207573366,lower_better,none,1,acs_ready,ACS PUMS DIS=1 AGEP 18-64 institutional GQ subtype = nursing home/skilled nursing. Verify exact GQ type code in 2024 PUMS codebook. 65+ removed per 2024 revision.
15,Hawaii,HI,2024,rel_score_nursing_18to64,CL,relative,Living in Nursing Home Age 18 to 64: Relative,0.7850455637604581,NA,0.7850455637604581,lower_better,none,1,acs_ready,ACS PUMS DIS=1 AGEP 18-64 institutional GQ subtype = nursing home/skilled nursing. Verify exact GQ type code in 2024 PUMS codebook. 65+ removed per 2024 revision.
16,Idaho,ID,2024,rel_score_nursing_18to64,CL,relative,Living in Nursing Home Age 18 to 64: Relative,0.9745112304871767,NA,0.9745112304871767,lower_better,none,1,acs_ready,ACS PUMS DIS=1 AGEP 18-64 institutional GQ subtype = nursing home/skilled nursing. Verify exact GQ type code in 2024 PUMS codebook. 65+ removed per 2024 revision.
17,Illinois,IL,2024,rel_score_nursing_18to64,CL,relative,Living in Nursing Home Age 18 to 64: Relative,2.4477103693535374,NA,2.4477103693535374,lower_better,none,1,acs_ready,ACS PUMS DIS=1 AGEP 18-64 institutional GQ subtype = nursing home/skilled nursing. Verify exact GQ type code in 2024 PUMS codebook. 65+ removed per 2024 revision.
18,Indiana,IN,2024,rel_score_nursing_18to64,CL,relative,Living in Nursing Home Age 18 to 64: Relative,1.4812794210861084,NA,1.4812794210861084,lower_better,none,1,acs_ready,ACS PUMS DIS=1 AGEP 18-64 institutional GQ subtype = nursing home/skilled nursing. Verify exact GQ type code in 2024 PUMS codebook. 65+ removed per 2024 revision.
19,Iowa,IA,2024,rel_score_nursing_18to64,CL,relative,Living in Nursing Home Age 18 to 64: Relative,1.284563380056746,NA,1.284563380056746,lower_better,none,1,acs_ready,ACS PUMS DIS=1 AGEP 18-64 institutional GQ subtype = nursing home/skilled nursing. Verify exact GQ type code in 2024 PUMS codebook. 65+ removed per 2024 revision.
20,Kansas,KS,2024,rel_score_nursing_18to64,CL,relative,Living in Nursing Home Age 18 to 64: Relative,1.335520534391371,NA,1.335520534391371,lower_better,none,1,acs_ready,ACS PUMS DIS=1 AGEP 18-64 institutional GQ subtype = nursing home/skilled nursing. Verify exact GQ type code in 2024 PUMS codebook. 65+ removed per 2024 revision.
21,Kentucky,KY,2024,rel_score_nursing_18to64,CL,relative,Living in Nursing Home Age 18 to 64: Relative,0.9771971468334121,NA,0.9771971468334121,lower_better,none,1,acs_ready,ACS PUMS DIS=1 AGEP 18-64 institutional GQ subtype = nursing home/skilled nursing. Verify exact GQ type code in 2024 PUMS codebook. 65+ removed per 2024 revision.
22,Louisiana,LA,2024,rel_score_nursing_18to64,CL,relative,Living in Nursing Home Age 18 to 64: Relative,1.1235294063933328,NA,1.1235294063933328,lower_better,none,1,acs_ready,ACS PUMS DIS=1 AGEP 18-64 institutional GQ subtype = nursing home/skilled nursing. Verify exact GQ type code in 2024 PUMS codebook. 65+ removed per 2024 revision.
23,Maine,ME,2024,rel_score_nursing_18to64,CL,relative,Living in Nursing Home Age 18 to 64: Relative,1.3213803506441772,NA,1.3213803506441772,lower_better,none,1,acs_ready,ACS PUMS DIS=1 AGEP 18-64 institutional GQ subtype = nursing home/skilled nursing. Verify exact GQ type code in 2024 PUMS codebook. 65+ removed per 2024 revision.
24,Maryland,MD,2024,rel_score_nursing_18to64,CL,relative,Living in Nursing Home Age 18 to 64: Relative,1.500299456148994,NA,1.500299456148994,lower_better,none,1,acs_ready,ACS PUMS DIS=1 AGEP 18-64 institutional GQ subtype = nursing home/skilled nursing. Verify exact GQ type code in 2024 PUMS codebook. 65+ removed per 2024 revision.
25,Massachusetts,MA,2024,rel_score_nursing_18to64,CL,relative,Living in Nursing Home Age 18 to 64: Relative,1.0641170419265067,NA,1.0641170419265067,lower_better,none,1,acs_ready,ACS PUMS DIS=1 AGEP 18-64 institutional GQ subtype = nursing home/skilled nursing. Verify exact GQ type code in 2024 PUMS codebook. 65+ removed per 2024 revision.
26,Michigan,MI,2024,rel_score_nursing_18to64,CL,relative,Living in Nursing Home Age 18 to 64: Relative,0.932649685011296,NA,0.932649685011296,lower_better,none,1,acs_ready,ACS PUMS DIS=1 AGEP 18-64 institutional GQ subtype = nursing home/skilled nursing. Verify exact GQ type code in 2024 PUMS codebook. 65+ removed per 2024 revision.
27,Minnesota,MN,2024,rel_score_nursing_18to64,CL,relative,Living in Nursing Home Age 18 to 64: Relative,1.1166985317389844,NA,1.1166985317389844,lower_better,none,1,acs_ready,ACS PUMS DIS=1 AGEP 18-64 institutional GQ subtype = nursing home/skilled nursing. Verify exact GQ type code in 2024 PUMS codebook. 65+ removed per 2024 revision.
28,Mississippi,MS,2024,rel_score_nursing_18to64,CL,relative,Living in Nursing Home Age 18 to 64: Relative,1.3430977905162917,NA,1.3430977905162917,lower_better,none,1,acs_ready,ACS PUMS DIS=1 AGEP 18-64 institutional GQ subtype = nursing home/skilled nursing. Verify exact GQ type code in 2024 PUMS codebook. 65+ removed per 2024 revision.
29,Missouri,MO,2024,rel_score_nursing_18to64,CL,relative,Living in Nursing Home Age 18 to 64: Relative,1.8074487478975105,NA,1.8074487478975105,lower_better,none,1,acs_ready,ACS PUMS DIS=1 AGEP 18-64 institutional GQ subtype = nursing home/skilled nursing. Verify exact GQ type code in 2024 PUMS codebook. 65+ removed per 2024 revision.
30,Montana,MT,2024,rel_score_nursing_18to64,CL,relative,Living in Nursing Home Age 18 to 64: Relative,1.2541390640756602,NA,1.2541390640756602,lower_better,none,1,acs_ready,ACS PUMS DIS=1 AGEP 18-64 institutional GQ subtype = nursing home/skilled nursing. Verify exact GQ type code in 2024 PUMS codebook. 65+ removed per 2024 revision.
31,Nebraska,NE,2024,rel_score_nursing_18to64,CL,relative,Living in Nursing Home Age 18 to 64: Relative,1.6407224285655206,NA,1.6407224285655206,lower_better,none,1,acs_ready,ACS PUMS DIS=1 AGEP 18-64 institutional GQ subtype = nursing home/skilled nursing. Verify exact GQ type code in 2024 PUMS codebook. 65+ removed per 2024 revision.
32,Nevada,NV,2024,rel_score_nursing_18to64,CL,relative,Living in Nursing Home Age 18 to 64: Relative,0.6653236414731818,NA,0.6653236414731818,lower_better,none,1,acs_ready,ACS PUMS DIS=1 AGEP 18-64 institutional GQ subtype = nursing home/skilled nursing. Verify exact GQ type code in 2024 PUMS codebook. 65+ removed per 2024 revision.
33,New Hampshire,NH,2024,rel_score_nursing_18to64,CL,relative,Living in Nursing Home Age 18 to 64: Relative,0.9192919816512675,NA,0.9192919816512675,lower_better,none,1,acs_ready,ACS PUMS DIS=1 AGEP 18-64 institutional GQ subtype = nursing home/skilled nursing. Verify exact GQ type code in 2024 PUMS codebook. 65+ removed per 2024 revision.
34,New Jersey,NJ,2024,rel_score_nursing_18to64,CL,relative,Living in Nursing Home Age 18 to 64: Relative,1.5308569291549383,NA,1.5308569291549383,lower_better,none,1,acs_ready,ACS PUMS DIS=1 AGEP 18-64 institutional GQ subtype = nursing home/skilled nursing. Verify exact GQ type code in 2024 PUMS codebook. 65+ removed per 2024 revision.
35,New Mexico,NM,2024,rel_score_nursing_18to64,CL,relative,Living in Nursing Home Age 18 to 64: Relative,0.847321078840741,NA,0.847321078840741,lower_better,none,1,acs_ready,ACS PUMS DIS=1 AGEP 18-64 institutional GQ subtype = nursing home/skilled nursing. Verify exact GQ type code in 2024 PUMS codebook. 65+ removed per 2024 revision.
36,New York,NY,2024,rel_score_nursing_18to64,CL,relative,Living in Nursing Home Age 18 to 64: Relative,1.3419410700181622,NA,1.3419410700181622,lower_better,none,1,acs_ready,ACS PUMS DIS=1 AGEP 18-64 institutional GQ subtype = nursing home/skilled nursing. Verify exact GQ type code in 2024 PUMS codebook. 65+ removed per 2024 revision.
37,North Carolina,NC,2024,rel_score_nursing_18to64,CL,relative,Living in Nursing Home Age 18 to 64: Relative,0.9692782023132664,NA,0.9692782023132664,lower_better,none,1,acs_ready,ACS PUMS DIS=1 AGEP 18-64 institutional GQ subtype = nursing home/skilled nursing. Verify exact GQ type code in 2024 PUMS codebook. 65+ removed per 2024 revision.
38,North Dakota,ND,2024,rel_score_nursing_18to64,CL,relative,Living in Nursing Home Age 18 to 64: Relative,1.5627066679568375,NA,1.5627066679568375,lower_better,none,1,acs_ready,ACS PUMS DIS=1 AGEP 18-64 institutional GQ subtype = nursing home/skilled nursing. Verify exact GQ type code in 2024 PUMS codebook. 65+ removed per 2024 revision.
39,Ohio,OH,2024,rel_score_nursing_18to64,CL,relative,Living in Nursing Home Age 18 to 64: Relative,1.6515252179643156,NA,1.6515252179643156,lower_better,none,1,acs_ready,ACS PUMS DIS=1 AGEP 18-64 institutional GQ subtype = nursing home/skilled nursing. Verify exact GQ type code in 2024 PUMS codebook. 65+ removed per 2024 revision.
40,Oklahoma,OK,2024,rel_score_nursing_18to64,CL,relative,Living in Nursing Home Age 18 to 64: Relative,1.3636251763794631,NA,1.3636251763794631,lower_better,none,1,acs_ready,ACS PUMS DIS=1 AGEP 18-64 institutional GQ subtype = nursing home/skilled nursing. Verify exact GQ type code in 2024 PUMS codebook. 65+ removed per 2024 revision.
41,Oregon,OR,2024,rel_score_nursing_18to64,CL,relative,Living in Nursing Home Age 18 to 64: Relative,0.6809143405966871,NA,0.6809143405966871,lower_better,none,1,acs_ready,ACS PUMS DIS=1 AGEP 18-64 institutional GQ subtype = nursing home/skilled nursing. Verify exact GQ type code in 2024 PUMS codebook. 65+ removed per 2024 revision.
42,Pennsylvania,PA,2024,rel_score_nursing_18to64,CL,relative,Living in Nursing Home Age 18 to 64: Relative,1.2094831645458917,NA,1.2094831645458917,lower_better,none,1,acs_ready,ACS PUMS DIS=1 AGEP 18-64 institutional GQ subtype = nursing home/skilled nursing. Verify exact GQ type code in 2024 PUMS codebook. 65+ removed per 2024 revision.
44,Rhode Island,RI,2024,rel_score_nursing_18to64,CL,relative,Living in Nursing Home Age 18 to 64: Relative,1.6075023291101245,NA,1.6075023291101245,lower_better,none,1,acs_ready,ACS PUMS DIS=1 AGEP 18-64 institutional GQ subtype = nursing home/skilled nursing. Verify exact GQ type code in 2024 PUMS codebook. 65+ removed per 2024 revision.
45,South Carolina,SC,2024,rel_score_nursing_18to64,CL,relative,Living in Nursing Home Age 18 to 64: Relative,0.8396498468292234,NA,0.8396498468292234,lower_better,none,1,acs_ready,ACS PUMS DIS=1 AGEP 18-64 institutional GQ subtype = nursing home/skilled nursing. Verify exact GQ type code in 2024 PUMS codebook. 65+ removed per 2024 revision.
46,South Dakota,SD,2024,rel_score_nursing_18to64,CL,relative,Living in Nursing Home Age 18 to 64: Relative,1.1513505966295228,NA,1.1513505966295228,lower_better,none,1,acs_ready,ACS PUMS DIS=1 AGEP 18-64 institutional GQ subtype = nursing home/skilled nursing. Verify exact GQ type code in 2024 PUMS codebook. 65+ removed per 2024 revision.
47,Tennessee,TN,2024,rel_score_nursing_18to64,CL,relative,Living in Nursing Home Age 18 to 64: Relative,1.0092853475602195,NA,1.0092853475602195,lower_better,none,1,acs_ready,ACS PUMS DIS=1 AGEP 18-64 institutional GQ subtype = nursing home/skilled nursing. Verify exact GQ type code in 2024 PUMS codebook. 65+ removed per 2024 revision.
48,Texas,TX,2024,rel_score_nursing_18to64,CL,relative,Living in Nursing Home Age 18 to 64: Relative,1.0159989926779573,NA,1.0159989926779573,lower_better,none,1,acs_ready,ACS PUMS DIS=1 AGEP 18-64 institutional GQ subtype = nursing home/skilled nursing. Verify exact GQ type code in 2024 PUMS codebook. 65+ removed per 2024 revision.
49,Utah,UT,2024,rel_score_nursing_18to64,CL,relative,Living in Nursing Home Age 18 to 64: Relative,1.1482536374745853,NA,1.1482536374745853,lower_better,none,1,acs_ready,ACS PUMS DIS=1 AGEP 18-64 institutional GQ subtype = nursing home/skilled nursing. Verify exact GQ type code in 2024 PUMS codebook. 65+ removed per 2024 revision.
50,Vermont,VT,2024,rel_score_nursing_18to64,CL,relative,Living in Nursing Home Age 18 to 64: Relative,0.7437294235291088,NA,0.7437294235291088,lower_better,none,1,acs_ready,ACS PUMS DIS=1 AGEP 18-64 institutional GQ subtype = nursing home/skilled nursing. Verify exact GQ type code in 2024 PUMS codebook. 65+ removed per 2024 revision.
51,Virginia,VA,2024,rel_score_nursing_18to64,CL,relative,Living in Nursing Home Age 18 to 64: Relative,1.0294468489763908,NA,1.0294468489763908,lower_better,none,1,acs_ready,ACS PUMS DIS=1 AGEP 18-64 institutional GQ subtype = nursing home/skilled nursing. Verify exact GQ type code in 2024 PUMS codebook. 65+ removed per 2024 revision.
53,Washington,WA,2024,rel_score_nursing_18to64,CL,relative,Living in Nursing Home Age 18 to 64: Relative,0.6806535467364675,NA,0.6806535467364675,lower_better,none,1,acs_ready,ACS PUMS DIS=1 AGEP 18-64 institutional GQ subtype = nursing home/skilled nursing. Verify exact GQ type code in 2024 PUMS codebook. 65+ removed per 2024 revision.
54,West Virginia,WV,2024,rel_score_nursing_18to64,CL,relative,Living in Nursing Home Age 18 to 64: Relative,0.8596832495363615,NA,0.8596832495363615,lower_better,none,1,acs_ready,ACS PUMS DIS=1 AGEP 18-64 institutional GQ subtype = nursing home/skilled nursing. Verify exact GQ type code in 2024 PUMS codebook. 65+ removed per 2024 revision.
55,Wisconsin,WI,2024,rel_score_nursing_18to64,CL,relative,Living in Nursing Home Age 18 to 64: Relative,0.7066546151324734,NA,0.7066546151324734,lower_better,none,1,acs_ready,ACS PUMS DIS=1 AGEP 18-64 institutional GQ subtype = nursing home/skilled nursing. Verify exact GQ type code in 2024 PUMS codebook. 65+ removed per 2024 revision.
56,Wyoming,WY,2024,rel_score_nursing_18to64,CL,relative,Living in Nursing Home Age 18 to 64: Relative,0.6728662483174477,NA,0.6728662483174477,lower_better,none,1,acs_ready,ACS PUMS DIS=1 AGEP 18-64 institutional GQ subtype = nursing home/skilled nursing. Verify exact GQ type code in 2024 PUMS codebook. 65+ removed per 2024 revision.
72,Puerto Rico,PR,2024,rel_score_nursing_18to64,CL,relative,Living in Nursing Home Age 18 to 64: Relative,NA,NA,NA,lower_better,none,1,acs_ready,ACS PUMS DIS=1 AGEP 18-64 institutional GQ subtype = nursing home/skilled nursing. Verify exact GQ type code in 2024 PUMS codebook. 65+ removed per 2024 revision.
000,United States,USA,2024,eq_score_nursing_18to64,CL,equity,Living in Nursing Home Age 18 to 64: Equity,1.1678670383243792,0.010400080044805624,-1.1574669582795736,lower_better,none,1,acs_ready,NA
01,Alabama,AL,2024,eq_score_nursing_18to64,CL,equity,Living in Nursing Home Age 18 to 64: Equity,1.0685418444128383,0.014964180724058964,-1.0535776636887793,lower_better,none,1,acs_ready,NA
02,Alaska,AK,2024,eq_score_nursing_18to64,CL,equity,Living in Nursing Home Age 18 to 64: Equity,0.5964980638438991,0.015919881603840513,-0.5805781822400586,lower_better,none,1,acs_ready,NA
04,Arizona,AZ,2024,eq_score_nursing_18to64,CL,equity,Living in Nursing Home Age 18 to 64: Equity,0.7518342835073643,0.011410390998539703,-0.7404238925088246,lower_better,none,1,acs_ready,NA
05,Arkansas,AR,2024,eq_score_nursing_18to64,CL,equity,Living in Nursing Home Age 18 to 64: Equity,1.2676923961681128,0.008887078645827244,-1.2588053175222855,lower_better,none,1,acs_ready,NA
06,California,CA,2024,eq_score_nursing_18to64,CL,equity,Living in Nursing Home Age 18 to 64: Equity,1.1023020386509679,0.008720792874749752,-1.0935812457762182,lower_better,none,1,acs_ready,NA
08,Colorado,CO,2024,eq_score_nursing_18to64,CL,equity,Living in Nursing Home Age 18 to 64: Equity,0.8025089895832522,0.0070396753597629065,-0.7954693142234893,lower_better,none,1,acs_ready,NA
09,Connecticut,CT,2024,eq_score_nursing_18to64,CL,equity,Living in Nursing Home Age 18 to 64: Equity,1.3726437664008955,0.010514274623968367,-1.362129491776927,lower_better,none,1,acs_ready,NA
10,Delaware,DE,2024,eq_score_nursing_18to64,CL,equity,Living in Nursing Home Age 18 to 64: Equity,0.926824946123666,0.01322536163211573,-0.9135995844915502,lower_better,none,1,acs_ready,NA
11,District of Columbia,DC,2024,eq_score_nursing_18to64,CL,equity,Living in Nursing Home Age 18 to 64: Equity,1.1497655287091864,0.011399460950840152,-1.1383660677583463,lower_better,none,1,acs_ready,NA
12,Florida,FL,2024,eq_score_nursing_18to64,CL,equity,Living in Nursing Home Age 18 to 64: Equity,1.1801613590520657,0.007356713470187751,-1.172804645581878,lower_better,none,1,acs_ready,NA
13,Georgia,GA,2024,eq_score_nursing_18to64,CL,equity,Living in Nursing Home Age 18 to 64: Equity,0.877352207573366,0.010953682810722344,-0.8663985247626436,lower_better,none,1,acs_ready,NA
15,Hawaii,HI,2024,eq_score_nursing_18to64,CL,equity,Living in Nursing Home Age 18 to 64: Equity,0.7850455637604581,0.004394886975050043,-0.780650676785408,lower_better,none,1,acs_ready,NA
16,Idaho,ID,2024,eq_score_nursing_18to64,CL,equity,Living in Nursing Home Age 18 to 64: Equity,0.9745112304871767,0.010732060689803202,-0.9637791697973734,lower_better,none,1,acs_ready,NA
17,Illinois,IL,2024,eq_score_nursing_18to64,CL,equity,Living in Nursing Home Age 18 to 64: Equity,2.4477103693535374,0.03881948879751488,-2.4088908805560223,lower_better,none,1,acs_ready,NA
18,Indiana,IN,2024,eq_score_nursing_18to64,CL,equity,Living in Nursing Home Age 18 to 64: Equity,1.4812794210861084,0.010676914050974306,-1.470602507035134,lower_better,none,1,acs_ready,NA
19,Iowa,IA,2024,eq_score_nursing_18to64,CL,equity,Living in Nursing Home Age 18 to 64: Equity,1.284563380056746,0.005216476742573185,-1.279346903314173,lower_better,none,1,acs_ready,NA
20,Kansas,KS,2024,eq_score_nursing_18to64,CL,equity,Living in Nursing Home Age 18 to 64: Equity,1.335520534391371,0.008260281227323252,-1.3272602531640478,lower_better,none,1,acs_ready,NA
21,Kentucky,KY,2024,eq_score_nursing_18to64,CL,equity,Living in Nursing Home Age 18 to 64: Equity,0.9771971468334121,0.010063639909920843,-0.9671335069234912,lower_better,none,1,acs_ready,NA
22,Louisiana,LA,2024,eq_score_nursing_18to64,CL,equity,Living in Nursing Home Age 18 to 64: Equity,1.1235294063933328,0.009164252093072221,-1.1143651543002606,lower_better,none,1,acs_ready,NA
23,Maine,ME,2024,eq_score_nursing_18to64,CL,equity,Living in Nursing Home Age 18 to 64: Equity,1.3213803506441772,0,-1.3213803506441772,lower_better,none,1,acs_ready,NA
24,Maryland,MD,2024,eq_score_nursing_18to64,CL,equity,Living in Nursing Home Age 18 to 64: Equity,1.500299456148994,0.014454842268411454,-1.4858446138805825,lower_better,none,1,acs_ready,NA
25,Massachusetts,MA,2024,eq_score_nursing_18to64,CL,equity,Living in Nursing Home Age 18 to 64: Equity,1.0641170419265067,0.011308118641162185,-1.0528089232853446,lower_better,none,1,acs_ready,NA
26,Michigan,MI,2024,eq_score_nursing_18to64,CL,equity,Living in Nursing Home Age 18 to 64: Equity,0.932649685011296,0.0076554884985359705,-0.92499419651276,lower_better,none,1,acs_ready,NA
27,Minnesota,MN,2024,eq_score_nursing_18to64,CL,equity,Living in Nursing Home Age 18 to 64: Equity,1.1166985317389844,0.011909938632056208,-1.1047885931069281,lower_better,none,1,acs_ready,NA
28,Mississippi,MS,2024,eq_score_nursing_18to64,CL,equity,Living in Nursing Home Age 18 to 64: Equity,1.3430977905162917,0.010777998391956534,-1.3323197921243353,lower_better,none,1,acs_ready,NA
29,Missouri,MO,2024,eq_score_nursing_18to64,CL,equity,Living in Nursing Home Age 18 to 64: Equity,1.8074487478975105,0.017099280281717345,-1.7903494676157932,lower_better,none,1,acs_ready,NA
30,Montana,MT,2024,eq_score_nursing_18to64,CL,equity,Living in Nursing Home Age 18 to 64: Equity,1.2541390640756602,0.0031180676586383183,-1.2510209964170218,lower_better,none,1,acs_ready,NA
31,Nebraska,NE,2024,eq_score_nursing_18to64,CL,equity,Living in Nursing Home Age 18 to 64: Equity,1.6407224285655206,0.006546672393862552,-1.6341757561716581,lower_better,none,1,acs_ready,NA
32,Nevada,NV,2024,eq_score_nursing_18to64,CL,equity,Living in Nursing Home Age 18 to 64: Equity,0.6653236414731818,0.005919711094234041,-0.6594039303789477,lower_better,none,1,acs_ready,NA
33,New Hampshire,NH,2024,eq_score_nursing_18to64,CL,equity,Living in Nursing Home Age 18 to 64: Equity,0.9192919816512675,0.0018323276374054478,-0.917459654013862,lower_better,none,1,acs_ready,NA
34,New Jersey,NJ,2024,eq_score_nursing_18to64,CL,equity,Living in Nursing Home Age 18 to 64: Equity,1.5308569291549383,0.013180870637567179,-1.5176760585173712,lower_better,none,1,acs_ready,NA
35,New Mexico,NM,2024,eq_score_nursing_18to64,CL,equity,Living in Nursing Home Age 18 to 64: Equity,0.847321078840741,0.020806634356194134,-0.8265144444845469,lower_better,none,1,acs_ready,NA
36,New York,NY,2024,eq_score_nursing_18to64,CL,equity,Living in Nursing Home Age 18 to 64: Equity,1.3419410700181622,0.00646701078793678,-1.3354740592302254,lower_better,none,1,acs_ready,NA
37,North Carolina,NC,2024,eq_score_nursing_18to64,CL,equity,Living in Nursing Home Age 18 to 64: Equity,0.9692782023132664,0.006969506580938044,-0.9623086957323284,lower_better,none,1,acs_ready,NA
38,North Dakota,ND,2024,eq_score_nursing_18to64,CL,equity,Living in Nursing Home Age 18 to 64: Equity,1.5627066679568375,0.012780086602978856,-1.5499265813538587,lower_better,none,1,acs_ready,NA
39,Ohio,OH,2024,eq_score_nursing_18to64,CL,equity,Living in Nursing Home Age 18 to 64: Equity,1.6515252179643156,0.01597550137498918,-1.6355497165893265,lower_better,none,1,acs_ready,NA
40,Oklahoma,OK,2024,eq_score_nursing_18to64,CL,equity,Living in Nursing Home Age 18 to 64: Equity,1.3636251763794631,0.015086794171563774,-1.3485383822078993,lower_better,none,1,acs_ready,NA
41,Oregon,OR,2024,eq_score_nursing_18to64,CL,equity,Living in Nursing Home Age 18 to 64: Equity,0.6809143405966871,0.0018171438213105044,-0.6790971967753766,lower_better,none,1,acs_ready,NA
42,Pennsylvania,PA,2024,eq_score_nursing_18to64,CL,equity,Living in Nursing Home Age 18 to 64: Equity,1.2094831645458917,0.011577577790267326,-1.1979055867556243,lower_better,none,1,acs_ready,NA
44,Rhode Island,RI,2024,eq_score_nursing_18to64,CL,equity,Living in Nursing Home Age 18 to 64: Equity,1.6075023291101245,0.011959672345280198,-1.5955426567648443,lower_better,none,1,acs_ready,NA
45,South Carolina,SC,2024,eq_score_nursing_18to64,CL,equity,Living in Nursing Home Age 18 to 64: Equity,0.8396498468292234,5.049502379998368e-4,-0.8391448965912236,lower_better,none,1,acs_ready,NA
46,South Dakota,SD,2024,eq_score_nursing_18to64,CL,equity,Living in Nursing Home Age 18 to 64: Equity,1.1513505966295228,0.0014948769009660839,-1.1498557197285566,lower_better,none,1,acs_ready,NA
47,Tennessee,TN,2024,eq_score_nursing_18to64,CL,equity,Living in Nursing Home Age 18 to 64: Equity,1.0092853475602195,0.010188228846253916,-0.9990971187139656,lower_better,none,1,acs_ready,NA
48,Texas,TX,2024,eq_score_nursing_18to64,CL,equity,Living in Nursing Home Age 18 to 64: Equity,1.0159989926779573,0.007269555778682134,-1.0087294368992752,lower_better,none,1,acs_ready,NA
49,Utah,UT,2024,eq_score_nursing_18to64,CL,equity,Living in Nursing Home Age 18 to 64: Equity,1.1482536374745853,0.006126751893602528,-1.1421268855809827,lower_better,none,1,acs_ready,NA
50,Vermont,VT,2024,eq_score_nursing_18to64,CL,equity,Living in Nursing Home Age 18 to 64: Equity,0.7437294235291088,0.002614981028152836,-0.7411144425009559,lower_better,none,1,acs_ready,NA
51,Virginia,VA,2024,eq_score_nursing_18to64,CL,equity,Living in Nursing Home Age 18 to 64: Equity,1.0294468489763908,0.01341387811034564,-1.0160329708660452,lower_better,none,1,acs_ready,NA
53,Washington,WA,2024,eq_score_nursing_18to64,CL,equity,Living in Nursing Home Age 18 to 64: Equity,0.6806535467364675,0.0044720909271191945,-0.6761814558093483,lower_better,none,1,acs_ready,NA
54,West Virginia,WV,2024,eq_score_nursing_18to64,CL,equity,Living in Nursing Home Age 18 to 64: Equity,0.8596832495363615,0.012153585214078477,-0.847529664322283,lower_better,none,1,acs_ready,NA
55,Wisconsin,WI,2024,eq_score_nursing_18to64,CL,equity,Living in Nursing Home Age 18 to 64: Equity,0.7066546151324734,0.008123726930635077,-0.6985308882018383,lower_better,none,1,acs_ready,NA
56,Wyoming,WY,2024,eq_score_nursing_18to64,CL,equity,Living in Nursing Home Age 18 to 64: Equity,0.6728662483174477,0.005911743269437592,-0.6669545050480101,lower_better,none,1,acs_ready,NA
72,Puerto Rico,PR,2024,eq_score_nursing_18to64,CL,equity,Living in Nursing Home Age 18 to 64: Equity,NA,NA,NA,lower_better,none,1,acs_ready,NA
000,United States,USA,2024,rel_score_corrections,CL,relative,Living in Correctional Facility: Relative,1.0418708400998165,NA,1.0418708400998165,lower_better,none,1,acs_ready,ACS PUMS DIS=1 AGEP 18-64 institutional GQ subtype = correctional facility. Verify exact GQ type code.
01,Alabama,AL,2024,rel_score_corrections,CL,relative,Living in Correctional Facility: Relative,1.354263361217135,NA,1.354263361217135,lower_better,none,1,acs_ready,ACS PUMS DIS=1 AGEP 18-64 institutional GQ subtype = correctional facility. Verify exact GQ type code.
02,Alaska,AK,2024,rel_score_corrections,CL,relative,Living in Correctional Facility: Relative,0.9114894200864443,NA,0.9114894200864443,lower_better,none,1,acs_ready,ACS PUMS DIS=1 AGEP 18-64 institutional GQ subtype = correctional facility. Verify exact GQ type code.
04,Arizona,AZ,2024,rel_score_corrections,CL,relative,Living in Correctional Facility: Relative,1.108962839793629,NA,1.108962839793629,lower_better,none,1,acs_ready,ACS PUMS DIS=1 AGEP 18-64 institutional GQ subtype = correctional facility. Verify exact GQ type code.
05,Arkansas,AR,2024,rel_score_corrections,CL,relative,Living in Correctional Facility: Relative,0.6722653802021452,NA,0.6722653802021452,lower_better,none,1,acs_ready,ACS PUMS DIS=1 AGEP 18-64 institutional GQ subtype = correctional facility. Verify exact GQ type code.
06,California,CA,2024,rel_score_corrections,CL,relative,Living in Correctional Facility: Relative,0.9435108693280989,NA,0.9435108693280989,lower_better,none,1,acs_ready,ACS PUMS DIS=1 AGEP 18-64 institutional GQ subtype = correctional facility. Verify exact GQ type code.
08,Colorado,CO,2024,rel_score_corrections,CL,relative,Living in Correctional Facility: Relative,1.7958702956245483,NA,1.7958702956245483,lower_better,none,1,acs_ready,ACS PUMS DIS=1 AGEP 18-64 institutional GQ subtype = correctional facility. Verify exact GQ type code.
09,Connecticut,CT,2024,rel_score_corrections,CL,relative,Living in Correctional Facility: Relative,0.5072640692654988,NA,0.5072640692654988,lower_better,none,1,acs_ready,ACS PUMS DIS=1 AGEP 18-64 institutional GQ subtype = correctional facility. Verify exact GQ type code.
10,Delaware,DE,2024,rel_score_corrections,CL,relative,Living in Correctional Facility: Relative,0.7678660809138377,NA,0.7678660809138377,lower_better,none,1,acs_ready,ACS PUMS DIS=1 AGEP 18-64 institutional GQ subtype = correctional facility. Verify exact GQ type code.
11,District of Columbia,DC,2024,rel_score_corrections,CL,relative,Living in Correctional Facility: Relative,1.309914625389209,NA,1.309914625389209,lower_better,none,1,acs_ready,ACS PUMS DIS=1 AGEP 18-64 institutional GQ subtype = correctional facility. Verify exact GQ type code.
12,Florida,FL,2024,rel_score_corrections,CL,relative,Living in Correctional Facility: Relative,1.2316071816865957,NA,1.2316071816865957,lower_better,none,1,acs_ready,ACS PUMS DIS=1 AGEP 18-64 institutional GQ subtype = correctional facility. Verify exact GQ type code.
13,Georgia,GA,2024,rel_score_corrections,CL,relative,Living in Correctional Facility: Relative,1.5687005266094967,NA,1.5687005266094967,lower_better,none,1,acs_ready,ACS PUMS DIS=1 AGEP 18-64 institutional GQ subtype = correctional facility. Verify exact GQ type code.
15,Hawaii,HI,2024,rel_score_corrections,CL,relative,Living in Correctional Facility: Relative,0.5711075467897022,NA,0.5711075467897022,lower_better,none,1,acs_ready,ACS PUMS DIS=1 AGEP 18-64 institutional GQ subtype = correctional facility. Verify exact GQ type code.
16,Idaho,ID,2024,rel_score_corrections,CL,relative,Living in Correctional Facility: Relative,1.1681918173938644,NA,1.1681918173938644,lower_better,none,1,acs_ready,ACS PUMS DIS=1 AGEP 18-64 institutional GQ subtype = correctional facility. Verify exact GQ type code.
17,Illinois,IL,2024,rel_score_corrections,CL,relative,Living in Correctional Facility: Relative,0.692825170636916,NA,0.692825170636916,lower_better,none,1,acs_ready,ACS PUMS DIS=1 AGEP 18-64 institutional GQ subtype = correctional facility. Verify exact GQ type code.
18,Indiana,IN,2024,rel_score_corrections,CL,relative,Living in Correctional Facility: Relative,0.8796215353932663,NA,0.8796215353932663,lower_better,none,1,acs_ready,ACS PUMS DIS=1 AGEP 18-64 institutional GQ subtype = correctional facility. Verify exact GQ type code.
19,Iowa,IA,2024,rel_score_corrections,CL,relative,Living in Correctional Facility: Relative,0.734394218040259,NA,0.734394218040259,lower_better,none,1,acs_ready,ACS PUMS DIS=1 AGEP 18-64 institutional GQ subtype = correctional facility. Verify exact GQ type code.
20,Kansas,KS,2024,rel_score_corrections,CL,relative,Living in Correctional Facility: Relative,1.4998734510150722,NA,1.4998734510150722,lower_better,none,1,acs_ready,ACS PUMS DIS=1 AGEP 18-64 institutional GQ subtype = correctional facility. Verify exact GQ type code.
21,Kentucky,KY,2024,rel_score_corrections,CL,relative,Living in Correctional Facility: Relative,1.3200982096500902,NA,1.3200982096500902,lower_better,none,1,acs_ready,ACS PUMS DIS=1 AGEP 18-64 institutional GQ subtype = correctional facility. Verify exact GQ type code.
22,Louisiana,LA,2024,rel_score_corrections,CL,relative,Living in Correctional Facility: Relative,1.3438142793529795,NA,1.3438142793529795,lower_better,none,1,acs_ready,ACS PUMS DIS=1 AGEP 18-64 institutional GQ subtype = correctional facility. Verify exact GQ type code.
23,Maine,ME,2024,rel_score_corrections,CL,relative,Living in Correctional Facility: Relative,0.5855603457874046,NA,0.5855603457874046,lower_better,none,1,acs_ready,ACS PUMS DIS=1 AGEP 18-64 institutional GQ subtype = correctional facility. Verify exact GQ type code.
24,Maryland,MD,2024,rel_score_corrections,CL,relative,Living in Correctional Facility: Relative,0.9263867992929222,NA,0.9263867992929222,lower_better,none,1,acs_ready,ACS PUMS DIS=1 AGEP 18-64 institutional GQ subtype = correctional facility. Verify exact GQ type code.
25,Massachusetts,MA,2024,rel_score_corrections,CL,relative,Living in Correctional Facility: Relative,0.4352451872711144,NA,0.4352451872711144,lower_better,none,1,acs_ready,ACS PUMS DIS=1 AGEP 18-64 institutional GQ subtype = correctional facility. Verify exact GQ type code.
26,Michigan,MI,2024,rel_score_corrections,CL,relative,Living in Correctional Facility: Relative,1.215078455449605,NA,1.215078455449605,lower_better,none,1,acs_ready,ACS PUMS DIS=1 AGEP 18-64 institutional GQ subtype = correctional facility. Verify exact GQ type code.
27,Minnesota,MN,2024,rel_score_corrections,CL,relative,Living in Correctional Facility: Relative,0.424871148719769,NA,0.424871148719769,lower_better,none,1,acs_ready,ACS PUMS DIS=1 AGEP 18-64 institutional GQ subtype = correctional facility. Verify exact GQ type code.
28,Mississippi,MS,2024,rel_score_corrections,CL,relative,Living in Correctional Facility: Relative,0.8654443458582118,NA,0.8654443458582118,lower_better,none,1,acs_ready,ACS PUMS DIS=1 AGEP 18-64 institutional GQ subtype = correctional facility. Verify exact GQ type code.
29,Missouri,MO,2024,rel_score_corrections,CL,relative,Living in Correctional Facility: Relative,0.7899086991204005,NA,0.7899086991204005,lower_better,none,1,acs_ready,ACS PUMS DIS=1 AGEP 18-64 institutional GQ subtype = correctional facility. Verify exact GQ type code.
30,Montana,MT,2024,rel_score_corrections,CL,relative,Living in Correctional Facility: Relative,0.8977429584032829,NA,0.8977429584032829,lower_better,none,1,acs_ready,ACS PUMS DIS=1 AGEP 18-64 institutional GQ subtype = correctional facility. Verify exact GQ type code.
31,Nebraska,NE,2024,rel_score_corrections,CL,relative,Living in Correctional Facility: Relative,0.6417157476374548,NA,0.6417157476374548,lower_better,none,1,acs_ready,ACS PUMS DIS=1 AGEP 18-64 institutional GQ subtype = correctional facility. Verify exact GQ type code.
32,Nevada,NV,2024,rel_score_corrections,CL,relative,Living in Correctional Facility: Relative,1.0275476025123045,NA,1.0275476025123045,lower_better,none,1,acs_ready,ACS PUMS DIS=1 AGEP 18-64 institutional GQ subtype = correctional facility. Verify exact GQ type code.
33,New Hampshire,NH,2024,rel_score_corrections,CL,relative,Living in Correctional Facility: Relative,0.7298078467000398,NA,0.7298078467000398,lower_better,none,1,acs_ready,ACS PUMS DIS=1 AGEP 18-64 institutional GQ subtype = correctional facility. Verify exact GQ type code.
34,New Jersey,NJ,2024,rel_score_corrections,CL,relative,Living in Correctional Facility: Relative,0.25666345338547547,NA,0.25666345338547547,lower_better,none,1,acs_ready,ACS PUMS DIS=1 AGEP 18-64 institutional GQ subtype = correctional facility. Verify exact GQ type code.
35,New Mexico,NM,2024,rel_score_corrections,CL,relative,Living in Correctional Facility: Relative,1.434831869411336,NA,1.434831869411336,lower_better,none,1,acs_ready,ACS PUMS DIS=1 AGEP 18-64 institutional GQ subtype = correctional facility. Verify exact GQ type code.
36,New York,NY,2024,rel_score_corrections,CL,relative,Living in Correctional Facility: Relative,0.2756607995223071,NA,0.2756607995223071,lower_better,none,1,acs_ready,ACS PUMS DIS=1 AGEP 18-64 institutional GQ subtype = correctional facility. Verify exact GQ type code.
37,North Carolina,NC,2024,rel_score_corrections,CL,relative,Living in Correctional Facility: Relative,0.918684622019557,NA,0.918684622019557,lower_better,none,1,acs_ready,ACS PUMS DIS=1 AGEP 18-64 institutional GQ subtype = correctional facility. Verify exact GQ type code.
38,North Dakota,ND,2024,rel_score_corrections,CL,relative,Living in Correctional Facility: Relative,0.7822648006055914,NA,0.7822648006055914,lower_better,none,1,acs_ready,ACS PUMS DIS=1 AGEP 18-64 institutional GQ subtype = correctional facility. Verify exact GQ type code.
39,Ohio,OH,2024,rel_score_corrections,CL,relative,Living in Correctional Facility: Relative,0.9552785189408944,NA,0.9552785189408944,lower_better,none,1,acs_ready,ACS PUMS DIS=1 AGEP 18-64 institutional GQ subtype = correctional facility. Verify exact GQ type code.
40,Oklahoma,OK,2024,rel_score_corrections,CL,relative,Living in Correctional Facility: Relative,1.6491496186347783,NA,1.6491496186347783,lower_better,none,1,acs_ready,ACS PUMS DIS=1 AGEP 18-64 institutional GQ subtype = correctional facility. Verify exact GQ type code.
41,Oregon,OR,2024,rel_score_corrections,CL,relative,Living in Correctional Facility: Relative,0.9808409552719058,NA,0.9808409552719058,lower_better,none,1,acs_ready,ACS PUMS DIS=1 AGEP 18-64 institutional GQ subtype = correctional facility. Verify exact GQ type code.
42,Pennsylvania,PA,2024,rel_score_corrections,CL,relative,Living in Correctional Facility: Relative,1.075790897445834,NA,1.075790897445834,lower_better,none,1,acs_ready,ACS PUMS DIS=1 AGEP 18-64 institutional GQ subtype = correctional facility. Verify exact GQ type code.
44,Rhode Island,RI,2024,rel_score_corrections,CL,relative,Living in Correctional Facility: Relative,0.6454079376503661,NA,0.6454079376503661,lower_better,none,1,acs_ready,ACS PUMS DIS=1 AGEP 18-64 institutional GQ subtype = correctional facility. Verify exact GQ type code.
45,South Carolina,SC,2024,rel_score_corrections,CL,relative,Living in Correctional Facility: Relative,0.7908777792987773,NA,0.7908777792987773,lower_better,none,1,acs_ready,ACS PUMS DIS=1 AGEP 18-64 institutional GQ subtype = correctional facility. Verify exact GQ type code.
46,South Dakota,SD,2024,rel_score_corrections,CL,relative,Living in Correctional Facility: Relative,1.6373981137042144,NA,1.6373981137042144,lower_better,none,1,acs_ready,ACS PUMS DIS=1 AGEP 18-64 institutional GQ subtype = correctional facility. Verify exact GQ type code.
47,Tennessee,TN,2024,rel_score_corrections,CL,relative,Living in Correctional Facility: Relative,0.9883084788591607,NA,0.9883084788591607,lower_better,none,1,acs_ready,ACS PUMS DIS=1 AGEP 18-64 institutional GQ subtype = correctional facility. Verify exact GQ type code.
48,Texas,TX,2024,rel_score_corrections,CL,relative,Living in Correctional Facility: Relative,1.9585647880117394,NA,1.9585647880117394,lower_better,none,1,acs_ready,ACS PUMS DIS=1 AGEP 18-64 institutional GQ subtype = correctional facility. Verify exact GQ type code.
49,Utah,UT,2024,rel_score_corrections,CL,relative,Living in Correctional Facility: Relative,0.9100397229228964,NA,0.9100397229228964,lower_better,none,1,acs_ready,ACS PUMS DIS=1 AGEP 18-64 institutional GQ subtype = correctional facility. Verify exact GQ type code.
50,Vermont,VT,2024,rel_score_corrections,CL,relative,Living in Correctional Facility: Relative,0.40863402626670486,NA,0.40863402626670486,lower_better,none,1,acs_ready,ACS PUMS DIS=1 AGEP 18-64 institutional GQ subtype = correctional facility. Verify exact GQ type code.
51,Virginia,VA,2024,rel_score_corrections,CL,relative,Living in Correctional Facility: Relative,1.1611275253671094,NA,1.1611275253671094,lower_better,none,1,acs_ready,ACS PUMS DIS=1 AGEP 18-64 institutional GQ subtype = correctional facility. Verify exact GQ type code.
53,Washington,WA,2024,rel_score_corrections,CL,relative,Living in Correctional Facility: Relative,0.6108708828220333,NA,0.6108708828220333,lower_better,none,1,acs_ready,ACS PUMS DIS=1 AGEP 18-64 institutional GQ subtype = correctional facility. Verify exact GQ type code.
54,West Virginia,WV,2024,rel_score_corrections,CL,relative,Living in Correctional Facility: Relative,1.4571333070240298,NA,1.4571333070240298,lower_better,none,1,acs_ready,ACS PUMS DIS=1 AGEP 18-64 institutional GQ subtype = correctional facility. Verify exact GQ type code.
55,Wisconsin,WI,2024,rel_score_corrections,CL,relative,Living in Correctional Facility: Relative,0.8618340000046645,NA,0.8618340000046645,lower_better,none,1,acs_ready,ACS PUMS DIS=1 AGEP 18-64 institutional GQ subtype = correctional facility. Verify exact GQ type code.
56,Wyoming,WY,2024,rel_score_corrections,CL,relative,Living in Correctional Facility: Relative,0.8431267378757459,NA,0.8431267378757459,lower_better,none,1,acs_ready,ACS PUMS DIS=1 AGEP 18-64 institutional GQ subtype = correctional facility. Verify exact GQ type code.
72,Puerto Rico,PR,2024,rel_score_corrections,CL,relative,Living in Correctional Facility: Relative,NA,NA,NA,lower_better,none,1,acs_ready,ACS PUMS DIS=1 AGEP 18-64 institutional GQ subtype = correctional facility. Verify exact GQ type code.
000,United States,USA,2024,eq_score_corrections,CL,equity,Living in Correctional Facility: Equity,1.0418708400998165,0.4793976711868122,-0.5624731689130043,lower_better,none,1,acs_ready,NA
01,Alabama,AL,2024,eq_score_corrections,CL,equity,Living in Correctional Facility: Equity,1.354263361217135,0.625435597442724,-0.728827763774411,lower_better,none,1,acs_ready,NA
02,Alaska,AK,2024,eq_score_corrections,CL,equity,Living in Correctional Facility: Equity,0.9114894200864443,0.6468968934953989,-0.2645925265910454,lower_better,none,1,acs_ready,NA
04,Arizona,AZ,2024,eq_score_corrections,CL,equity,Living in Correctional Facility: Equity,1.108962839793629,0.7740236808068166,-0.3349391589868125,lower_better,none,1,acs_ready,NA
05,Arkansas,AR,2024,eq_score_corrections,CL,equity,Living in Correctional Facility: Equity,0.6722653802021452,0.9553096815390482,0.28304430133690295,lower_better,none,1,acs_ready,NA
06,California,CA,2024,eq_score_corrections,CL,equity,Living in Correctional Facility: Equity,0.9435108693280989,0.36582787665236505,-0.5776829926757339,lower_better,none,1,acs_ready,NA
08,Colorado,CO,2024,eq_score_corrections,CL,equity,Living in Correctional Facility: Equity,1.7958702956245483,0.3426991321604244,-1.4531711634641238,lower_better,none,1,acs_ready,NA
09,Connecticut,CT,2024,eq_score_corrections,CL,equity,Living in Correctional Facility: Equity,0.5072640692654988,0.2944824378619207,-0.21278163140357814,lower_better,none,1,acs_ready,NA
10,Delaware,DE,2024,eq_score_corrections,CL,equity,Living in Correctional Facility: Equity,0.7678660809138377,0.4138041751398168,-0.35406190577402086,lower_better,none,1,acs_ready,NA
11,District of Columbia,DC,2024,eq_score_corrections,CL,equity,Living in Correctional Facility: Equity,1.309914625389209,0.18126686458675803,-1.128647760802451,lower_better,none,1,acs_ready,NA
12,Florida,FL,2024,eq_score_corrections,CL,equity,Living in Correctional Facility: Equity,1.2316071816865957,0.5151383391127594,-0.7164688425738363,lower_better,none,1,acs_ready,NA
13,Georgia,GA,2024,eq_score_corrections,CL,equity,Living in Correctional Facility: Equity,1.5687005266094967,0.7200966370828198,-0.8486038895266769,lower_better,none,1,acs_ready,NA
15,Hawaii,HI,2024,eq_score_corrections,CL,equity,Living in Correctional Facility: Equity,0.5711075467897022,0.20964653204989256,-0.3614610147398096,lower_better,none,1,acs_ready,NA
16,Idaho,ID,2024,eq_score_corrections,CL,equity,Living in Correctional Facility: Equity,1.1681918173938644,0.4731031196481458,-0.6950886977457186,lower_better,none,1,acs_ready,NA
17,Illinois,IL,2024,eq_score_corrections,CL,equity,Living in Correctional Facility: Equity,0.692825170636916,0.4370019732087763,-0.25582319742813964,lower_better,none,1,acs_ready,NA
18,Indiana,IN,2024,eq_score_corrections,CL,equity,Living in Correctional Facility: Equity,0.8796215353932663,0.5647653770863454,-0.3148561583069208,lower_better,none,1,acs_ready,NA
19,Iowa,IA,2024,eq_score_corrections,CL,equity,Living in Correctional Facility: Equity,0.734394218040259,0.3644104175856934,-0.3699838004545655,lower_better,none,1,acs_ready,NA
20,Kansas,KS,2024,eq_score_corrections,CL,equity,Living in Correctional Facility: Equity,1.4998734510150722,0.4734062382736699,-1.0264672127414023,lower_better,none,1,acs_ready,NA
21,Kentucky,KY,2024,eq_score_corrections,CL,equity,Living in Correctional Facility: Equity,1.3200982096500902,0.7526720538917601,-0.5674261557583301,lower_better,none,1,acs_ready,NA
22,Louisiana,LA,2024,eq_score_corrections,CL,equity,Living in Correctional Facility: Equity,1.3438142793529795,1.0644875357792487,-0.2793267435737308,lower_better,none,1,acs_ready,NA
23,Maine,ME,2024,eq_score_corrections,CL,equity,Living in Correctional Facility: Equity,0.5855603457874046,0.1920618947526425,-0.3934984510347621,lower_better,none,1,acs_ready,NA
24,Maryland,MD,2024,eq_score_corrections,CL,equity,Living in Correctional Facility: Equity,0.9263867992929222,0.36769703085956795,-0.5586897684333543,lower_better,none,1,acs_ready,NA
25,Massachusetts,MA,2024,eq_score_corrections,CL,equity,Living in Correctional Facility: Equity,0.4352451872711144,0.19237624885924293,-0.24286893841187146,lower_better,none,1,acs_ready,NA
26,Michigan,MI,2024,eq_score_corrections,CL,equity,Living in Correctional Facility: Equity,1.215078455449605,0.4016187564257167,-0.8134596990238883,lower_better,none,1,acs_ready,NA
27,Minnesota,MN,2024,eq_score_corrections,CL,equity,Living in Correctional Facility: Equity,0.424871148719769,0.26843372351422923,-0.15643742520553977,lower_better,none,1,acs_ready,NA
28,Mississippi,MS,2024,eq_score_corrections,CL,equity,Living in Correctional Facility: Equity,0.8654443458582118,0.9734504866677776,0.10800614080956572,lower_better,none,1,acs_ready,NA
29,Missouri,MO,2024,eq_score_corrections,CL,equity,Living in Correctional Facility: Equity,0.7899086991204005,0.4692586260145274,-0.3206500731058731,lower_better,none,1,acs_ready,NA
30,Montana,MT,2024,eq_score_corrections,CL,equity,Living in Correctional Facility: Equity,0.8977429584032829,0.4495737186872511,-0.4481692397160318,lower_better,none,1,acs_ready,NA
31,Nebraska,NE,2024,eq_score_corrections,CL,equity,Living in Correctional Facility: Equity,0.6417157476374548,0.39252575333181383,-0.24918999430564093,lower_better,none,1,acs_ready,NA
32,Nevada,NV,2024,eq_score_corrections,CL,equity,Living in Correctional Facility: Equity,1.0275476025123045,0.48896364385252716,-0.5385839586597774,lower_better,none,1,acs_ready,NA
33,New Hampshire,NH,2024,eq_score_corrections,CL,equity,Living in Correctional Facility: Equity,0.7298078467000398,0.2435508265695397,-0.48625702013050015,lower_better,none,1,acs_ready,NA
34,New Jersey,NJ,2024,eq_score_corrections,CL,equity,Living in Correctional Facility: Equity,0.25666345338547547,0.36742062130209513,0.11075716791661966,lower_better,none,1,acs_ready,NA
35,New Mexico,NM,2024,eq_score_corrections,CL,equity,Living in Correctional Facility: Equity,1.434831869411336,0.5455550929597648,-0.8892767764515712,lower_better,none,1,acs_ready,NA
36,New York,NY,2024,eq_score_corrections,CL,equity,Living in Correctional Facility: Equity,0.2756607995223071,0.27070366173536703,-0.004957137786940069,lower_better,none,1,acs_ready,NA
37,North Carolina,NC,2024,eq_score_corrections,CL,equity,Living in Correctional Facility: Equity,0.918684622019557,0.4172235028789267,-0.5014611191406304,lower_better,none,1,acs_ready,NA
38,North Dakota,ND,2024,eq_score_corrections,CL,equity,Living in Correctional Facility: Equity,0.7822648006055914,0.28233028825391415,-0.4999345123516773,lower_better,none,1,acs_ready,NA
39,Ohio,OH,2024,eq_score_corrections,CL,equity,Living in Correctional Facility: Equity,0.9552785189408944,0.4832681357126195,-0.47201038322827493,lower_better,none,1,acs_ready,NA
40,Oklahoma,OK,2024,eq_score_corrections,CL,equity,Living in Correctional Facility: Equity,1.6491496186347783,0.8041582748387155,-0.8449913437960628,lower_better,none,1,acs_ready,NA
41,Oregon,OR,2024,eq_score_corrections,CL,equity,Living in Correctional Facility: Equity,0.9808409552719058,0.4130800159809288,-0.567760939290977,lower_better,none,1,acs_ready,NA
42,Pennsylvania,PA,2024,eq_score_corrections,CL,equity,Living in Correctional Facility: Equity,1.075790897445834,0.5096855181794259,-0.566105379266408,lower_better,none,1,acs_ready,NA
44,Rhode Island,RI,2024,eq_score_corrections,CL,equity,Living in Correctional Facility: Equity,0.6454079376503661,0.2161923383437111,-0.429215599306655,lower_better,none,1,acs_ready,NA
45,South Carolina,SC,2024,eq_score_corrections,CL,equity,Living in Correctional Facility: Equity,0.7908777792987773,0.5277232701538527,-0.26315450914492466,lower_better,none,1,acs_ready,NA
46,South Dakota,SD,2024,eq_score_corrections,CL,equity,Living in Correctional Facility: Equity,1.6373981137042144,0.5964374236586821,-1.0409606900455324,lower_better,none,1,acs_ready,NA
47,Tennessee,TN,2024,eq_score_corrections,CL,equity,Living in Correctional Facility: Equity,0.9883084788591607,0.5197418588068312,-0.4685666200523295,lower_better,none,1,acs_ready,NA
48,Texas,TX,2024,eq_score_corrections,CL,equity,Living in Correctional Facility: Equity,1.9585647880117394,0.6563700255535833,-1.3021947624581562,lower_better,none,1,acs_ready,NA
49,Utah,UT,2024,eq_score_corrections,CL,equity,Living in Correctional Facility: Equity,0.9100397229228964,0.2036679471752877,-0.7063717757476087,lower_better,none,1,acs_ready,NA
50,Vermont,VT,2024,eq_score_corrections,CL,equity,Living in Correctional Facility: Equity,0.40863402626670486,0.14981281406417857,-0.2588212122025263,lower_better,none,1,acs_ready,NA
51,Virginia,VA,2024,eq_score_corrections,CL,equity,Living in Correctional Facility: Equity,1.1611275253671094,0.5814455741596476,-0.5796819512074618,lower_better,none,1,acs_ready,NA
53,Washington,WA,2024,eq_score_corrections,CL,equity,Living in Correctional Facility: Equity,0.6108708828220333,0.2574251668216306,-0.3534457160004027,lower_better,none,1,acs_ready,NA
54,West Virginia,WV,2024,eq_score_corrections,CL,equity,Living in Correctional Facility: Equity,1.4571333070240298,1.017826196678465,-0.4393071103455648,lower_better,none,1,acs_ready,NA
55,Wisconsin,WI,2024,eq_score_corrections,CL,equity,Living in Correctional Facility: Equity,0.8618340000046645,0.4424942210281846,-0.4193397789764799,lower_better,none,1,acs_ready,NA
56,Wyoming,WY,2024,eq_score_corrections,CL,equity,Living in Correctional Facility: Equity,0.8431267378757459,0.5241496056723108,-0.31897713220343504,lower_better,none,1,acs_ready,NA
72,Puerto Rico,PR,2024,eq_score_corrections,CL,equity,Living in Correctional Facility: Equity,NA,NA,NA,lower_better,none,1,acs_ready,NA
000,United States,USA,2024,rel_score_hcbs_ratio,CL,relative,HCBS vs. Institutional Spending Ratio: Relative,NA,NA,NA,higher_better,none,1,external_ready,Source: KFF Custom State Report (HCBS 2024.csv). FFS data from CMS-64. Formula: Home Health & Personal Care spend / (Home Health & PC + Nursing Facilities + ICF-ID). FFS only — excludes managed-care HCBS (no CMS-64 breakout within managed care). Data year: FY2024. Community Resource OLD version.
01,Alabama,AL,2024,rel_score_hcbs_ratio,CL,relative,HCBS vs. Institutional Spending Ratio: Relative,0.41034199391257514,NA,0.41034199391257514,higher_better,none,1,external_ready,Source: KFF Custom State Report (HCBS 2024.csv). FFS data from CMS-64. Formula: Home Health & Personal Care spend / (Home Health & PC + Nursing Facilities + ICF-ID). FFS only — excludes managed-care HCBS (no CMS-64 breakout within managed care). Data year: FY2024. Community Resource OLD version.
02,Alaska,AK,2024,rel_score_hcbs_ratio,CL,relative,HCBS vs. Institutional Spending Ratio: Relative,0.6946704213747121,NA,0.6946704213747121,higher_better,none,1,external_ready,Source: KFF Custom State Report (HCBS 2024.csv). FFS data from CMS-64. Formula: Home Health & Personal Care spend / (Home Health & PC + Nursing Facilities + ICF-ID). FFS only — excludes managed-care HCBS (no CMS-64 breakout within managed care). Data year: FY2024. Community Resource OLD version.
04,Arizona,AZ,2024,rel_score_hcbs_ratio,CL,relative,HCBS vs. Institutional Spending Ratio: Relative,0.08164693894460695,NA,0.08164693894460695,higher_better,none,1,external_ready,Source: KFF Custom State Report (HCBS 2024.csv). FFS data from CMS-64. Formula: Home Health & Personal Care spend / (Home Health & PC + Nursing Facilities + ICF-ID). FFS only — excludes managed-care HCBS (no CMS-64 breakout within managed care). Data year: FY2024. Community Resource OLD version.
05,Arkansas,AR,2024,rel_score_hcbs_ratio,CL,relative,HCBS vs. Institutional Spending Ratio: Relative,0.3920723978873693,NA,0.3920723978873693,higher_better,none,1,external_ready,Source: KFF Custom State Report (HCBS 2024.csv). FFS data from CMS-64. Formula: Home Health & Personal Care spend / (Home Health & PC + Nursing Facilities + ICF-ID). FFS only — excludes managed-care HCBS (no CMS-64 breakout within managed care). Data year: FY2024. Community Resource OLD version.
06,California,CA,2024,rel_score_hcbs_ratio,CL,relative,HCBS vs. Institutional Spending Ratio: Relative,0.9578424211596436,NA,0.9578424211596436,higher_better,none,1,external_ready,Source: KFF Custom State Report (HCBS 2024.csv). FFS data from CMS-64. Formula: Home Health & Personal Care spend / (Home Health & PC + Nursing Facilities + ICF-ID). FFS only — excludes managed-care HCBS (no CMS-64 breakout within managed care). Data year: FY2024. Community Resource OLD version.
08,Colorado,CO,2024,rel_score_hcbs_ratio,CL,relative,HCBS vs. Institutional Spending Ratio: Relative,0.7735943260997651,NA,0.7735943260997651,higher_better,none,1,external_ready,Source: KFF Custom State Report (HCBS 2024.csv). FFS data from CMS-64. Formula: Home Health & Personal Care spend / (Home Health & PC + Nursing Facilities + ICF-ID). FFS only — excludes managed-care HCBS (no CMS-64 breakout within managed care). Data year: FY2024. Community Resource OLD version.
09,Connecticut,CT,2024,rel_score_hcbs_ratio,CL,relative,HCBS vs. Institutional Spending Ratio: Relative,0.623843162081863,NA,0.623843162081863,higher_better,none,1,external_ready,Source: KFF Custom State Report (HCBS 2024.csv). FFS data from CMS-64. Formula: Home Health & Personal Care spend / (Home Health & PC + Nursing Facilities + ICF-ID). FFS only — excludes managed-care HCBS (no CMS-64 breakout within managed care). Data year: FY2024. Community Resource OLD version.
10,Delaware,DE,2024,rel_score_hcbs_ratio,CL,relative,HCBS vs. Institutional Spending Ratio: Relative,0.8966604418652178,NA,0.8966604418652178,higher_better,none,1,external_ready,Source: KFF Custom State Report (HCBS 2024.csv). FFS data from CMS-64. Formula: Home Health & Personal Care spend / (Home Health & PC + Nursing Facilities + ICF-ID). FFS only — excludes managed-care HCBS (no CMS-64 breakout within managed care). Data year: FY2024. Community Resource OLD version.
11,District of Columbia,DC,2024,rel_score_hcbs_ratio,CL,relative,HCBS vs. Institutional Spending Ratio: Relative,0.6514409696597045,NA,0.6514409696597045,higher_better,none,1,external_ready,Source: KFF Custom State Report (HCBS 2024.csv). FFS data from CMS-64. Formula: Home Health & Personal Care spend / (Home Health & PC + Nursing Facilities + ICF-ID). FFS only — excludes managed-care HCBS (no CMS-64 breakout within managed care). Data year: FY2024. Community Resource OLD version.
12,Florida,FL,2024,rel_score_hcbs_ratio,CL,relative,HCBS vs. Institutional Spending Ratio: Relative,0.7079918759462432,NA,0.7079918759462432,higher_better,none,1,external_ready,Source: KFF Custom State Report (HCBS 2024.csv). FFS data from CMS-64. Formula: Home Health & Personal Care spend / (Home Health & PC + Nursing Facilities + ICF-ID). FFS only — excludes managed-care HCBS (no CMS-64 breakout within managed care). Data year: FY2024. Community Resource OLD version.
13,Georgia,GA,2024,rel_score_hcbs_ratio,CL,relative,HCBS vs. Institutional Spending Ratio: Relative,0.551106829458852,NA,0.551106829458852,higher_better,none,1,external_ready,Source: KFF Custom State Report (HCBS 2024.csv). FFS data from CMS-64. Formula: Home Health & Personal Care spend / (Home Health & PC + Nursing Facilities + ICF-ID). FFS only — excludes managed-care HCBS (no CMS-64 breakout within managed care). Data year: FY2024. Community Resource OLD version.
15,Hawaii,HI,2024,rel_score_hcbs_ratio,CL,relative,HCBS vs. Institutional Spending Ratio: Relative,0.9402714082928836,NA,0.9402714082928836,higher_better,none,1,external_ready,Source: KFF Custom State Report (HCBS 2024.csv). FFS data from CMS-64. Formula: Home Health & Personal Care spend / (Home Health & PC + Nursing Facilities + ICF-ID). FFS only — excludes managed-care HCBS (no CMS-64 breakout within managed care). Data year: FY2024. Community Resource OLD version.
16,Idaho,ID,2024,rel_score_hcbs_ratio,CL,relative,HCBS vs. Institutional Spending Ratio: Relative,0.7552244878151215,NA,0.7552244878151215,higher_better,none,1,external_ready,Source: KFF Custom State Report (HCBS 2024.csv). FFS data from CMS-64. Formula: Home Health & Personal Care spend / (Home Health & PC + Nursing Facilities + ICF-ID). FFS only — excludes managed-care HCBS (no CMS-64 breakout within managed care). Data year: FY2024. Community Resource OLD version.
17,Illinois,IL,2024,rel_score_hcbs_ratio,CL,relative,HCBS vs. Institutional Spending Ratio: Relative,0.6413621628033078,NA,0.6413621628033078,higher_better,none,1,external_ready,Source: KFF Custom State Report (HCBS 2024.csv). FFS data from CMS-64. Formula: Home Health & Personal Care spend / (Home Health & PC + Nursing Facilities + ICF-ID). FFS only — excludes managed-care HCBS (no CMS-64 breakout within managed care). Data year: FY2024. Community Resource OLD version.
18,Indiana,IN,2024,rel_score_hcbs_ratio,CL,relative,HCBS vs. Institutional Spending Ratio: Relative,0.5670455232843752,NA,0.5670455232843752,higher_better,none,1,external_ready,Source: KFF Custom State Report (HCBS 2024.csv). FFS data from CMS-64. Formula: Home Health & Personal Care spend / (Home Health & PC + Nursing Facilities + ICF-ID). FFS only — excludes managed-care HCBS (no CMS-64 breakout within managed care). Data year: FY2024. Community Resource OLD version.
19,Iowa,IA,2024,rel_score_hcbs_ratio,CL,relative,HCBS vs. Institutional Spending Ratio: Relative,0.5836991679899762,NA,0.5836991679899762,higher_better,none,1,external_ready,Source: KFF Custom State Report (HCBS 2024.csv). FFS data from CMS-64. Formula: Home Health & Personal Care spend / (Home Health & PC + Nursing Facilities + ICF-ID). FFS only — excludes managed-care HCBS (no CMS-64 breakout within managed care). Data year: FY2024. Community Resource OLD version.
20,Kansas,KS,2024,rel_score_hcbs_ratio,CL,relative,HCBS vs. Institutional Spending Ratio: Relative,1.0362340105442951e-4,NA,1.0362340105442951e-4,higher_better,none,1,external_ready,Source: KFF Custom State Report (HCBS 2024.csv). FFS data from CMS-64. Formula: Home Health & Personal Care spend / (Home Health & PC + Nursing Facilities + ICF-ID). FFS only — excludes managed-care HCBS (no CMS-64 breakout within managed care). Data year: FY2024. Community Resource OLD version.
21,Kentucky,KY,2024,rel_score_hcbs_ratio,CL,relative,HCBS vs. Institutional Spending Ratio: Relative,0.4995133039936848,NA,0.4995133039936848,higher_better,none,1,external_ready,Source: KFF Custom State Report (HCBS 2024.csv). FFS data from CMS-64. Formula: Home Health & Personal Care spend / (Home Health & PC + Nursing Facilities + ICF-ID). FFS only — excludes managed-care HCBS (no CMS-64 breakout within managed care). Data year: FY2024. Community Resource OLD version.
22,Louisiana,LA,2024,rel_score_hcbs_ratio,CL,relative,HCBS vs. Institutional Spending Ratio: Relative,0.36919625396182776,NA,0.36919625396182776,higher_better,none,1,external_ready,Source: KFF Custom State Report (HCBS 2024.csv). FFS data from CMS-64. Formula: Home Health & Personal Care spend / (Home Health & PC + Nursing Facilities + ICF-ID). FFS only — excludes managed-care HCBS (no CMS-64 breakout within managed care). Data year: FY2024. Community Resource OLD version.
23,Maine,ME,2024,rel_score_hcbs_ratio,CL,relative,HCBS vs. Institutional Spending Ratio: Relative,0.6743706023243328,NA,0.6743706023243328,higher_better,none,1,external_ready,Source: KFF Custom State Report (HCBS 2024.csv). FFS data from CMS-64. Formula: Home Health & Personal Care spend / (Home Health & PC + Nursing Facilities + ICF-ID). FFS only — excludes managed-care HCBS (no CMS-64 breakout within managed care). Data year: FY2024. Community Resource OLD version.
24,Maryland,MD,2024,rel_score_hcbs_ratio,CL,relative,HCBS vs. Institutional Spending Ratio: Relative,0.6985402554773579,NA,0.6985402554773579,higher_better,none,1,external_ready,Source: KFF Custom State Report (HCBS 2024.csv). FFS data from CMS-64. Formula: Home Health & Personal Care spend / (Home Health & PC + Nursing Facilities + ICF-ID). FFS only — excludes managed-care HCBS (no CMS-64 breakout within managed care). Data year: FY2024. Community Resource OLD version.
25,Massachusetts,MA,2024,rel_score_hcbs_ratio,CL,relative,HCBS vs. Institutional Spending Ratio: Relative,0.7002467095407996,NA,0.7002467095407996,higher_better,none,1,external_ready,Source: KFF Custom State Report (HCBS 2024.csv). FFS data from CMS-64. Formula: Home Health & Personal Care spend / (Home Health & PC + Nursing Facilities + ICF-ID). FFS only — excludes managed-care HCBS (no CMS-64 breakout within managed care). Data year: FY2024. Community Resource OLD version.
26,Michigan,MI,2024,rel_score_hcbs_ratio,CL,relative,HCBS vs. Institutional Spending Ratio: Relative,0.38272746537947616,NA,0.38272746537947616,higher_better,none,1,external_ready,Source: KFF Custom State Report (HCBS 2024.csv). FFS data from CMS-64. Formula: Home Health & Personal Care spend / (Home Health & PC + Nursing Facilities + ICF-ID). FFS only — excludes managed-care HCBS (no CMS-64 breakout within managed care). Data year: FY2024. Community Resource OLD version.
27,Minnesota,MN,2024,rel_score_hcbs_ratio,CL,relative,HCBS vs. Institutional Spending Ratio: Relative,0.8299021250472078,NA,0.8299021250472078,higher_better,none,1,external_ready,Source: KFF Custom State Report (HCBS 2024.csv). FFS data from CMS-64. Formula: Home Health & Personal Care spend / (Home Health & PC + Nursing Facilities + ICF-ID). FFS only — excludes managed-care HCBS (no CMS-64 breakout within managed care). Data year: FY2024. Community Resource OLD version.
28,Mississippi,MS,2024,rel_score_hcbs_ratio,CL,relative,HCBS vs. Institutional Spending Ratio: Relative,0.3754696780271259,NA,0.3754696780271259,higher_better,none,1,external_ready,Source: KFF Custom State Report (HCBS 2024.csv). FFS data from CMS-64. Formula: Home Health & Personal Care spend / (Home Health & PC + Nursing Facilities + ICF-ID). FFS only — excludes managed-care HCBS (no CMS-64 breakout within managed care). Data year: FY2024. Community Resource OLD version.
29,Missouri,MO,2024,rel_score_hcbs_ratio,CL,relative,HCBS vs. Institutional Spending Ratio: Relative,0.6912314704314507,NA,0.6912314704314507,higher_better,none,1,external_ready,Source: KFF Custom State Report (HCBS 2024.csv). FFS data from CMS-64. Formula: Home Health & Personal Care spend / (Home Health & PC + Nursing Facilities + ICF-ID). FFS only — excludes managed-care HCBS (no CMS-64 breakout within managed care). Data year: FY2024. Community Resource OLD version.
30,Montana,MT,2024,rel_score_hcbs_ratio,CL,relative,HCBS vs. Institutional Spending Ratio: Relative,0.6392084096057079,NA,0.6392084096057079,higher_better,none,1,external_ready,Source: KFF Custom State Report (HCBS 2024.csv). FFS data from CMS-64. Formula: Home Health & Personal Care spend / (Home Health & PC + Nursing Facilities + ICF-ID). FFS only — excludes managed-care HCBS (no CMS-64 breakout within managed care). Data year: FY2024. Community Resource OLD version.
31,Nebraska,NE,2024,rel_score_hcbs_ratio,CL,relative,HCBS vs. Institutional Spending Ratio: Relative,0.591930171281264,NA,0.591930171281264,higher_better,none,1,external_ready,Source: KFF Custom State Report (HCBS 2024.csv). FFS data from CMS-64. Formula: Home Health & Personal Care spend / (Home Health & PC + Nursing Facilities + ICF-ID). FFS only — excludes managed-care HCBS (no CMS-64 breakout within managed care). Data year: FY2024. Community Resource OLD version.
32,Nevada,NV,2024,rel_score_hcbs_ratio,CL,relative,HCBS vs. Institutional Spending Ratio: Relative,0.5394164333344231,NA,0.5394164333344231,higher_better,none,1,external_ready,Source: KFF Custom State Report (HCBS 2024.csv). FFS data from CMS-64. Formula: Home Health & Personal Care spend / (Home Health & PC + Nursing Facilities + ICF-ID). FFS only — excludes managed-care HCBS (no CMS-64 breakout within managed care). Data year: FY2024. Community Resource OLD version.
33,New Hampshire,NH,2024,rel_score_hcbs_ratio,CL,relative,HCBS vs. Institutional Spending Ratio: Relative,0.5532914245257629,NA,0.5532914245257629,higher_better,none,1,external_ready,Source: KFF Custom State Report (HCBS 2024.csv). FFS data from CMS-64. Formula: Home Health & Personal Care spend / (Home Health & PC + Nursing Facilities + ICF-ID). FFS only — excludes managed-care HCBS (no CMS-64 breakout within managed care). Data year: FY2024. Community Resource OLD version.
34,New Jersey,NJ,2024,rel_score_hcbs_ratio,CL,relative,HCBS vs. Institutional Spending Ratio: Relative,0.801433741708907,NA,0.801433741708907,higher_better,none,1,external_ready,Source: KFF Custom State Report (HCBS 2024.csv). FFS data from CMS-64. Formula: Home Health & Personal Care spend / (Home Health & PC + Nursing Facilities + ICF-ID). FFS only — excludes managed-care HCBS (no CMS-64 breakout within managed care). Data year: FY2024. Community Resource OLD version.
35,New Mexico,NM,2024,rel_score_hcbs_ratio,CL,relative,HCBS vs. Institutional Spending Ratio: Relative,0.9550314201334488,NA,0.9550314201334488,higher_better,none,1,external_ready,Source: KFF Custom State Report (HCBS 2024.csv). FFS data from CMS-64. Formula: Home Health & Personal Care spend / (Home Health & PC + Nursing Facilities + ICF-ID). FFS only — excludes managed-care HCBS (no CMS-64 breakout within managed care). Data year: FY2024. Community Resource OLD version.
36,New York,NY,2024,rel_score_hcbs_ratio,CL,relative,HCBS vs. Institutional Spending Ratio: Relative,0.6033529487917273,NA,0.6033529487917273,higher_better,none,1,external_ready,Source: KFF Custom State Report (HCBS 2024.csv). FFS data from CMS-64. Formula: Home Health & Personal Care spend / (Home Health & PC + Nursing Facilities + ICF-ID). FFS only — excludes managed-care HCBS (no CMS-64 breakout within managed care). Data year: FY2024. Community Resource OLD version.
37,North Carolina,NC,2024,rel_score_hcbs_ratio,CL,relative,HCBS vs. Institutional Spending Ratio: Relative,0.3404937018559134,NA,0.3404937018559134,higher_better,none,1,external_ready,Source: KFF Custom State Report (HCBS 2024.csv). FFS data from CMS-64. Formula: Home Health & Personal Care spend / (Home Health & PC + Nursing Facilities + ICF-ID). FFS only — excludes managed-care HCBS (no CMS-64 breakout within managed care). Data year: FY2024. Community Resource OLD version.
38,North Dakota,ND,2024,rel_score_hcbs_ratio,CL,relative,HCBS vs. Institutional Spending Ratio: Relative,0.42368799129875273,NA,0.42368799129875273,higher_better,none,1,external_ready,Source: KFF Custom State Report (HCBS 2024.csv). FFS data from CMS-64. Formula: Home Health & Personal Care spend / (Home Health & PC + Nursing Facilities + ICF-ID). FFS only — excludes managed-care HCBS (no CMS-64 breakout within managed care). Data year: FY2024. Community Resource OLD version.
39,Ohio,OH,2024,rel_score_hcbs_ratio,CL,relative,HCBS vs. Institutional Spending Ratio: Relative,0.635542797915871,NA,0.635542797915871,higher_better,none,1,external_ready,Source: KFF Custom State Report (HCBS 2024.csv). FFS data from CMS-64. Formula: Home Health & Personal Care spend / (Home Health & PC + Nursing Facilities + ICF-ID). FFS only — excludes managed-care HCBS (no CMS-64 breakout within managed care). Data year: FY2024. Community Resource OLD version.
40,Oklahoma,OK,2024,rel_score_hcbs_ratio,CL,relative,HCBS vs. Institutional Spending Ratio: Relative,0.4550043651389374,NA,0.4550043651389374,higher_better,none,1,external_ready,Source: KFF Custom State Report (HCBS 2024.csv). FFS data from CMS-64. Formula: Home Health & Personal Care spend / (Home Health & PC + Nursing Facilities + ICF-ID). FFS only — excludes managed-care HCBS (no CMS-64 breakout within managed care). Data year: FY2024. Community Resource OLD version.
41,Oregon,OR,2024,rel_score_hcbs_ratio,CL,relative,HCBS vs. Institutional Spending Ratio: Relative,0.8353697158525563,NA,0.8353697158525563,higher_better,none,1,external_ready,Source: KFF Custom State Report (HCBS 2024.csv). FFS data from CMS-64. Formula: Home Health & Personal Care spend / (Home Health & PC + Nursing Facilities + ICF-ID). FFS only — excludes managed-care HCBS (no CMS-64 breakout within managed care). Data year: FY2024. Community Resource OLD version.
42,Pennsylvania,PA,2024,rel_score_hcbs_ratio,CL,relative,HCBS vs. Institutional Spending Ratio: Relative,0.8140795093467612,NA,0.8140795093467612,higher_better,none,1,external_ready,Source: KFF Custom State Report (HCBS 2024.csv). FFS data from CMS-64. Formula: Home Health & Personal Care spend / (Home Health & PC + Nursing Facilities + ICF-ID). FFS only — excludes managed-care HCBS (no CMS-64 breakout within managed care). Data year: FY2024. Community Resource OLD version.
44,Rhode Island,RI,2024,rel_score_hcbs_ratio,CL,relative,HCBS vs. Institutional Spending Ratio: Relative,0.6322282256224954,NA,0.6322282256224954,higher_better,none,1,external_ready,Source: KFF Custom State Report (HCBS 2024.csv). FFS data from CMS-64. Formula: Home Health & Personal Care spend / (Home Health & PC + Nursing Facilities + ICF-ID). FFS only — excludes managed-care HCBS (no CMS-64 breakout within managed care). Data year: FY2024. Community Resource OLD version.
45,South Carolina,SC,2024,rel_score_hcbs_ratio,CL,relative,HCBS vs. Institutional Spending Ratio: Relative,0.529558753125144,NA,0.529558753125144,higher_better,none,1,external_ready,Source: KFF Custom State Report (HCBS 2024.csv). FFS data from CMS-64. Formula: Home Health & Personal Care spend / (Home Health & PC + Nursing Facilities + ICF-ID). FFS only — excludes managed-care HCBS (no CMS-64 breakout within managed care). Data year: FY2024. Community Resource OLD version.
46,South Dakota,SD,2024,rel_score_hcbs_ratio,CL,relative,HCBS vs. Institutional Spending Ratio: Relative,0.5296263138849503,NA,0.5296263138849503,higher_better,none,1,external_ready,Source: KFF Custom State Report (HCBS 2024.csv). FFS data from CMS-64. Formula: Home Health & Personal Care spend / (Home Health & PC + Nursing Facilities + ICF-ID). FFS only — excludes managed-care HCBS (no CMS-64 breakout within managed care). Data year: FY2024. Community Resource OLD version.
47,Tennessee,TN,2024,rel_score_hcbs_ratio,CL,relative,HCBS vs. Institutional Spending Ratio: Relative,0.7809824965780332,NA,0.7809824965780332,higher_better,none,1,external_ready,Source: KFF Custom State Report (HCBS 2024.csv). FFS data from CMS-64. Formula: Home Health & Personal Care spend / (Home Health & PC + Nursing Facilities + ICF-ID). FFS only — excludes managed-care HCBS (no CMS-64 breakout within managed care). Data year: FY2024. Community Resource OLD version.
48,Texas,TX,2024,rel_score_hcbs_ratio,CL,relative,HCBS vs. Institutional Spending Ratio: Relative,0.6286096267825294,NA,0.6286096267825294,higher_better,none,1,external_ready,Source: KFF Custom State Report (HCBS 2024.csv). FFS data from CMS-64. Formula: Home Health & Personal Care spend / (Home Health & PC + Nursing Facilities + ICF-ID). FFS only — excludes managed-care HCBS (no CMS-64 breakout within managed care). Data year: FY2024. Community Resource OLD version.
49,Utah,UT,2024,rel_score_hcbs_ratio,CL,relative,HCBS vs. Institutional Spending Ratio: Relative,0.5494589430863956,NA,0.5494589430863956,higher_better,none,1,external_ready,Source: KFF Custom State Report (HCBS 2024.csv). FFS data from CMS-64. Formula: Home Health & Personal Care spend / (Home Health & PC + Nursing Facilities + ICF-ID). FFS only — excludes managed-care HCBS (no CMS-64 breakout within managed care). Data year: FY2024. Community Resource OLD version.
50,Vermont,VT,2024,rel_score_hcbs_ratio,CL,relative,HCBS vs. Institutional Spending Ratio: Relative,0.6723709097815218,NA,0.6723709097815218,higher_better,none,1,external_ready,Source: KFF Custom State Report (HCBS 2024.csv). FFS data from CMS-64. Formula: Home Health & Personal Care spend / (Home Health & PC + Nursing Facilities + ICF-ID). FFS only — excludes managed-care HCBS (no CMS-64 breakout within managed care). Data year: FY2024. Community Resource OLD version.
51,Virginia,VA,2024,rel_score_hcbs_ratio,CL,relative,HCBS vs. Institutional Spending Ratio: Relative,0.8929105731903956,NA,0.8929105731903956,higher_better,none,1,external_ready,Source: KFF Custom State Report (HCBS 2024.csv). FFS data from CMS-64. Formula: Home Health & Personal Care spend / (Home Health & PC + Nursing Facilities + ICF-ID). FFS only — excludes managed-care HCBS (no CMS-64 breakout within managed care). Data year: FY2024. Community Resource OLD version.
53,Washington,WA,2024,rel_score_hcbs_ratio,CL,relative,HCBS vs. Institutional Spending Ratio: Relative,0.7997074894447289,NA,0.7997074894447289,higher_better,none,1,external_ready,Source: KFF Custom State Report (HCBS 2024.csv). FFS data from CMS-64. Formula: Home Health & Personal Care spend / (Home Health & PC + Nursing Facilities + ICF-ID). FFS only — excludes managed-care HCBS (no CMS-64 breakout within managed care). Data year: FY2024. Community Resource OLD version.
54,West Virginia,WV,2024,rel_score_hcbs_ratio,CL,relative,HCBS vs. Institutional Spending Ratio: Relative,0.42520317206076497,NA,0.42520317206076497,higher_better,none,1,external_ready,Source: KFF Custom State Report (HCBS 2024.csv). FFS data from CMS-64. Formula: Home Health & Personal Care spend / (Home Health & PC + Nursing Facilities + ICF-ID). FFS only — excludes managed-care HCBS (no CMS-64 breakout within managed care). Data year: FY2024. Community Resource OLD version.
55,Wisconsin,WI,2024,rel_score_hcbs_ratio,CL,relative,HCBS vs. Institutional Spending Ratio: Relative,0.631511347128161,NA,0.631511347128161,higher_better,none,1,external_ready,Source: KFF Custom State Report (HCBS 2024.csv). FFS data from CMS-64. Formula: Home Health & Personal Care spend / (Home Health & PC + Nursing Facilities + ICF-ID). FFS only — excludes managed-care HCBS (no CMS-64 breakout within managed care). Data year: FY2024. Community Resource OLD version.
56,Wyoming,WY,2024,rel_score_hcbs_ratio,CL,relative,HCBS vs. Institutional Spending Ratio: Relative,0.5712065828765915,NA,0.5712065828765915,higher_better,none,1,external_ready,Source: KFF Custom State Report (HCBS 2024.csv). FFS data from CMS-64. Formula: Home Health & Personal Care spend / (Home Health & PC + Nursing Facilities + ICF-ID). FFS only — excludes managed-care HCBS (no CMS-64 breakout within managed care). Data year: FY2024. Community Resource OLD version.
72,Puerto Rico,PR,2024,rel_score_hcbs_ratio,CL,relative,HCBS vs. Institutional Spending Ratio: Relative,NA,NA,NA,higher_better,none,1,external_ready,Source: KFF Custom State Report (HCBS 2024.csv). FFS data from CMS-64. Formula: Home Health & Personal Care spend / (Home Health & PC + Nursing Facilities + ICF-ID). FFS only — excludes managed-care HCBS (no CMS-64 breakout within managed care). Data year: FY2024. Community Resource OLD version.
000,United States,USA,2024,rel_score_hcbs_per_individual,CL,relative,HCBS Spending Per Individual: Relative,NA,NA,NA,higher_better,none,1,external_ready,Source: KFF Custom State Report (HCBS 2024.csv). Formula: Home Health & Personal Care FFS spend (FY2024) / People with Disabilities Medicaid enrollees (2023). Denominator is all disabled Medicaid enrollees (not just HCBS waiver participants — no unduplicated HCBS count available in file). FFS spending only.
01,Alabama,AL,2024,rel_score_hcbs_per_individual,CL,relative,HCBS Spending Per Individual: Relative,3983.4048023897058,NA,3983.4048023897058,higher_better,none,1,external_ready,Source: KFF Custom State Report (HCBS 2024.csv). Formula: Home Health & Personal Care FFS spend (FY2024) / People with Disabilities Medicaid enrollees (2023). Denominator is all disabled Medicaid enrollees (not just HCBS waiver participants — no unduplicated HCBS count available in file). FFS spending only.
02,Alaska,AK,2024,rel_score_hcbs_per_individual,CL,relative,HCBS Spending Per Individual: Relative,28950.52807692308,NA,28950.52807692308,higher_better,none,1,external_ready,Source: KFF Custom State Report (HCBS 2024.csv). Formula: Home Health & Personal Care FFS spend (FY2024) / People with Disabilities Medicaid enrollees (2023). Denominator is all disabled Medicaid enrollees (not just HCBS waiver participants — no unduplicated HCBS count available in file). FFS spending only.
04,Arizona,AZ,2024,rel_score_hcbs_per_individual,CL,relative,HCBS Spending Per Individual: Relative,35.20095108695652,NA,35.20095108695652,higher_better,none,1,external_ready,Source: KFF Custom State Report (HCBS 2024.csv). Formula: Home Health & Personal Care FFS spend (FY2024) / People with Disabilities Medicaid enrollees (2023). Denominator is all disabled Medicaid enrollees (not just HCBS waiver participants — no unduplicated HCBS count available in file). FFS spending only.
05,Arkansas,AR,2024,rel_score_hcbs_per_individual,CL,relative,HCBS Spending Per Individual: Relative,4541.833732833958,NA,4541.833732833958,higher_better,none,1,external_ready,Source: KFF Custom State Report (HCBS 2024.csv). Formula: Home Health & Personal Care FFS spend (FY2024) / People with Disabilities Medicaid enrollees (2023). Denominator is all disabled Medicaid enrollees (not just HCBS waiver participants — no unduplicated HCBS count available in file). FFS spending only.
06,California,CA,2024,rel_score_hcbs_per_individual,CL,relative,HCBS Spending Per Individual: Relative,31484.48771517997,NA,31484.48771517997,higher_better,none,1,external_ready,Source: KFF Custom State Report (HCBS 2024.csv). Formula: Home Health & Personal Care FFS spend (FY2024) / People with Disabilities Medicaid enrollees (2023). Denominator is all disabled Medicaid enrollees (not just HCBS waiver participants — no unduplicated HCBS count available in file). FFS spending only.
08,Colorado,CO,2024,rel_score_hcbs_per_individual,CL,relative,HCBS Spending Per Individual: Relative,31194.005293569433,NA,31194.005293569433,higher_better,none,1,external_ready,Source: KFF Custom State Report (HCBS 2024.csv). Formula: Home Health & Personal Care FFS spend (FY2024) / People with Disabilities Medicaid enrollees (2023). Denominator is all disabled Medicaid enrollees (not just HCBS waiver participants — no unduplicated HCBS count available in file). FFS spending only.
09,Connecticut,CT,2024,rel_score_hcbs_per_individual,CL,relative,HCBS Spending Per Individual: Relative,27340.770843644543,NA,27340.770843644543,higher_better,none,1,external_ready,Source: KFF Custom State Report (HCBS 2024.csv). Formula: Home Health & Personal Care FFS spend (FY2024) / People with Disabilities Medicaid enrollees (2023). Denominator is all disabled Medicaid enrollees (not just HCBS waiver participants — no unduplicated HCBS count available in file). FFS spending only.
10,Delaware,DE,2024,rel_score_hcbs_per_individual,CL,relative,HCBS Spending Per Individual: Relative,12752.203027888449,NA,12752.203027888449,higher_better,none,1,external_ready,Source: KFF Custom State Report (HCBS 2024.csv). Formula: Home Health & Personal Care FFS spend (FY2024) / People with Disabilities Medicaid enrollees (2023). Denominator is all disabled Medicaid enrollees (not just HCBS waiver participants — no unduplicated HCBS count available in file). FFS spending only.
11,District of Columbia,DC,2024,rel_score_hcbs_per_individual,CL,relative,HCBS Spending Per Individual: Relative,24336.651721854305,NA,24336.651721854305,higher_better,none,1,external_ready,Source: KFF Custom State Report (HCBS 2024.csv). Formula: Home Health & Personal Care FFS spend (FY2024) / People with Disabilities Medicaid enrollees (2023). Denominator is all disabled Medicaid enrollees (not just HCBS waiver participants — no unduplicated HCBS count available in file). FFS spending only.
12,Florida,FL,2024,rel_score_hcbs_per_individual,CL,relative,HCBS Spending Per Individual: Relative,679.232143216333,NA,679.232143216333,higher_better,none,1,external_ready,Source: KFF Custom State Report (HCBS 2024.csv). Formula: Home Health & Personal Care FFS spend (FY2024) / People with Disabilities Medicaid enrollees (2023). Denominator is all disabled Medicaid enrollees (not just HCBS waiver participants — no unduplicated HCBS count available in file). FFS spending only.
13,Georgia,GA,2024,rel_score_hcbs_per_individual,CL,relative,HCBS Spending Per Individual: Relative,6392.23861768018,NA,6392.23861768018,higher_better,none,1,external_ready,Source: KFF Custom State Report (HCBS 2024.csv). Formula: Home Health & Personal Care FFS spend (FY2024) / People with Disabilities Medicaid enrollees (2023). Denominator is all disabled Medicaid enrollees (not just HCBS waiver participants — no unduplicated HCBS count available in file). FFS spending only.
15,Hawaii,HI,2024,rel_score_hcbs_per_individual,CL,relative,HCBS Spending Per Individual: Relative,8000.194339622642,NA,8000.194339622642,higher_better,none,1,external_ready,Source: KFF Custom State Report (HCBS 2024.csv). Formula: Home Health & Personal Care FFS spend (FY2024) / People with Disabilities Medicaid enrollees (2023). Denominator is all disabled Medicaid enrollees (not just HCBS waiver participants — no unduplicated HCBS count available in file). FFS spending only.
16,Idaho,ID,2024,rel_score_hcbs_per_individual,CL,relative,HCBS Spending Per Individual: Relative,12954.473968253968,NA,12954.473968253968,higher_better,none,1,external_ready,Source: KFF Custom State Report (HCBS 2024.csv). Formula: Home Health & Personal Care FFS spend (FY2024) / People with Disabilities Medicaid enrollees (2023). Denominator is all disabled Medicaid enrollees (not just HCBS waiver participants — no unduplicated HCBS count available in file). FFS spending only.
17,Illinois,IL,2024,rel_score_hcbs_per_individual,CL,relative,HCBS Spending Per Individual: Relative,8833.801395027624,NA,8833.801395027624,higher_better,none,1,external_ready,Source: KFF Custom State Report (HCBS 2024.csv). Formula: Home Health & Personal Care FFS spend (FY2024) / People with Disabilities Medicaid enrollees (2023). Denominator is all disabled Medicaid enrollees (not just HCBS waiver participants — no unduplicated HCBS count available in file). FFS spending only.
18,Indiana,IN,2024,rel_score_hcbs_per_individual,CL,relative,HCBS Spending Per Individual: Relative,21739.408125707818,NA,21739.408125707818,higher_better,none,1,external_ready,Source: KFF Custom State Report (HCBS 2024.csv). Formula: Home Health & Personal Care FFS spend (FY2024) / People with Disabilities Medicaid enrollees (2023). Denominator is all disabled Medicaid enrollees (not just HCBS waiver participants — no unduplicated HCBS count available in file). FFS spending only.
19,Iowa,IA,2024,rel_score_hcbs_per_individual,CL,relative,HCBS Spending Per Individual: Relative,690.6044457274827,NA,690.6044457274827,higher_better,none,1,external_ready,Source: KFF Custom State Report (HCBS 2024.csv). Formula: Home Health & Personal Care FFS spend (FY2024) / People with Disabilities Medicaid enrollees (2023). Denominator is all disabled Medicaid enrollees (not just HCBS waiver participants — no unduplicated HCBS count available in file). FFS spending only.
20,Kansas,KS,2024,rel_score_hcbs_per_individual,CL,relative,HCBS Spending Per Individual: Relative,0.10635352286773794,NA,0.10635352286773794,higher_better,none,1,external_ready,Source: KFF Custom State Report (HCBS 2024.csv). Formula: Home Health & Personal Care FFS spend (FY2024) / People with Disabilities Medicaid enrollees (2023). Denominator is all disabled Medicaid enrollees (not just HCBS waiver participants — no unduplicated HCBS count available in file). FFS spending only.
21,Kentucky,KY,2024,rel_score_hcbs_per_individual,CL,relative,HCBS Spending Per Individual: Relative,8432.539573529411,NA,8432.539573529411,higher_better,none,1,external_ready,Source: KFF Custom State Report (HCBS 2024.csv). Formula: Home Health & Personal Care FFS spend (FY2024) / People with Disabilities Medicaid enrollees (2023). Denominator is all disabled Medicaid enrollees (not just HCBS waiver participants — no unduplicated HCBS count available in file). FFS spending only.
22,Louisiana,LA,2024,rel_score_hcbs_per_individual,CL,relative,HCBS Spending Per Individual: Relative,4758.538167539267,NA,4758.538167539267,higher_better,none,1,external_ready,Source: KFF Custom State Report (HCBS 2024.csv). Formula: Home Health & Personal Care FFS spend (FY2024) / People with Disabilities Medicaid enrollees (2023). Denominator is all disabled Medicaid enrollees (not just HCBS waiver participants — no unduplicated HCBS count available in file). FFS spending only.
23,Maine,ME,2024,rel_score_hcbs_per_individual,CL,relative,HCBS Spending Per Individual: Relative,17934.19615640599,NA,17934.19615640599,higher_better,none,1,external_ready,Source: KFF Custom State Report (HCBS 2024.csv). Formula: Home Health & Personal Care FFS spend (FY2024) / People with Disabilities Medicaid enrollees (2023). Denominator is all disabled Medicaid enrollees (not just HCBS waiver participants — no unduplicated HCBS count available in file). FFS spending only.
24,Maryland,MD,2024,rel_score_hcbs_per_individual,CL,relative,HCBS Spending Per Individual: Relative,26503.81804647785,NA,26503.81804647785,higher_better,none,1,external_ready,Source: KFF Custom State Report (HCBS 2024.csv). Formula: Home Health & Personal Care FFS spend (FY2024) / People with Disabilities Medicaid enrollees (2023). Denominator is all disabled Medicaid enrollees (not just HCBS waiver participants — no unduplicated HCBS count available in file). FFS spending only.
25,Massachusetts,MA,2024,rel_score_hcbs_per_individual,CL,relative,HCBS Spending Per Individual: Relative,12207.867126768697,NA,12207.867126768697,higher_better,none,1,external_ready,Source: KFF Custom State Report (HCBS 2024.csv). Formula: Home Health & Personal Care FFS spend (FY2024) / People with Disabilities Medicaid enrollees (2023). Denominator is all disabled Medicaid enrollees (not just HCBS waiver participants — no unduplicated HCBS count available in file). FFS spending only.
26,Michigan,MI,2024,rel_score_hcbs_per_individual,CL,relative,HCBS Spending Per Individual: Relative,4936.547293189126,NA,4936.547293189126,higher_better,none,1,external_ready,Source: KFF Custom State Report (HCBS 2024.csv). Formula: Home Health & Personal Care FFS spend (FY2024) / People with Disabilities Medicaid enrollees (2023). Denominator is all disabled Medicaid enrollees (not just HCBS waiver participants — no unduplicated HCBS count available in file). FFS spending only.
27,Minnesota,MN,2024,rel_score_hcbs_per_individual,CL,relative,HCBS Spending Per Individual: Relative,51150.53112269447,NA,51150.53112269447,higher_better,none,1,external_ready,Source: KFF Custom State Report (HCBS 2024.csv). Formula: Home Health & Personal Care FFS spend (FY2024) / People with Disabilities Medicaid enrollees (2023). Denominator is all disabled Medicaid enrollees (not just HCBS waiver participants — no unduplicated HCBS count available in file). FFS spending only.
28,Mississippi,MS,2024,rel_score_hcbs_per_individual,CL,relative,HCBS Spending Per Individual: Relative,5027.338831168831,NA,5027.338831168831,higher_better,none,1,external_ready,Source: KFF Custom State Report (HCBS 2024.csv). Formula: Home Health & Personal Care FFS spend (FY2024) / People with Disabilities Medicaid enrollees (2023). Denominator is all disabled Medicaid enrollees (not just HCBS waiver participants — no unduplicated HCBS count available in file). FFS spending only.
29,Missouri,MO,2024,rel_score_hcbs_per_individual,CL,relative,HCBS Spending Per Individual: Relative,18907.193033278774,NA,18907.193033278774,higher_better,none,1,external_ready,Source: KFF Custom State Report (HCBS 2024.csv). Formula: Home Health & Personal Care FFS spend (FY2024) / People with Disabilities Medicaid enrollees (2023). Denominator is all disabled Medicaid enrollees (not just HCBS waiver participants — no unduplicated HCBS count available in file). FFS spending only.
30,Montana,MT,2024,rel_score_hcbs_per_individual,CL,relative,HCBS Spending Per Individual: Relative,15945.311116071429,NA,15945.311116071429,higher_better,none,1,external_ready,Source: KFF Custom State Report (HCBS 2024.csv). Formula: Home Health & Personal Care FFS spend (FY2024) / People with Disabilities Medicaid enrollees (2023). Denominator is all disabled Medicaid enrollees (not just HCBS waiver participants — no unduplicated HCBS count available in file). FFS spending only.
31,Nebraska,NE,2024,rel_score_hcbs_per_individual,CL,relative,HCBS Spending Per Individual: Relative,20570.988883495145,NA,20570.988883495145,higher_better,none,1,external_ready,Source: KFF Custom State Report (HCBS 2024.csv). Formula: Home Health & Personal Care FFS spend (FY2024) / People with Disabilities Medicaid enrollees (2023). Denominator is all disabled Medicaid enrollees (not just HCBS waiver participants — no unduplicated HCBS count available in file). FFS spending only.
32,Nevada,NV,2024,rel_score_hcbs_per_individual,CL,relative,HCBS Spending Per Individual: Relative,7620.254363636363,NA,7620.254363636363,higher_better,none,1,external_ready,Source: KFF Custom State Report (HCBS 2024.csv). Formula: Home Health & Personal Care FFS spend (FY2024) / People with Disabilities Medicaid enrollees (2023). Denominator is all disabled Medicaid enrollees (not just HCBS waiver participants — no unduplicated HCBS count available in file). FFS spending only.
33,New Hampshire,NH,2024,rel_score_hcbs_per_individual,CL,relative,HCBS Spending Per Individual: Relative,19611.33893238434,NA,19611.33893238434,higher_better,none,1,external_ready,Source: KFF Custom State Report (HCBS 2024.csv). Formula: Home Health & Personal Care FFS spend (FY2024) / People with Disabilities Medicaid enrollees (2023). Denominator is all disabled Medicaid enrollees (not just HCBS waiver participants — no unduplicated HCBS count available in file). FFS spending only.
34,New Jersey,NJ,2024,rel_score_hcbs_per_individual,CL,relative,HCBS Spending Per Individual: Relative,17074.45427211646,NA,17074.45427211646,higher_better,none,1,external_ready,Source: KFF Custom State Report (HCBS 2024.csv). Formula: Home Health & Personal Care FFS spend (FY2024) / People with Disabilities Medicaid enrollees (2023). Denominator is all disabled Medicaid enrollees (not just HCBS waiver participants — no unduplicated HCBS count available in file). FFS spending only.
35,New Mexico,NM,2024,rel_score_hcbs_per_individual,CL,relative,HCBS Spending Per Individual: Relative,10581.03715,NA,10581.03715,higher_better,none,1,external_ready,Source: KFF Custom State Report (HCBS 2024.csv). Formula: Home Health & Personal Care FFS spend (FY2024) / People with Disabilities Medicaid enrollees (2023). Denominator is all disabled Medicaid enrollees (not just HCBS waiver participants — no unduplicated HCBS count available in file). FFS spending only.
36,New York,NY,2024,rel_score_hcbs_per_individual,CL,relative,HCBS Spending Per Individual: Relative,19753.0565984375,NA,19753.0565984375,higher_better,none,1,external_ready,Source: KFF Custom State Report (HCBS 2024.csv). Formula: Home Health & Personal Care FFS spend (FY2024) / People with Disabilities Medicaid enrollees (2023). Denominator is all disabled Medicaid enrollees (not just HCBS waiver participants — no unduplicated HCBS count available in file). FFS spending only.
37,North Carolina,NC,2024,rel_score_hcbs_per_individual,CL,relative,HCBS Spending Per Individual: Relative,3254.5951731660757,NA,3254.5951731660757,higher_better,none,1,external_ready,Source: KFF Custom State Report (HCBS 2024.csv). Formula: Home Health & Personal Care FFS spend (FY2024) / People with Disabilities Medicaid enrollees (2023). Denominator is all disabled Medicaid enrollees (not just HCBS waiver participants — no unduplicated HCBS count available in file). FFS spending only.
38,North Dakota,ND,2024,rel_score_hcbs_per_individual,CL,relative,HCBS Spending Per Individual: Relative,22405.34162162162,NA,22405.34162162162,higher_better,none,1,external_ready,Source: KFF Custom State Report (HCBS 2024.csv). Formula: Home Health & Personal Care FFS spend (FY2024) / People with Disabilities Medicaid enrollees (2023). Denominator is all disabled Medicaid enrollees (not just HCBS waiver participants — no unduplicated HCBS count available in file). FFS spending only.
39,Ohio,OH,2024,rel_score_hcbs_per_individual,CL,relative,HCBS Spending Per Individual: Relative,13165.708385390428,NA,13165.708385390428,higher_better,none,1,external_ready,Source: KFF Custom State Report (HCBS 2024.csv). Formula: Home Health & Personal Care FFS spend (FY2024) / People with Disabilities Medicaid enrollees (2023). Denominator is all disabled Medicaid enrollees (not just HCBS waiver participants — no unduplicated HCBS count available in file). FFS spending only.
40,Oklahoma,OK,2024,rel_score_hcbs_per_individual,CL,relative,HCBS Spending Per Individual: Relative,6741.198684863523,NA,6741.198684863523,higher_better,none,1,external_ready,Source: KFF Custom State Report (HCBS 2024.csv). Formula: Home Health & Personal Care FFS spend (FY2024) / People with Disabilities Medicaid enrollees (2023). Denominator is all disabled Medicaid enrollees (not just HCBS waiver participants — no unduplicated HCBS count available in file). FFS spending only.
41,Oregon,OR,2024,rel_score_hcbs_per_individual,CL,relative,HCBS Spending Per Individual: Relative,33666.590713678845,NA,33666.590713678845,higher_better,none,1,external_ready,Source: KFF Custom State Report (HCBS 2024.csv). Formula: Home Health & Personal Care FFS spend (FY2024) / People with Disabilities Medicaid enrollees (2023). Denominator is all disabled Medicaid enrollees (not just HCBS waiver participants — no unduplicated HCBS count available in file). FFS spending only.
42,Pennsylvania,PA,2024,rel_score_hcbs_per_individual,CL,relative,HCBS Spending Per Individual: Relative,7388.176160894549,NA,7388.176160894549,higher_better,none,1,external_ready,Source: KFF Custom State Report (HCBS 2024.csv). Formula: Home Health & Personal Care FFS spend (FY2024) / People with Disabilities Medicaid enrollees (2023). Denominator is all disabled Medicaid enrollees (not just HCBS waiver participants — no unduplicated HCBS count available in file). FFS spending only.
44,Rhode Island,RI,2024,rel_score_hcbs_per_individual,CL,relative,HCBS Spending Per Individual: Relative,14805.946674937964,NA,14805.946674937964,higher_better,none,1,external_ready,Source: KFF Custom State Report (HCBS 2024.csv). Formula: Home Health & Personal Care FFS spend (FY2024) / People with Disabilities Medicaid enrollees (2023). Denominator is all disabled Medicaid enrollees (not just HCBS waiver participants — no unduplicated HCBS count available in file). FFS spending only.
45,South Carolina,SC,2024,rel_score_hcbs_per_individual,CL,relative,HCBS Spending Per Individual: Relative,6643.626318774815,NA,6643.626318774815,higher_better,none,1,external_ready,Source: KFF Custom State Report (HCBS 2024.csv). Formula: Home Health & Personal Care FFS spend (FY2024) / People with Disabilities Medicaid enrollees (2023). Denominator is all disabled Medicaid enrollees (not just HCBS waiver participants — no unduplicated HCBS count available in file). FFS spending only.
46,South Dakota,SD,2024,rel_score_hcbs_per_individual,CL,relative,HCBS Spending Per Individual: Relative,15114.820396039604,NA,15114.820396039604,higher_better,none,1,external_ready,Source: KFF Custom State Report (HCBS 2024.csv). Formula: Home Health & Personal Care FFS spend (FY2024) / People with Disabilities Medicaid enrollees (2023). Denominator is all disabled Medicaid enrollees (not just HCBS waiver participants — no unduplicated HCBS count available in file). FFS spending only.
47,Tennessee,TN,2024,rel_score_hcbs_per_individual,CL,relative,HCBS Spending Per Individual: Relative,2449.781249625412,NA,2449.781249625412,higher_better,none,1,external_ready,Source: KFF Custom State Report (HCBS 2024.csv). Formula: Home Health & Personal Care FFS spend (FY2024) / People with Disabilities Medicaid enrollees (2023). Denominator is all disabled Medicaid enrollees (not just HCBS waiver participants — no unduplicated HCBS count available in file). FFS spending only.
48,Texas,TX,2024,rel_score_hcbs_per_individual,CL,relative,HCBS Spending Per Individual: Relative,4377.0031518058695,NA,4377.0031518058695,higher_better,none,1,external_ready,Source: KFF Custom State Report (HCBS 2024.csv). Formula: Home Health & Personal Care FFS spend (FY2024) / People with Disabilities Medicaid enrollees (2023). Denominator is all disabled Medicaid enrollees (not just HCBS waiver participants — no unduplicated HCBS count available in file). FFS spending only.
49,Utah,UT,2024,rel_score_hcbs_per_individual,CL,relative,HCBS Spending Per Individual: Relative,13121.774147286822,NA,13121.774147286822,higher_better,none,1,external_ready,Source: KFF Custom State Report (HCBS 2024.csv). Formula: Home Health & Personal Care FFS spend (FY2024) / People with Disabilities Medicaid enrollees (2023). Denominator is all disabled Medicaid enrollees (not just HCBS waiver participants — no unduplicated HCBS count available in file). FFS spending only.
50,Vermont,VT,2024,rel_score_hcbs_per_individual,CL,relative,HCBS Spending Per Individual: Relative,18858.869829787232,NA,18858.869829787232,higher_better,none,1,external_ready,Source: KFF Custom State Report (HCBS 2024.csv). Formula: Home Health & Personal Care FFS spend (FY2024) / People with Disabilities Medicaid enrollees (2023). Denominator is all disabled Medicaid enrollees (not just HCBS waiver participants — no unduplicated HCBS count available in file). FFS spending only.
51,Virginia,VA,2024,rel_score_hcbs_per_individual,CL,relative,HCBS Spending Per Individual: Relative,20405.488636363636,NA,20405.488636363636,higher_better,none,1,external_ready,Source: KFF Custom State Report (HCBS 2024.csv). Formula: Home Health & Personal Care FFS spend (FY2024) / People with Disabilities Medicaid enrollees (2023). Denominator is all disabled Medicaid enrollees (not just HCBS waiver participants — no unduplicated HCBS count available in file). FFS spending only.
53,Washington,WA,2024,rel_score_hcbs_per_individual,CL,relative,HCBS Spending Per Individual: Relative,29651.666288601908,NA,29651.666288601908,higher_better,none,1,external_ready,Source: KFF Custom State Report (HCBS 2024.csv). Formula: Home Health & Personal Care FFS spend (FY2024) / People with Disabilities Medicaid enrollees (2023). Denominator is all disabled Medicaid enrollees (not just HCBS waiver participants — no unduplicated HCBS count available in file). FFS spending only.
54,West Virginia,WV,2024,rel_score_hcbs_per_individual,CL,relative,HCBS Spending Per Individual: Relative,9346.641577752554,NA,9346.641577752554,higher_better,none,1,external_ready,Source: KFF Custom State Report (HCBS 2024.csv). Formula: Home Health & Personal Care FFS spend (FY2024) / People with Disabilities Medicaid enrollees (2023). Denominator is all disabled Medicaid enrollees (not just HCBS waiver participants — no unduplicated HCBS count available in file). FFS spending only.
55,Wisconsin,WI,2024,rel_score_hcbs_per_individual,CL,relative,HCBS Spending Per Individual: Relative,8606.581497912317,NA,8606.581497912317,higher_better,none,1,external_ready,Source: KFF Custom State Report (HCBS 2024.csv). Formula: Home Health & Personal Care FFS spend (FY2024) / People with Disabilities Medicaid enrollees (2023). Denominator is all disabled Medicaid enrollees (not just HCBS waiver participants — no unduplicated HCBS count available in file). FFS spending only.
56,Wyoming,WY,2024,rel_score_hcbs_per_individual,CL,relative,HCBS Spending Per Individual: Relative,15408.61064,NA,15408.61064,higher_better,none,1,external_ready,Source: KFF Custom State Report (HCBS 2024.csv). Formula: Home Health & Personal Care FFS spend (FY2024) / People with Disabilities Medicaid enrollees (2023). Denominator is all disabled Medicaid enrollees (not just HCBS waiver participants — no unduplicated HCBS count available in file). FFS spending only.
72,Puerto Rico,PR,2024,rel_score_hcbs_per_individual,CL,relative,HCBS Spending Per Individual: Relative,NA,NA,NA,higher_better,none,1,external_ready,Source: KFF Custom State Report (HCBS 2024.csv). Formula: Home Health & Personal Care FFS spend (FY2024) / People with Disabilities Medicaid enrollees (2023). Denominator is all disabled Medicaid enrollees (not just HCBS waiver participants — no unduplicated HCBS count available in file). FFS spending only.
000,United States,USA,2024,rel_score_pct_cni_hoh_hcv_dis,CL,relative,HCV Disabled Head of Household (%): Relative,NA,NA,NA,higher_better,none,1,external_ready,"Source: HUD Picture of Subsidized Households (POSH) — huduser.gov/portal/datasets/assthsg.html. Column: ""% Households where Head or spouse/Co-head has a disability"". Filtered to Housing Choice Voucher rows. Pre-computed percentage — no ratio construction. Most recent: 2025. Sub-index: index_rel_housing_access (CL domain)."
01,Alabama,AL,2024,rel_score_pct_cni_hoh_hcv_dis,CL,relative,HCV Disabled Head of Household (%): Relative,33,NA,33,higher_better,none,1,external_ready,"Source: HUD Picture of Subsidized Households (POSH) — huduser.gov/portal/datasets/assthsg.html. Column: ""% Households where Head or spouse/Co-head has a disability"". Filtered to Housing Choice Voucher rows. Pre-computed percentage — no ratio construction. Most recent: 2025. Sub-index: index_rel_housing_access (CL domain)."
02,Alaska,AK,2024,rel_score_pct_cni_hoh_hcv_dis,CL,relative,HCV Disabled Head of Household (%): Relative,52,NA,52,higher_better,none,1,external_ready,"Source: HUD Picture of Subsidized Households (POSH) — huduser.gov/portal/datasets/assthsg.html. Column: ""% Households where Head or spouse/Co-head has a disability"". Filtered to Housing Choice Voucher rows. Pre-computed percentage — no ratio construction. Most recent: 2025. Sub-index: index_rel_housing_access (CL domain)."
04,Arizona,AZ,2024,rel_score_pct_cni_hoh_hcv_dis,CL,relative,HCV Disabled Head of Household (%): Relative,51,NA,51,higher_better,none,1,external_ready,"Source: HUD Picture of Subsidized Households (POSH) — huduser.gov/portal/datasets/assthsg.html. Column: ""% Households where Head or spouse/Co-head has a disability"". Filtered to Housing Choice Voucher rows. Pre-computed percentage — no ratio construction. Most recent: 2025. Sub-index: index_rel_housing_access (CL domain)."
05,Arkansas,AR,2024,rel_score_pct_cni_hoh_hcv_dis,CL,relative,HCV Disabled Head of Household (%): Relative,48,NA,48,higher_better,none,1,external_ready,"Source: HUD Picture of Subsidized Households (POSH) — huduser.gov/portal/datasets/assthsg.html. Column: ""% Households where Head or spouse/Co-head has a disability"". Filtered to Housing Choice Voucher rows. Pre-computed percentage — no ratio construction. Most recent: 2025. Sub-index: index_rel_housing_access (CL domain)."
06,California,CA,2024,rel_score_pct_cni_hoh_hcv_dis,CL,relative,HCV Disabled Head of Household (%): Relative,51,NA,51,higher_better,none,1,external_ready,"Source: HUD Picture of Subsidized Households (POSH) — huduser.gov/portal/datasets/assthsg.html. Column: ""% Households where Head or spouse/Co-head has a disability"". Filtered to Housing Choice Voucher rows. Pre-computed percentage — no ratio construction. Most recent: 2025. Sub-index: index_rel_housing_access (CL domain)."
08,Colorado,CO,2024,rel_score_pct_cni_hoh_hcv_dis,CL,relative,HCV Disabled Head of Household (%): Relative,52,NA,52,higher_better,none,1,external_ready,"Source: HUD Picture of Subsidized Households (POSH) — huduser.gov/portal/datasets/assthsg.html. Column: ""% Households where Head or spouse/Co-head has a disability"". Filtered to Housing Choice Voucher rows. Pre-computed percentage — no ratio construction. Most recent: 2025. Sub-index: index_rel_housing_access (CL domain)."
09,Connecticut,CT,2024,rel_score_pct_cni_hoh_hcv_dis,CL,relative,HCV Disabled Head of Household (%): Relative,41,NA,41,higher_better,none,1,external_ready,"Source: HUD Picture of Subsidized Households (POSH) — huduser.gov/portal/datasets/assthsg.html. Column: ""% Households where Head or spouse/Co-head has a disability"". Filtered to Housing Choice Voucher rows. Pre-computed percentage — no ratio construction. Most recent: 2025. Sub-index: index_rel_housing_access (CL domain)."
10,Delaware,DE,2024,rel_score_pct_cni_hoh_hcv_dis,CL,relative,HCV Disabled Head of Household (%): Relative,42,NA,42,higher_better,none,1,external_ready,"Source: HUD Picture of Subsidized Households (POSH) — huduser.gov/portal/datasets/assthsg.html. Column: ""% Households where Head or spouse/Co-head has a disability"". Filtered to Housing Choice Voucher rows. Pre-computed percentage — no ratio construction. Most recent: 2025. Sub-index: index_rel_housing_access (CL domain)."
11,District of Columbia,DC,2024,rel_score_pct_cni_hoh_hcv_dis,CL,relative,HCV Disabled Head of Household (%): Relative,33,NA,33,higher_better,none,1,external_ready,"Source: HUD Picture of Subsidized Households (POSH) — huduser.gov/portal/datasets/assthsg.html. Column: ""% Households where Head or spouse/Co-head has a disability"". Filtered to Housing Choice Voucher rows. Pre-computed percentage — no ratio construction. Most recent: 2025. Sub-index: index_rel_housing_access (CL domain)."
12,Florida,FL,2024,rel_score_pct_cni_hoh_hcv_dis,CL,relative,HCV Disabled Head of Household (%): Relative,43,NA,43,higher_better,none,1,external_ready,"Source: HUD Picture of Subsidized Households (POSH) — huduser.gov/portal/datasets/assthsg.html. Column: ""% Households where Head or spouse/Co-head has a disability"". Filtered to Housing Choice Voucher rows. Pre-computed percentage — no ratio construction. Most recent: 2025. Sub-index: index_rel_housing_access (CL domain)."
13,Georgia,GA,2024,rel_score_pct_cni_hoh_hcv_dis,CL,relative,HCV Disabled Head of Household (%): Relative,37,NA,37,higher_better,none,1,external_ready,"Source: HUD Picture of Subsidized Households (POSH) — huduser.gov/portal/datasets/assthsg.html. Column: ""% Households where Head or spouse/Co-head has a disability"". Filtered to Housing Choice Voucher rows. Pre-computed percentage — no ratio construction. Most recent: 2025. Sub-index: index_rel_housing_access (CL domain)."
15,Hawaii,HI,2024,rel_score_pct_cni_hoh_hcv_dis,CL,relative,HCV Disabled Head of Household (%): Relative,40,NA,40,higher_better,none,1,external_ready,"Source: HUD Picture of Subsidized Households (POSH) — huduser.gov/portal/datasets/assthsg.html. Column: ""% Households where Head or spouse/Co-head has a disability"". Filtered to Housing Choice Voucher rows. Pre-computed percentage — no ratio construction. Most recent: 2025. Sub-index: index_rel_housing_access (CL domain)."
16,Idaho,ID,2024,rel_score_pct_cni_hoh_hcv_dis,CL,relative,HCV Disabled Head of Household (%): Relative,61,NA,61,higher_better,none,1,external_ready,"Source: HUD Picture of Subsidized Households (POSH) — huduser.gov/portal/datasets/assthsg.html. Column: ""% Households where Head or spouse/Co-head has a disability"". Filtered to Housing Choice Voucher rows. Pre-computed percentage — no ratio construction. Most recent: 2025. Sub-index: index_rel_housing_access (CL domain)."
17,Illinois,IL,2024,rel_score_pct_cni_hoh_hcv_dis,CL,relative,HCV Disabled Head of Household (%): Relative,38,NA,38,higher_better,none,1,external_ready,"Source: HUD Picture of Subsidized Households (POSH) — huduser.gov/portal/datasets/assthsg.html. Column: ""% Households where Head or spouse/Co-head has a disability"". Filtered to Housing Choice Voucher rows. Pre-computed percentage — no ratio construction. Most recent: 2025. Sub-index: index_rel_housing_access (CL domain)."
18,Indiana,IN,2024,rel_score_pct_cni_hoh_hcv_dis,CL,relative,HCV Disabled Head of Household (%): Relative,45,NA,45,higher_better,none,1,external_ready,"Source: HUD Picture of Subsidized Households (POSH) — huduser.gov/portal/datasets/assthsg.html. Column: ""% Households where Head or spouse/Co-head has a disability"". Filtered to Housing Choice Voucher rows. Pre-computed percentage — no ratio construction. Most recent: 2025. Sub-index: index_rel_housing_access (CL domain)."
19,Iowa,IA,2024,rel_score_pct_cni_hoh_hcv_dis,CL,relative,HCV Disabled Head of Household (%): Relative,52,NA,52,higher_better,none,1,external_ready,"Source: HUD Picture of Subsidized Households (POSH) — huduser.gov/portal/datasets/assthsg.html. Column: ""% Households where Head or spouse/Co-head has a disability"". Filtered to Housing Choice Voucher rows. Pre-computed percentage — no ratio construction. Most recent: 2025. Sub-index: index_rel_housing_access (CL domain)."
20,Kansas,KS,2024,rel_score_pct_cni_hoh_hcv_dis,CL,relative,HCV Disabled Head of Household (%): Relative,50,NA,50,higher_better,none,1,external_ready,"Source: HUD Picture of Subsidized Households (POSH) — huduser.gov/portal/datasets/assthsg.html. Column: ""% Households where Head or spouse/Co-head has a disability"". Filtered to Housing Choice Voucher rows. Pre-computed percentage — no ratio construction. Most recent: 2025. Sub-index: index_rel_housing_access (CL domain)."
21,Kentucky,KY,2024,rel_score_pct_cni_hoh_hcv_dis,CL,relative,HCV Disabled Head of Household (%): Relative,46,NA,46,higher_better,none,1,external_ready,"Source: HUD Picture of Subsidized Households (POSH) — huduser.gov/portal/datasets/assthsg.html. Column: ""% Households where Head or spouse/Co-head has a disability"". Filtered to Housing Choice Voucher rows. Pre-computed percentage — no ratio construction. Most recent: 2025. Sub-index: index_rel_housing_access (CL domain)."
22,Louisiana,LA,2024,rel_score_pct_cni_hoh_hcv_dis,CL,relative,HCV Disabled Head of Household (%): Relative,40,NA,40,higher_better,none,1,external_ready,"Source: HUD Picture of Subsidized Households (POSH) — huduser.gov/portal/datasets/assthsg.html. Column: ""% Households where Head or spouse/Co-head has a disability"". Filtered to Housing Choice Voucher rows. Pre-computed percentage — no ratio construction. Most recent: 2025. Sub-index: index_rel_housing_access (CL domain)."
23,Maine,ME,2024,rel_score_pct_cni_hoh_hcv_dis,CL,relative,HCV Disabled Head of Household (%): Relative,63,NA,63,higher_better,none,1,external_ready,"Source: HUD Picture of Subsidized Households (POSH) — huduser.gov/portal/datasets/assthsg.html. Column: ""% Households where Head or spouse/Co-head has a disability"". Filtered to Housing Choice Voucher rows. Pre-computed percentage — no ratio construction. Most recent: 2025. Sub-index: index_rel_housing_access (CL domain)."
24,Maryland,MD,2024,rel_score_pct_cni_hoh_hcv_dis,CL,relative,HCV Disabled Head of Household (%): Relative,44,NA,44,higher_better,none,1,external_ready,"Source: HUD Picture of Subsidized Households (POSH) — huduser.gov/portal/datasets/assthsg.html. Column: ""% Households where Head or spouse/Co-head has a disability"". Filtered to Housing Choice Voucher rows. Pre-computed percentage — no ratio construction. Most recent: 2025. Sub-index: index_rel_housing_access (CL domain)."
25,Massachusetts,MA,2024,rel_score_pct_cni_hoh_hcv_dis,CL,relative,HCV Disabled Head of Household (%): Relative,49,NA,49,higher_better,none,1,external_ready,"Source: HUD Picture of Subsidized Households (POSH) — huduser.gov/portal/datasets/assthsg.html. Column: ""% Households where Head or spouse/Co-head has a disability"". Filtered to Housing Choice Voucher rows. Pre-computed percentage — no ratio construction. Most recent: 2025. Sub-index: index_rel_housing_access (CL domain)."
26,Michigan,MI,2024,rel_score_pct_cni_hoh_hcv_dis,CL,relative,HCV Disabled Head of Household (%): Relative,48,NA,48,higher_better,none,1,external_ready,"Source: HUD Picture of Subsidized Households (POSH) — huduser.gov/portal/datasets/assthsg.html. Column: ""% Households where Head or spouse/Co-head has a disability"". Filtered to Housing Choice Voucher rows. Pre-computed percentage — no ratio construction. Most recent: 2025. Sub-index: index_rel_housing_access (CL domain)."
27,Minnesota,MN,2024,rel_score_pct_cni_hoh_hcv_dis,CL,relative,HCV Disabled Head of Household (%): Relative,46,NA,46,higher_better,none,1,external_ready,"Source: HUD Picture of Subsidized Households (POSH) — huduser.gov/portal/datasets/assthsg.html. Column: ""% Households where Head or spouse/Co-head has a disability"". Filtered to Housing Choice Voucher rows. Pre-computed percentage — no ratio construction. Most recent: 2025. Sub-index: index_rel_housing_access (CL domain)."
28,Mississippi,MS,2024,rel_score_pct_cni_hoh_hcv_dis,CL,relative,HCV Disabled Head of Household (%): Relative,35,NA,35,higher_better,none,1,external_ready,"Source: HUD Picture of Subsidized Households (POSH) — huduser.gov/portal/datasets/assthsg.html. Column: ""% Households where Head or spouse/Co-head has a disability"". Filtered to Housing Choice Voucher rows. Pre-computed percentage — no ratio construction. Most recent: 2025. Sub-index: index_rel_housing_access (CL domain)."
29,Missouri,MO,2024,rel_score_pct_cni_hoh_hcv_dis,CL,relative,HCV Disabled Head of Household (%): Relative,45,NA,45,higher_better,none,1,external_ready,"Source: HUD Picture of Subsidized Households (POSH) — huduser.gov/portal/datasets/assthsg.html. Column: ""% Households where Head or spouse/Co-head has a disability"". Filtered to Housing Choice Voucher rows. Pre-computed percentage — no ratio construction. Most recent: 2025. Sub-index: index_rel_housing_access (CL domain)."
30,Montana,MT,2024,rel_score_pct_cni_hoh_hcv_dis,CL,relative,HCV Disabled Head of Household (%): Relative,53,NA,53,higher_better,none,1,external_ready,"Source: HUD Picture of Subsidized Households (POSH) — huduser.gov/portal/datasets/assthsg.html. Column: ""% Households where Head or spouse/Co-head has a disability"". Filtered to Housing Choice Voucher rows. Pre-computed percentage — no ratio construction. Most recent: 2025. Sub-index: index_rel_housing_access (CL domain)."
31,Nebraska,NE,2024,rel_score_pct_cni_hoh_hcv_dis,CL,relative,HCV Disabled Head of Household (%): Relative,50,NA,50,higher_better,none,1,external_ready,"Source: HUD Picture of Subsidized Households (POSH) — huduser.gov/portal/datasets/assthsg.html. Column: ""% Households where Head or spouse/Co-head has a disability"". Filtered to Housing Choice Voucher rows. Pre-computed percentage — no ratio construction. Most recent: 2025. Sub-index: index_rel_housing_access (CL domain)."
32,Nevada,NV,2024,rel_score_pct_cni_hoh_hcv_dis,CL,relative,HCV Disabled Head of Household (%): Relative,49,NA,49,higher_better,none,1,external_ready,"Source: HUD Picture of Subsidized Households (POSH) — huduser.gov/portal/datasets/assthsg.html. Column: ""% Households where Head or spouse/Co-head has a disability"". Filtered to Housing Choice Voucher rows. Pre-computed percentage — no ratio construction. Most recent: 2025. Sub-index: index_rel_housing_access (CL domain)."
33,New Hampshire,NH,2024,rel_score_pct_cni_hoh_hcv_dis,CL,relative,HCV Disabled Head of Household (%): Relative,59,NA,59,higher_better,none,1,external_ready,"Source: HUD Picture of Subsidized Households (POSH) — huduser.gov/portal/datasets/assthsg.html. Column: ""% Households where Head or spouse/Co-head has a disability"". Filtered to Housing Choice Voucher rows. Pre-computed percentage — no ratio construction. Most recent: 2025. Sub-index: index_rel_housing_access (CL domain)."
34,New Jersey,NJ,2024,rel_score_pct_cni_hoh_hcv_dis,CL,relative,HCV Disabled Head of Household (%): Relative,39,NA,39,higher_better,none,1,external_ready,"Source: HUD Picture of Subsidized Households (POSH) — huduser.gov/portal/datasets/assthsg.html. Column: ""% Households where Head or spouse/Co-head has a disability"". Filtered to Housing Choice Voucher rows. Pre-computed percentage — no ratio construction. Most recent: 2025. Sub-index: index_rel_housing_access (CL domain)."
35,New Mexico,NM,2024,rel_score_pct_cni_hoh_hcv_dis,CL,relative,HCV Disabled Head of Household (%): Relative,58,NA,58,higher_better,none,1,external_ready,"Source: HUD Picture of Subsidized Households (POSH) — huduser.gov/portal/datasets/assthsg.html. Column: ""% Households where Head or spouse/Co-head has a disability"". Filtered to Housing Choice Voucher rows. Pre-computed percentage — no ratio construction. Most recent: 2025. Sub-index: index_rel_housing_access (CL domain)."
36,New York,NY,2024,rel_score_pct_cni_hoh_hcv_dis,CL,relative,HCV Disabled Head of Household (%): Relative,46,NA,46,higher_better,none,1,external_ready,"Source: HUD Picture of Subsidized Households (POSH) — huduser.gov/portal/datasets/assthsg.html. Column: ""% Households where Head or spouse/Co-head has a disability"". Filtered to Housing Choice Voucher rows. Pre-computed percentage — no ratio construction. Most recent: 2025. Sub-index: index_rel_housing_access (CL domain)."
37,North Carolina,NC,2024,rel_score_pct_cni_hoh_hcv_dis,CL,relative,HCV Disabled Head of Household (%): Relative,44,NA,44,higher_better,none,1,external_ready,"Source: HUD Picture of Subsidized Households (POSH) — huduser.gov/portal/datasets/assthsg.html. Column: ""% Households where Head or spouse/Co-head has a disability"". Filtered to Housing Choice Voucher rows. Pre-computed percentage — no ratio construction. Most recent: 2025. Sub-index: index_rel_housing_access (CL domain)."
38,North Dakota,ND,2024,rel_score_pct_cni_hoh_hcv_dis,CL,relative,HCV Disabled Head of Household (%): Relative,54,NA,54,higher_better,none,1,external_ready,"Source: HUD Picture of Subsidized Households (POSH) — huduser.gov/portal/datasets/assthsg.html. Column: ""% Households where Head or spouse/Co-head has a disability"". Filtered to Housing Choice Voucher rows. Pre-computed percentage — no ratio construction. Most recent: 2025. Sub-index: index_rel_housing_access (CL domain)."
39,Ohio,OH,2024,rel_score_pct_cni_hoh_hcv_dis,CL,relative,HCV Disabled Head of Household (%): Relative,47,NA,47,higher_better,none,1,external_ready,"Source: HUD Picture of Subsidized Households (POSH) — huduser.gov/portal/datasets/assthsg.html. Column: ""% Households where Head or spouse/Co-head has a disability"". Filtered to Housing Choice Voucher rows. Pre-computed percentage — no ratio construction. Most recent: 2025. Sub-index: index_rel_housing_access (CL domain)."
40,Oklahoma,OK,2024,rel_score_pct_cni_hoh_hcv_dis,CL,relative,HCV Disabled Head of Household (%): Relative,50,NA,50,higher_better,none,1,external_ready,"Source: HUD Picture of Subsidized Households (POSH) — huduser.gov/portal/datasets/assthsg.html. Column: ""% Households where Head or spouse/Co-head has a disability"". Filtered to Housing Choice Voucher rows. Pre-computed percentage — no ratio construction. Most recent: 2025. Sub-index: index_rel_housing_access (CL domain)."
41,Oregon,OR,2024,rel_score_pct_cni_hoh_hcv_dis,CL,relative,HCV Disabled Head of Household (%): Relative,54,NA,54,higher_better,none,1,external_ready,"Source: HUD Picture of Subsidized Households (POSH) — huduser.gov/portal/datasets/assthsg.html. Column: ""% Households where Head or spouse/Co-head has a disability"". Filtered to Housing Choice Voucher rows. Pre-computed percentage — no ratio construction. Most recent: 2025. Sub-index: index_rel_housing_access (CL domain)."
42,Pennsylvania,PA,2024,rel_score_pct_cni_hoh_hcv_dis,CL,relative,HCV Disabled Head of Household (%): Relative,46,NA,46,higher_better,none,1,external_ready,"Source: HUD Picture of Subsidized Households (POSH) — huduser.gov/portal/datasets/assthsg.html. Column: ""% Households where Head or spouse/Co-head has a disability"". Filtered to Housing Choice Voucher rows. Pre-computed percentage — no ratio construction. Most recent: 2025. Sub-index: index_rel_housing_access (CL domain)."
44,Rhode Island,RI,2024,rel_score_pct_cni_hoh_hcv_dis,CL,relative,HCV Disabled Head of Household (%): Relative,46,NA,46,higher_better,none,1,external_ready,"Source: HUD Picture of Subsidized Households (POSH) — huduser.gov/portal/datasets/assthsg.html. Column: ""% Households where Head or spouse/Co-head has a disability"". Filtered to Housing Choice Voucher rows. Pre-computed percentage — no ratio construction. Most recent: 2025. Sub-index: index_rel_housing_access (CL domain)."
45,South Carolina,SC,2024,rel_score_pct_cni_hoh_hcv_dis,CL,relative,HCV Disabled Head of Household (%): Relative,37,NA,37,higher_better,none,1,external_ready,"Source: HUD Picture of Subsidized Households (POSH) — huduser.gov/portal/datasets/assthsg.html. Column: ""% Households where Head or spouse/Co-head has a disability"". Filtered to Housing Choice Voucher rows. Pre-computed percentage — no ratio construction. Most recent: 2025. Sub-index: index_rel_housing_access (CL domain)."
46,South Dakota,SD,2024,rel_score_pct_cni_hoh_hcv_dis,CL,relative,HCV Disabled Head of Household (%): Relative,53,NA,53,higher_better,none,1,external_ready,"Source: HUD Picture of Subsidized Households (POSH) — huduser.gov/portal/datasets/assthsg.html. Column: ""% Households where Head or spouse/Co-head has a disability"". Filtered to Housing Choice Voucher rows. Pre-computed percentage — no ratio construction. Most recent: 2025. Sub-index: index_rel_housing_access (CL domain)."
47,Tennessee,TN,2024,rel_score_pct_cni_hoh_hcv_dis,CL,relative,HCV Disabled Head of Household (%): Relative,39,NA,39,higher_better,none,1,external_ready,"Source: HUD Picture of Subsidized Households (POSH) — huduser.gov/portal/datasets/assthsg.html. Column: ""% Households where Head or spouse/Co-head has a disability"". Filtered to Housing Choice Voucher rows. Pre-computed percentage — no ratio construction. Most recent: 2025. Sub-index: index_rel_housing_access (CL domain)."
48,Texas,TX,2024,rel_score_pct_cni_hoh_hcv_dis,CL,relative,HCV Disabled Head of Household (%): Relative,42,NA,42,higher_better,none,1,external_ready,"Source: HUD Picture of Subsidized Households (POSH) — huduser.gov/portal/datasets/assthsg.html. Column: ""% Households where Head or spouse/Co-head has a disability"". Filtered to Housing Choice Voucher rows. Pre-computed percentage — no ratio construction. Most recent: 2025. Sub-index: index_rel_housing_access (CL domain)."
49,Utah,UT,2024,rel_score_pct_cni_hoh_hcv_dis,CL,relative,HCV Disabled Head of Household (%): Relative,64,NA,64,higher_better,none,1,external_ready,"Source: HUD Picture of Subsidized Households (POSH) — huduser.gov/portal/datasets/assthsg.html. Column: ""% Households where Head or spouse/Co-head has a disability"". Filtered to Housing Choice Voucher rows. Pre-computed percentage — no ratio construction. Most recent: 2025. Sub-index: index_rel_housing_access (CL domain)."
50,Vermont,VT,2024,rel_score_pct_cni_hoh_hcv_dis,CL,relative,HCV Disabled Head of Household (%): Relative,62,NA,62,higher_better,none,1,external_ready,"Source: HUD Picture of Subsidized Households (POSH) — huduser.gov/portal/datasets/assthsg.html. Column: ""% Households where Head or spouse/Co-head has a disability"". Filtered to Housing Choice Voucher rows. Pre-computed percentage — no ratio construction. Most recent: 2025. Sub-index: index_rel_housing_access (CL domain)."
51,Virginia,VA,2024,rel_score_pct_cni_hoh_hcv_dis,CL,relative,HCV Disabled Head of Household (%): Relative,43,NA,43,higher_better,none,1,external_ready,"Source: HUD Picture of Subsidized Households (POSH) — huduser.gov/portal/datasets/assthsg.html. Column: ""% Households where Head or spouse/Co-head has a disability"". Filtered to Housing Choice Voucher rows. Pre-computed percentage — no ratio construction. Most recent: 2025. Sub-index: index_rel_housing_access (CL domain)."
53,Washington,WA,2024,rel_score_pct_cni_hoh_hcv_dis,CL,relative,HCV Disabled Head of Household (%): Relative,56,NA,56,higher_better,none,1,external_ready,"Source: HUD Picture of Subsidized Households (POSH) — huduser.gov/portal/datasets/assthsg.html. Column: ""% Households where Head or spouse/Co-head has a disability"". Filtered to Housing Choice Voucher rows. Pre-computed percentage — no ratio construction. Most recent: 2025. Sub-index: index_rel_housing_access (CL domain)."
54,West Virginia,WV,2024,rel_score_pct_cni_hoh_hcv_dis,CL,relative,HCV Disabled Head of Household (%): Relative,48,NA,48,higher_better,none,1,external_ready,"Source: HUD Picture of Subsidized Households (POSH) — huduser.gov/portal/datasets/assthsg.html. Column: ""% Households where Head or spouse/Co-head has a disability"". Filtered to Housing Choice Voucher rows. Pre-computed percentage — no ratio construction. Most recent: 2025. Sub-index: index_rel_housing_access (CL domain)."
55,Wisconsin,WI,2024,rel_score_pct_cni_hoh_hcv_dis,CL,relative,HCV Disabled Head of Household (%): Relative,52,NA,52,higher_better,none,1,external_ready,"Source: HUD Picture of Subsidized Households (POSH) — huduser.gov/portal/datasets/assthsg.html. Column: ""% Households where Head or spouse/Co-head has a disability"". Filtered to Housing Choice Voucher rows. Pre-computed percentage — no ratio construction. Most recent: 2025. Sub-index: index_rel_housing_access (CL domain)."
56,Wyoming,WY,2024,rel_score_pct_cni_hoh_hcv_dis,CL,relative,HCV Disabled Head of Household (%): Relative,57,NA,57,higher_better,none,1,external_ready,"Source: HUD Picture of Subsidized Households (POSH) — huduser.gov/portal/datasets/assthsg.html. Column: ""% Households where Head or spouse/Co-head has a disability"". Filtered to Housing Choice Voucher rows. Pre-computed percentage — no ratio construction. Most recent: 2025. Sub-index: index_rel_housing_access (CL domain)."
72,Puerto Rico,PR,2024,rel_score_pct_cni_hoh_hcv_dis,CL,relative,HCV Disabled Head of Household (%): Relative,NA,NA,NA,higher_better,none,1,external_ready,"Source: HUD Picture of Subsidized Households (POSH) — huduser.gov/portal/datasets/assthsg.html. Column: ""% Households where Head or spouse/Co-head has a disability"". Filtered to Housing Choice Voucher rows. Pre-computed percentage — no ratio construction. Most recent: 2025. Sub-index: index_rel_housing_access (CL domain)."
000,United States,USA,2024,rel_score_pct_cni_hoh_pubhousing_dis,CL,relative,Public Housing Disabled Head of Household (%): Relative,NA,NA,NA,higher_better,none,1,external_ready,"Source: HUD Picture of Subsidized Households (POSH) — huduser.gov/portal/datasets/assthsg.html. Column: ""% Households where Head or spouse/Co-head has a disability"". Filtered to Public Housing rows. Pre-computed percentage — no ratio construction. Most recent: 2025. Sub-index: index_rel_housing_access (CL domain)."
01,Alabama,AL,2024,rel_score_pct_cni_hoh_pubhousing_dis,CL,relative,Public Housing Disabled Head of Household (%): Relative,33,NA,33,higher_better,none,1,external_ready,"Source: HUD Picture of Subsidized Households (POSH) — huduser.gov/portal/datasets/assthsg.html. Column: ""% Households where Head or spouse/Co-head has a disability"". Filtered to Public Housing rows. Pre-computed percentage — no ratio construction. Most recent: 2025. Sub-index: index_rel_housing_access (CL domain)."
02,Alaska,AK,2024,rel_score_pct_cni_hoh_pubhousing_dis,CL,relative,Public Housing Disabled Head of Household (%): Relative,32,NA,32,higher_better,none,1,external_ready,"Source: HUD Picture of Subsidized Households (POSH) — huduser.gov/portal/datasets/assthsg.html. Column: ""% Households where Head or spouse/Co-head has a disability"". Filtered to Public Housing rows. Pre-computed percentage — no ratio construction. Most recent: 2025. Sub-index: index_rel_housing_access (CL domain)."
04,Arizona,AZ,2024,rel_score_pct_cni_hoh_pubhousing_dis,CL,relative,Public Housing Disabled Head of Household (%): Relative,32,NA,32,higher_better,none,1,external_ready,"Source: HUD Picture of Subsidized Households (POSH) — huduser.gov/portal/datasets/assthsg.html. Column: ""% Households where Head or spouse/Co-head has a disability"". Filtered to Public Housing rows. Pre-computed percentage — no ratio construction. Most recent: 2025. Sub-index: index_rel_housing_access (CL domain)."
05,Arkansas,AR,2024,rel_score_pct_cni_hoh_pubhousing_dis,CL,relative,Public Housing Disabled Head of Household (%): Relative,38,NA,38,higher_better,none,1,external_ready,"Source: HUD Picture of Subsidized Households (POSH) — huduser.gov/portal/datasets/assthsg.html. Column: ""% Households where Head or spouse/Co-head has a disability"". Filtered to Public Housing rows. Pre-computed percentage — no ratio construction. Most recent: 2025. Sub-index: index_rel_housing_access (CL domain)."
06,California,CA,2024,rel_score_pct_cni_hoh_pubhousing_dis,CL,relative,Public Housing Disabled Head of Household (%): Relative,32,NA,32,higher_better,none,1,external_ready,"Source: HUD Picture of Subsidized Households (POSH) — huduser.gov/portal/datasets/assthsg.html. Column: ""% Households where Head or spouse/Co-head has a disability"". Filtered to Public Housing rows. Pre-computed percentage — no ratio construction. Most recent: 2025. Sub-index: index_rel_housing_access (CL domain)."
08,Colorado,CO,2024,rel_score_pct_cni_hoh_pubhousing_dis,CL,relative,Public Housing Disabled Head of Household (%): Relative,49,NA,49,higher_better,none,1,external_ready,"Source: HUD Picture of Subsidized Households (POSH) — huduser.gov/portal/datasets/assthsg.html. Column: ""% Households where Head or spouse/Co-head has a disability"". Filtered to Public Housing rows. Pre-computed percentage — no ratio construction. Most recent: 2025. Sub-index: index_rel_housing_access (CL domain)."
09,Connecticut,CT,2024,rel_score_pct_cni_hoh_pubhousing_dis,CL,relative,Public Housing Disabled Head of Household (%): Relative,44,NA,44,higher_better,none,1,external_ready,"Source: HUD Picture of Subsidized Households (POSH) — huduser.gov/portal/datasets/assthsg.html. Column: ""% Households where Head or spouse/Co-head has a disability"". Filtered to Public Housing rows. Pre-computed percentage — no ratio construction. Most recent: 2025. Sub-index: index_rel_housing_access (CL domain)."
10,Delaware,DE,2024,rel_score_pct_cni_hoh_pubhousing_dis,CL,relative,Public Housing Disabled Head of Household (%): Relative,43,NA,43,higher_better,none,1,external_ready,"Source: HUD Picture of Subsidized Households (POSH) — huduser.gov/portal/datasets/assthsg.html. Column: ""% Households where Head or spouse/Co-head has a disability"". Filtered to Public Housing rows. Pre-computed percentage — no ratio construction. Most recent: 2025. Sub-index: index_rel_housing_access (CL domain)."
11,District of Columbia,DC,2024,rel_score_pct_cni_hoh_pubhousing_dis,CL,relative,Public Housing Disabled Head of Household (%): Relative,34,NA,34,higher_better,none,1,external_ready,"Source: HUD Picture of Subsidized Households (POSH) — huduser.gov/portal/datasets/assthsg.html. Column: ""% Households where Head or spouse/Co-head has a disability"". Filtered to Public Housing rows. Pre-computed percentage — no ratio construction. Most recent: 2025. Sub-index: index_rel_housing_access (CL domain)."
12,Florida,FL,2024,rel_score_pct_cni_hoh_pubhousing_dis,CL,relative,Public Housing Disabled Head of Household (%): Relative,37,NA,37,higher_better,none,1,external_ready,"Source: HUD Picture of Subsidized Households (POSH) — huduser.gov/portal/datasets/assthsg.html. Column: ""% Households where Head or spouse/Co-head has a disability"". Filtered to Public Housing rows. Pre-computed percentage — no ratio construction. Most recent: 2025. Sub-index: index_rel_housing_access (CL domain)."
13,Georgia,GA,2024,rel_score_pct_cni_hoh_pubhousing_dis,CL,relative,Public Housing Disabled Head of Household (%): Relative,30,NA,30,higher_better,none,1,external_ready,"Source: HUD Picture of Subsidized Households (POSH) — huduser.gov/portal/datasets/assthsg.html. Column: ""% Households where Head or spouse/Co-head has a disability"". Filtered to Public Housing rows. Pre-computed percentage — no ratio construction. Most recent: 2025. Sub-index: index_rel_housing_access (CL domain)."
15,Hawaii,HI,2024,rel_score_pct_cni_hoh_pubhousing_dis,CL,relative,Public Housing Disabled Head of Household (%): Relative,42,NA,42,higher_better,none,1,external_ready,"Source: HUD Picture of Subsidized Households (POSH) — huduser.gov/portal/datasets/assthsg.html. Column: ""% Households where Head or spouse/Co-head has a disability"". Filtered to Public Housing rows. Pre-computed percentage — no ratio construction. Most recent: 2025. Sub-index: index_rel_housing_access (CL domain)."
16,Idaho,ID,2024,rel_score_pct_cni_hoh_pubhousing_dis,CL,relative,Public Housing Disabled Head of Household (%): Relative,68,NA,68,higher_better,none,1,external_ready,"Source: HUD Picture of Subsidized Households (POSH) — huduser.gov/portal/datasets/assthsg.html. Column: ""% Households where Head or spouse/Co-head has a disability"". Filtered to Public Housing rows. Pre-computed percentage — no ratio construction. Most recent: 2025. Sub-index: index_rel_housing_access (CL domain)."
17,Illinois,IL,2024,rel_score_pct_cni_hoh_pubhousing_dis,CL,relative,Public Housing Disabled Head of Household (%): Relative,36,NA,36,higher_better,none,1,external_ready,"Source: HUD Picture of Subsidized Households (POSH) — huduser.gov/portal/datasets/assthsg.html. Column: ""% Households where Head or spouse/Co-head has a disability"". Filtered to Public Housing rows. Pre-computed percentage — no ratio construction. Most recent: 2025. Sub-index: index_rel_housing_access (CL domain)."
18,Indiana,IN,2024,rel_score_pct_cni_hoh_pubhousing_dis,CL,relative,Public Housing Disabled Head of Household (%): Relative,41,NA,41,higher_better,none,1,external_ready,"Source: HUD Picture of Subsidized Households (POSH) — huduser.gov/portal/datasets/assthsg.html. Column: ""% Households where Head or spouse/Co-head has a disability"". Filtered to Public Housing rows. Pre-computed percentage — no ratio construction. Most recent: 2025. Sub-index: index_rel_housing_access (CL domain)."
19,Iowa,IA,2024,rel_score_pct_cni_hoh_pubhousing_dis,CL,relative,Public Housing Disabled Head of Household (%): Relative,42,NA,42,higher_better,none,1,external_ready,"Source: HUD Picture of Subsidized Households (POSH) — huduser.gov/portal/datasets/assthsg.html. Column: ""% Households where Head or spouse/Co-head has a disability"". Filtered to Public Housing rows. Pre-computed percentage — no ratio construction. Most recent: 2025. Sub-index: index_rel_housing_access (CL domain)."
20,Kansas,KS,2024,rel_score_pct_cni_hoh_pubhousing_dis,CL,relative,Public Housing Disabled Head of Household (%): Relative,37,NA,37,higher_better,none,1,external_ready,"Source: HUD Picture of Subsidized Households (POSH) — huduser.gov/portal/datasets/assthsg.html. Column: ""% Households where Head or spouse/Co-head has a disability"". Filtered to Public Housing rows. Pre-computed percentage — no ratio construction. Most recent: 2025. Sub-index: index_rel_housing_access (CL domain)."
21,Kentucky,KY,2024,rel_score_pct_cni_hoh_pubhousing_dis,CL,relative,Public Housing Disabled Head of Household (%): Relative,39,NA,39,higher_better,none,1,external_ready,"Source: HUD Picture of Subsidized Households (POSH) — huduser.gov/portal/datasets/assthsg.html. Column: ""% Households where Head or spouse/Co-head has a disability"". Filtered to Public Housing rows. Pre-computed percentage — no ratio construction. Most recent: 2025. Sub-index: index_rel_housing_access (CL domain)."
22,Louisiana,LA,2024,rel_score_pct_cni_hoh_pubhousing_dis,CL,relative,Public Housing Disabled Head of Household (%): Relative,34,NA,34,higher_better,none,1,external_ready,"Source: HUD Picture of Subsidized Households (POSH) — huduser.gov/portal/datasets/assthsg.html. Column: ""% Households where Head or spouse/Co-head has a disability"". Filtered to Public Housing rows. Pre-computed percentage — no ratio construction. Most recent: 2025. Sub-index: index_rel_housing_access (CL domain)."
23,Maine,ME,2024,rel_score_pct_cni_hoh_pubhousing_dis,CL,relative,Public Housing Disabled Head of Household (%): Relative,47,NA,47,higher_better,none,1,external_ready,"Source: HUD Picture of Subsidized Households (POSH) — huduser.gov/portal/datasets/assthsg.html. Column: ""% Households where Head or spouse/Co-head has a disability"". Filtered to Public Housing rows. Pre-computed percentage — no ratio construction. Most recent: 2025. Sub-index: index_rel_housing_access (CL domain)."
24,Maryland,MD,2024,rel_score_pct_cni_hoh_pubhousing_dis,CL,relative,Public Housing Disabled Head of Household (%): Relative,41,NA,41,higher_better,none,1,external_ready,"Source: HUD Picture of Subsidized Households (POSH) — huduser.gov/portal/datasets/assthsg.html. Column: ""% Households where Head or spouse/Co-head has a disability"". Filtered to Public Housing rows. Pre-computed percentage — no ratio construction. Most recent: 2025. Sub-index: index_rel_housing_access (CL domain)."
25,Massachusetts,MA,2024,rel_score_pct_cni_hoh_pubhousing_dis,CL,relative,Public Housing Disabled Head of Household (%): Relative,48,NA,48,higher_better,none,1,external_ready,"Source: HUD Picture of Subsidized Households (POSH) — huduser.gov/portal/datasets/assthsg.html. Column: ""% Households where Head or spouse/Co-head has a disability"". Filtered to Public Housing rows. Pre-computed percentage — no ratio construction. Most recent: 2025. Sub-index: index_rel_housing_access (CL domain)."
26,Michigan,MI,2024,rel_score_pct_cni_hoh_pubhousing_dis,CL,relative,Public Housing Disabled Head of Household (%): Relative,48,NA,48,higher_better,none,1,external_ready,"Source: HUD Picture of Subsidized Households (POSH) — huduser.gov/portal/datasets/assthsg.html. Column: ""% Households where Head or spouse/Co-head has a disability"". Filtered to Public Housing rows. Pre-computed percentage — no ratio construction. Most recent: 2025. Sub-index: index_rel_housing_access (CL domain)."
27,Minnesota,MN,2024,rel_score_pct_cni_hoh_pubhousing_dis,CL,relative,Public Housing Disabled Head of Household (%): Relative,48,NA,48,higher_better,none,1,external_ready,"Source: HUD Picture of Subsidized Households (POSH) — huduser.gov/portal/datasets/assthsg.html. Column: ""% Households where Head or spouse/Co-head has a disability"". Filtered to Public Housing rows. Pre-computed percentage — no ratio construction. Most recent: 2025. Sub-index: index_rel_housing_access (CL domain)."
28,Mississippi,MS,2024,rel_score_pct_cni_hoh_pubhousing_dis,CL,relative,Public Housing Disabled Head of Household (%): Relative,32,NA,32,higher_better,none,1,external_ready,"Source: HUD Picture of Subsidized Households (POSH) — huduser.gov/portal/datasets/assthsg.html. Column: ""% Households where Head or spouse/Co-head has a disability"". Filtered to Public Housing rows. Pre-computed percentage — no ratio construction. Most recent: 2025. Sub-index: index_rel_housing_access (CL domain)."
29,Missouri,MO,2024,rel_score_pct_cni_hoh_pubhousing_dis,CL,relative,Public Housing Disabled Head of Household (%): Relative,40,NA,40,higher_better,none,1,external_ready,"Source: HUD Picture of Subsidized Households (POSH) — huduser.gov/portal/datasets/assthsg.html. Column: ""% Households where Head or spouse/Co-head has a disability"". Filtered to Public Housing rows. Pre-computed percentage — no ratio construction. Most recent: 2025. Sub-index: index_rel_housing_access (CL domain)."
30,Montana,MT,2024,rel_score_pct_cni_hoh_pubhousing_dis,CL,relative,Public Housing Disabled Head of Household (%): Relative,36,NA,36,higher_better,none,1,external_ready,"Source: HUD Picture of Subsidized Households (POSH) — huduser.gov/portal/datasets/assthsg.html. Column: ""% Households where Head or spouse/Co-head has a disability"". Filtered to Public Housing rows. Pre-computed percentage — no ratio construction. Most recent: 2025. Sub-index: index_rel_housing_access (CL domain)."
31,Nebraska,NE,2024,rel_score_pct_cni_hoh_pubhousing_dis,CL,relative,Public Housing Disabled Head of Household (%): Relative,37,NA,37,higher_better,none,1,external_ready,"Source: HUD Picture of Subsidized Households (POSH) — huduser.gov/portal/datasets/assthsg.html. Column: ""% Households where Head or spouse/Co-head has a disability"". Filtered to Public Housing rows. Pre-computed percentage — no ratio construction. Most recent: 2025. Sub-index: index_rel_housing_access (CL domain)."
32,Nevada,NV,2024,rel_score_pct_cni_hoh_pubhousing_dis,CL,relative,Public Housing Disabled Head of Household (%): Relative,40,NA,40,higher_better,none,1,external_ready,"Source: HUD Picture of Subsidized Households (POSH) — huduser.gov/portal/datasets/assthsg.html. Column: ""% Households where Head or spouse/Co-head has a disability"". Filtered to Public Housing rows. Pre-computed percentage — no ratio construction. Most recent: 2025. Sub-index: index_rel_housing_access (CL domain)."
33,New Hampshire,NH,2024,rel_score_pct_cni_hoh_pubhousing_dis,CL,relative,Public Housing Disabled Head of Household (%): Relative,61,NA,61,higher_better,none,1,external_ready,"Source: HUD Picture of Subsidized Households (POSH) — huduser.gov/portal/datasets/assthsg.html. Column: ""% Households where Head or spouse/Co-head has a disability"". Filtered to Public Housing rows. Pre-computed percentage — no ratio construction. Most recent: 2025. Sub-index: index_rel_housing_access (CL domain)."
34,New Jersey,NJ,2024,rel_score_pct_cni_hoh_pubhousing_dis,CL,relative,Public Housing Disabled Head of Household (%): Relative,41,NA,41,higher_better,none,1,external_ready,"Source: HUD Picture of Subsidized Households (POSH) — huduser.gov/portal/datasets/assthsg.html. Column: ""% Households where Head or spouse/Co-head has a disability"". Filtered to Public Housing rows. Pre-computed percentage — no ratio construction. Most recent: 2025. Sub-index: index_rel_housing_access (CL domain)."
35,New Mexico,NM,2024,rel_score_pct_cni_hoh_pubhousing_dis,CL,relative,Public Housing Disabled Head of Household (%): Relative,41,NA,41,higher_better,none,1,external_ready,"Source: HUD Picture of Subsidized Households (POSH) — huduser.gov/portal/datasets/assthsg.html. Column: ""% Households where Head or spouse/Co-head has a disability"". Filtered to Public Housing rows. Pre-computed percentage — no ratio construction. Most recent: 2025. Sub-index: index_rel_housing_access (CL domain)."
36,New York,NY,2024,rel_score_pct_cni_hoh_pubhousing_dis,CL,relative,Public Housing Disabled Head of Household (%): Relative,39,NA,39,higher_better,none,1,external_ready,"Source: HUD Picture of Subsidized Households (POSH) — huduser.gov/portal/datasets/assthsg.html. Column: ""% Households where Head or spouse/Co-head has a disability"". Filtered to Public Housing rows. Pre-computed percentage — no ratio construction. Most recent: 2025. Sub-index: index_rel_housing_access (CL domain)."
37,North Carolina,NC,2024,rel_score_pct_cni_hoh_pubhousing_dis,CL,relative,Public Housing Disabled Head of Household (%): Relative,34,NA,34,higher_better,none,1,external_ready,"Source: HUD Picture of Subsidized Households (POSH) — huduser.gov/portal/datasets/assthsg.html. Column: ""% Households where Head or spouse/Co-head has a disability"". Filtered to Public Housing rows. Pre-computed percentage — no ratio construction. Most recent: 2025. Sub-index: index_rel_housing_access (CL domain)."
38,North Dakota,ND,2024,rel_score_pct_cni_hoh_pubhousing_dis,CL,relative,Public Housing Disabled Head of Household (%): Relative,37,NA,37,higher_better,none,1,external_ready,"Source: HUD Picture of Subsidized Households (POSH) — huduser.gov/portal/datasets/assthsg.html. Column: ""% Households where Head or spouse/Co-head has a disability"". Filtered to Public Housing rows. Pre-computed percentage — no ratio construction. Most recent: 2025. Sub-index: index_rel_housing_access (CL domain)."
39,Ohio,OH,2024,rel_score_pct_cni_hoh_pubhousing_dis,CL,relative,Public Housing Disabled Head of Household (%): Relative,37,NA,37,higher_better,none,1,external_ready,"Source: HUD Picture of Subsidized Households (POSH) — huduser.gov/portal/datasets/assthsg.html. Column: ""% Households where Head or spouse/Co-head has a disability"". Filtered to Public Housing rows. Pre-computed percentage — no ratio construction. Most recent: 2025. Sub-index: index_rel_housing_access (CL domain)."
40,Oklahoma,OK,2024,rel_score_pct_cni_hoh_pubhousing_dis,CL,relative,Public Housing Disabled Head of Household (%): Relative,45,NA,45,higher_better,none,1,external_ready,"Source: HUD Picture of Subsidized Households (POSH) — huduser.gov/portal/datasets/assthsg.html. Column: ""% Households where Head or spouse/Co-head has a disability"". Filtered to Public Housing rows. Pre-computed percentage — no ratio construction. Most recent: 2025. Sub-index: index_rel_housing_access (CL domain)."
41,Oregon,OR,2024,rel_score_pct_cni_hoh_pubhousing_dis,CL,relative,Public Housing Disabled Head of Household (%): Relative,56,NA,56,higher_better,none,1,external_ready,"Source: HUD Picture of Subsidized Households (POSH) — huduser.gov/portal/datasets/assthsg.html. Column: ""% Households where Head or spouse/Co-head has a disability"". Filtered to Public Housing rows. Pre-computed percentage — no ratio construction. Most recent: 2025. Sub-index: index_rel_housing_access (CL domain)."
42,Pennsylvania,PA,2024,rel_score_pct_cni_hoh_pubhousing_dis,CL,relative,Public Housing Disabled Head of Household (%): Relative,48,NA,48,higher_better,none,1,external_ready,"Source: HUD Picture of Subsidized Households (POSH) — huduser.gov/portal/datasets/assthsg.html. Column: ""% Households where Head or spouse/Co-head has a disability"". Filtered to Public Housing rows. Pre-computed percentage — no ratio construction. Most recent: 2025. Sub-index: index_rel_housing_access (CL domain)."
44,Rhode Island,RI,2024,rel_score_pct_cni_hoh_pubhousing_dis,CL,relative,Public Housing Disabled Head of Household (%): Relative,45,NA,45,higher_better,none,1,external_ready,"Source: HUD Picture of Subsidized Households (POSH) — huduser.gov/portal/datasets/assthsg.html. Column: ""% Households where Head or spouse/Co-head has a disability"". Filtered to Public Housing rows. Pre-computed percentage — no ratio construction. Most recent: 2025. Sub-index: index_rel_housing_access (CL domain)."
45,South Carolina,SC,2024,rel_score_pct_cni_hoh_pubhousing_dis,CL,relative,Public Housing Disabled Head of Household (%): Relative,31,NA,31,higher_better,none,1,external_ready,"Source: HUD Picture of Subsidized Households (POSH) — huduser.gov/portal/datasets/assthsg.html. Column: ""% Households where Head or spouse/Co-head has a disability"". Filtered to Public Housing rows. Pre-computed percentage — no ratio construction. Most recent: 2025. Sub-index: index_rel_housing_access (CL domain)."
46,South Dakota,SD,2024,rel_score_pct_cni_hoh_pubhousing_dis,CL,relative,Public Housing Disabled Head of Household (%): Relative,43,NA,43,higher_better,none,1,external_ready,"Source: HUD Picture of Subsidized Households (POSH) — huduser.gov/portal/datasets/assthsg.html. Column: ""% Households where Head or spouse/Co-head has a disability"". Filtered to Public Housing rows. Pre-computed percentage — no ratio construction. Most recent: 2025. Sub-index: index_rel_housing_access (CL domain)."
47,Tennessee,TN,2024,rel_score_pct_cni_hoh_pubhousing_dis,CL,relative,Public Housing Disabled Head of Household (%): Relative,36,NA,36,higher_better,none,1,external_ready,"Source: HUD Picture of Subsidized Households (POSH) — huduser.gov/portal/datasets/assthsg.html. Column: ""% Households where Head or spouse/Co-head has a disability"". Filtered to Public Housing rows. Pre-computed percentage — no ratio construction. Most recent: 2025. Sub-index: index_rel_housing_access (CL domain)."
48,Texas,TX,2024,rel_score_pct_cni_hoh_pubhousing_dis,CL,relative,Public Housing Disabled Head of Household (%): Relative,37,NA,37,higher_better,none,1,external_ready,"Source: HUD Picture of Subsidized Households (POSH) — huduser.gov/portal/datasets/assthsg.html. Column: ""% Households where Head or spouse/Co-head has a disability"". Filtered to Public Housing rows. Pre-computed percentage — no ratio construction. Most recent: 2025. Sub-index: index_rel_housing_access (CL domain)."
49,Utah,UT,2024,rel_score_pct_cni_hoh_pubhousing_dis,CL,relative,Public Housing Disabled Head of Household (%): Relative,45,NA,45,higher_better,none,1,external_ready,"Source: HUD Picture of Subsidized Households (POSH) — huduser.gov/portal/datasets/assthsg.html. Column: ""% Households where Head or spouse/Co-head has a disability"". Filtered to Public Housing rows. Pre-computed percentage — no ratio construction. Most recent: 2025. Sub-index: index_rel_housing_access (CL domain)."
50,Vermont,VT,2024,rel_score_pct_cni_hoh_pubhousing_dis,CL,relative,Public Housing Disabled Head of Household (%): Relative,58,NA,58,higher_better,none,1,external_ready,"Source: HUD Picture of Subsidized Households (POSH) — huduser.gov/portal/datasets/assthsg.html. Column: ""% Households where Head or spouse/Co-head has a disability"". Filtered to Public Housing rows. Pre-computed percentage — no ratio construction. Most recent: 2025. Sub-index: index_rel_housing_access (CL domain)."
51,Virginia,VA,2024,rel_score_pct_cni_hoh_pubhousing_dis,CL,relative,Public Housing Disabled Head of Household (%): Relative,36,NA,36,higher_better,none,1,external_ready,"Source: HUD Picture of Subsidized Households (POSH) — huduser.gov/portal/datasets/assthsg.html. Column: ""% Households where Head or spouse/Co-head has a disability"". Filtered to Public Housing rows. Pre-computed percentage — no ratio construction. Most recent: 2025. Sub-index: index_rel_housing_access (CL domain)."
53,Washington,WA,2024,rel_score_pct_cni_hoh_pubhousing_dis,CL,relative,Public Housing Disabled Head of Household (%): Relative,47,NA,47,higher_better,none,1,external_ready,"Source: HUD Picture of Subsidized Households (POSH) — huduser.gov/portal/datasets/assthsg.html. Column: ""% Households where Head or spouse/Co-head has a disability"". Filtered to Public Housing rows. Pre-computed percentage — no ratio construction. Most recent: 2025. Sub-index: index_rel_housing_access (CL domain)."
54,West Virginia,WV,2024,rel_score_pct_cni_hoh_pubhousing_dis,CL,relative,Public Housing Disabled Head of Household (%): Relative,38,NA,38,higher_better,none,1,external_ready,"Source: HUD Picture of Subsidized Households (POSH) — huduser.gov/portal/datasets/assthsg.html. Column: ""% Households where Head or spouse/Co-head has a disability"". Filtered to Public Housing rows. Pre-computed percentage — no ratio construction. Most recent: 2025. Sub-index: index_rel_housing_access (CL domain)."
55,Wisconsin,WI,2024,rel_score_pct_cni_hoh_pubhousing_dis,CL,relative,Public Housing Disabled Head of Household (%): Relative,45,NA,45,higher_better,none,1,external_ready,"Source: HUD Picture of Subsidized Households (POSH) — huduser.gov/portal/datasets/assthsg.html. Column: ""% Households where Head or spouse/Co-head has a disability"". Filtered to Public Housing rows. Pre-computed percentage — no ratio construction. Most recent: 2025. Sub-index: index_rel_housing_access (CL domain)."
56,Wyoming,WY,2024,rel_score_pct_cni_hoh_pubhousing_dis,CL,relative,Public Housing Disabled Head of Household (%): Relative,42,NA,42,higher_better,none,1,external_ready,"Source: HUD Picture of Subsidized Households (POSH) — huduser.gov/portal/datasets/assthsg.html. Column: ""% Households where Head or spouse/Co-head has a disability"". Filtered to Public Housing rows. Pre-computed percentage — no ratio construction. Most recent: 2025. Sub-index: index_rel_housing_access (CL domain)."
72,Puerto Rico,PR,2024,rel_score_pct_cni_hoh_pubhousing_dis,CL,relative,Public Housing Disabled Head of Household (%): Relative,NA,NA,NA,higher_better,none,1,external_ready,"Source: HUD Picture of Subsidized Households (POSH) — huduser.gov/portal/datasets/assthsg.html. Column: ""% Households where Head or spouse/Co-head has a disability"". Filtered to Public Housing rows. Pre-computed percentage — no ratio construction. Most recent: 2025. Sub-index: index_rel_housing_access (CL domain)."
000,United States,USA,2024,rel_score_computer,CP,relative,Computer Access: Relative,72.80273757095317,NA,72.80273757095317,higher_better,none,1,acs_ready,"2020-2024 ACS 5-year PUMS, variable LAPTOP, which covers laptop or desktop. There is no separate DESKTOP variable. Person weighted with PWGTP, so the figure is the share of people with a disability who live in a household answering yes, not a count of households. The universe is people in occupied housing units, so group quarters residents are excluded from both the count and the base. Rebuilt 7 August 2026. See ADA-PARC-Website-Design/docs/tech-access-rebuild-plan.qmd."
01,Alabama,AL,2024,rel_score_computer,CP,relative,Computer Access: Relative,64.30105462408787,NA,64.30105462408787,higher_better,none,1,acs_ready,"2020-2024 ACS 5-year PUMS, variable LAPTOP, which covers laptop or desktop. There is no separate DESKTOP variable. Person weighted with PWGTP, so the figure is the share of people with a disability who live in a household answering yes, not a count of households. The universe is people in occupied housing units, so group quarters residents are excluded from both the count and the base. Rebuilt 7 August 2026. See ADA-PARC-Website-Design/docs/tech-access-rebuild-plan.qmd."
02,Alaska,AK,2024,rel_score_computer,CP,relative,Computer Access: Relative,76.68187606112055,NA,76.68187606112055,higher_better,none,1,acs_ready,"2020-2024 ACS 5-year PUMS, variable LAPTOP, which covers laptop or desktop. There is no separate DESKTOP variable. Person weighted with PWGTP, so the figure is the share of people with a disability who live in a household answering yes, not a count of households. The universe is people in occupied housing units, so group quarters residents are excluded from both the count and the base. Rebuilt 7 August 2026. See ADA-PARC-Website-Design/docs/tech-access-rebuild-plan.qmd."
04,Arizona,AZ,2024,rel_score_computer,CP,relative,Computer Access: Relative,78.623238802795,NA,78.623238802795,higher_better,none,1,acs_ready,"2020-2024 ACS 5-year PUMS, variable LAPTOP, which covers laptop or desktop. There is no separate DESKTOP variable. Person weighted with PWGTP, so the figure is the share of people with a disability who live in a household answering yes, not a count of households. The universe is people in occupied housing units, so group quarters residents are excluded from both the count and the base. Rebuilt 7 August 2026. See ADA-PARC-Website-Design/docs/tech-access-rebuild-plan.qmd."
05,Arkansas,AR,2024,rel_score_computer,CP,relative,Computer Access: Relative,63.85503630489716,NA,63.85503630489716,higher_better,none,1,acs_ready,"2020-2024 ACS 5-year PUMS, variable LAPTOP, which covers laptop or desktop. There is no separate DESKTOP variable. Person weighted with PWGTP, so the figure is the share of people with a disability who live in a household answering yes, not a count of households. The universe is people in occupied housing units, so group quarters residents are excluded from both the count and the base. Rebuilt 7 August 2026. See ADA-PARC-Website-Design/docs/tech-access-rebuild-plan.qmd."
06,California,CA,2024,rel_score_computer,CP,relative,Computer Access: Relative,77.25321342321503,NA,77.25321342321503,higher_better,none,1,acs_ready,"2020-2024 ACS 5-year PUMS, variable LAPTOP, which covers laptop or desktop. There is no separate DESKTOP variable. Person weighted with PWGTP, so the figure is the share of people with a disability who live in a household answering yes, not a count of households. The universe is people in occupied housing units, so group quarters residents are excluded from both the count and the base. Rebuilt 7 August 2026. See ADA-PARC-Website-Design/docs/tech-access-rebuild-plan.qmd."
08,Colorado,CO,2024,rel_score_computer,CP,relative,Computer Access: Relative,80.58552547137862,NA,80.58552547137862,higher_better,none,1,acs_ready,"2020-2024 ACS 5-year PUMS, variable LAPTOP, which covers laptop or desktop. There is no separate DESKTOP variable. Person weighted with PWGTP, so the figure is the share of people with a disability who live in a household answering yes, not a count of households. The universe is people in occupied housing units, so group quarters residents are excluded from both the count and the base. Rebuilt 7 August 2026. See ADA-PARC-Website-Design/docs/tech-access-rebuild-plan.qmd."
09,Connecticut,CT,2024,rel_score_computer,CP,relative,Computer Access: Relative,73.16568506815439,NA,73.16568506815439,higher_better,none,1,acs_ready,"2020-2024 ACS 5-year PUMS, variable LAPTOP, which covers laptop or desktop. There is no separate DESKTOP variable. Person weighted with PWGTP, so the figure is the share of people with a disability who live in a household answering yes, not a count of households. The universe is people in occupied housing units, so group quarters residents are excluded from both the count and the base. Rebuilt 7 August 2026. See ADA-PARC-Website-Design/docs/tech-access-rebuild-plan.qmd."
10,Delaware,DE,2024,rel_score_computer,CP,relative,Computer Access: Relative,76.45806941981252,NA,76.45806941981252,higher_better,none,1,acs_ready,"2020-2024 ACS 5-year PUMS, variable LAPTOP, which covers laptop or desktop. There is no separate DESKTOP variable. Person weighted with PWGTP, so the figure is the share of people with a disability who live in a household answering yes, not a count of households. The universe is people in occupied housing units, so group quarters residents are excluded from both the count and the base. Rebuilt 7 August 2026. See ADA-PARC-Website-Design/docs/tech-access-rebuild-plan.qmd."
11,District of Columbia,DC,2024,rel_score_computer,CP,relative,Computer Access: Relative,69.65473948524796,NA,69.65473948524796,higher_better,none,1,acs_ready,"2020-2024 ACS 5-year PUMS, variable LAPTOP, which covers laptop or desktop. There is no separate DESKTOP variable. Person weighted with PWGTP, so the figure is the share of people with a disability who live in a household answering yes, not a count of households. The universe is people in occupied housing units, so group quarters residents are excluded from both the count and the base. Rebuilt 7 August 2026. See ADA-PARC-Website-Design/docs/tech-access-rebuild-plan.qmd."
12,Florida,FL,2024,rel_score_computer,CP,relative,Computer Access: Relative,76.8787640567638,NA,76.8787640567638,higher_better,none,1,acs_ready,"2020-2024 ACS 5-year PUMS, variable LAPTOP, which covers laptop or desktop. There is no separate DESKTOP variable. Person weighted with PWGTP, so the figure is the share of people with a disability who live in a household answering yes, not a count of households. The universe is people in occupied housing units, so group quarters residents are excluded from both the count and the base. Rebuilt 7 August 2026. See ADA-PARC-Website-Design/docs/tech-access-rebuild-plan.qmd."
13,Georgia,GA,2024,rel_score_computer,CP,relative,Computer Access: Relative,74.07264845151107,NA,74.07264845151107,higher_better,none,1,acs_ready,"2020-2024 ACS 5-year PUMS, variable LAPTOP, which covers laptop or desktop. There is no separate DESKTOP variable. Person weighted with PWGTP, so the figure is the share of people with a disability who live in a household answering yes, not a count of households. The universe is people in occupied housing units, so group quarters residents are excluded from both the count and the base. Rebuilt 7 August 2026. See ADA-PARC-Website-Design/docs/tech-access-rebuild-plan.qmd."
15,Hawaii,HI,2024,rel_score_computer,CP,relative,Computer Access: Relative,76.21808104516019,NA,76.21808104516019,higher_better,none,1,acs_ready,"2020-2024 ACS 5-year PUMS, variable LAPTOP, which covers laptop or desktop. There is no separate DESKTOP variable. Person weighted with PWGTP, so the figure is the share of people with a disability who live in a household answering yes, not a count of households. The universe is people in occupied housing units, so group quarters residents are excluded from both the count and the base. Rebuilt 7 August 2026. See ADA-PARC-Website-Design/docs/tech-access-rebuild-plan.qmd."
16,Idaho,ID,2024,rel_score_computer,CP,relative,Computer Access: Relative,79.38109371606664,NA,79.38109371606664,higher_better,none,1,acs_ready,"2020-2024 ACS 5-year PUMS, variable LAPTOP, which covers laptop or desktop. There is no separate DESKTOP variable. Person weighted with PWGTP, so the figure is the share of people with a disability who live in a household answering yes, not a count of households. The universe is people in occupied housing units, so group quarters residents are excluded from both the count and the base. Rebuilt 7 August 2026. See ADA-PARC-Website-Design/docs/tech-access-rebuild-plan.qmd."
17,Illinois,IL,2024,rel_score_computer,CP,relative,Computer Access: Relative,71.17680108695946,NA,71.17680108695946,higher_better,none,1,acs_ready,"2020-2024 ACS 5-year PUMS, variable LAPTOP, which covers laptop or desktop. There is no separate DESKTOP variable. Person weighted with PWGTP, so the figure is the share of people with a disability who live in a household answering yes, not a count of households. The universe is people in occupied housing units, so group quarters residents are excluded from both the count and the base. Rebuilt 7 August 2026. See ADA-PARC-Website-Design/docs/tech-access-rebuild-plan.qmd."
18,Indiana,IN,2024,rel_score_computer,CP,relative,Computer Access: Relative,69.54356450852539,NA,69.54356450852539,higher_better,none,1,acs_ready,"2020-2024 ACS 5-year PUMS, variable LAPTOP, which covers laptop or desktop. There is no separate DESKTOP variable. Person weighted with PWGTP, so the figure is the share of people with a disability who live in a household answering yes, not a count of households. The universe is people in occupied housing units, so group quarters residents are excluded from both the count and the base. Rebuilt 7 August 2026. See ADA-PARC-Website-Design/docs/tech-access-rebuild-plan.qmd."
19,Iowa,IA,2024,rel_score_computer,CP,relative,Computer Access: Relative,70.98335412892928,NA,70.98335412892928,higher_better,none,1,acs_ready,"2020-2024 ACS 5-year PUMS, variable LAPTOP, which covers laptop or desktop. There is no separate DESKTOP variable. Person weighted with PWGTP, so the figure is the share of people with a disability who live in a household answering yes, not a count of households. The universe is people in occupied housing units, so group quarters residents are excluded from both the count and the base. Rebuilt 7 August 2026. See ADA-PARC-Website-Design/docs/tech-access-rebuild-plan.qmd."
20,Kansas,KS,2024,rel_score_computer,CP,relative,Computer Access: Relative,72.35526798344424,NA,72.35526798344424,higher_better,none,1,acs_ready,"2020-2024 ACS 5-year PUMS, variable LAPTOP, which covers laptop or desktop. There is no separate DESKTOP variable. Person weighted with PWGTP, so the figure is the share of people with a disability who live in a household answering yes, not a count of households. The universe is people in occupied housing units, so group quarters residents are excluded from both the count and the base. Rebuilt 7 August 2026. See ADA-PARC-Website-Design/docs/tech-access-rebuild-plan.qmd."
21,Kentucky,KY,2024,rel_score_computer,CP,relative,Computer Access: Relative,65.56027777495349,NA,65.56027777495349,higher_better,none,1,acs_ready,"2020-2024 ACS 5-year PUMS, variable LAPTOP, which covers laptop or desktop. There is no separate DESKTOP variable. Person weighted with PWGTP, so the figure is the share of people with a disability who live in a household answering yes, not a count of households. The universe is people in occupied housing units, so group quarters residents are excluded from both the count and the base. Rebuilt 7 August 2026. See ADA-PARC-Website-Design/docs/tech-access-rebuild-plan.qmd."
22,Louisiana,LA,2024,rel_score_computer,CP,relative,Computer Access: Relative,63.79857724806351,NA,63.79857724806351,higher_better,none,1,acs_ready,"2020-2024 ACS 5-year PUMS, variable LAPTOP, which covers laptop or desktop. There is no separate DESKTOP variable. Person weighted with PWGTP, so the figure is the share of people with a disability who live in a household answering yes, not a count of households. The universe is people in occupied housing units, so group quarters residents are excluded from both the count and the base. Rebuilt 7 August 2026. See ADA-PARC-Website-Design/docs/tech-access-rebuild-plan.qmd."
23,Maine,ME,2024,rel_score_computer,CP,relative,Computer Access: Relative,73.69209790242336,NA,73.69209790242336,higher_better,none,1,acs_ready,"2020-2024 ACS 5-year PUMS, variable LAPTOP, which covers laptop or desktop. There is no separate DESKTOP variable. Person weighted with PWGTP, so the figure is the share of people with a disability who live in a household answering yes, not a count of households. The universe is people in occupied housing units, so group quarters residents are excluded from both the count and the base. Rebuilt 7 August 2026. See ADA-PARC-Website-Design/docs/tech-access-rebuild-plan.qmd."
24,Maryland,MD,2024,rel_score_computer,CP,relative,Computer Access: Relative,78.69971326537087,NA,78.69971326537087,higher_better,none,1,acs_ready,"2020-2024 ACS 5-year PUMS, variable LAPTOP, which covers laptop or desktop. There is no separate DESKTOP variable. Person weighted with PWGTP, so the figure is the share of people with a disability who live in a household answering yes, not a count of households. The universe is people in occupied housing units, so group quarters residents are excluded from both the count and the base. Rebuilt 7 August 2026. See ADA-PARC-Website-Design/docs/tech-access-rebuild-plan.qmd."
25,Massachusetts,MA,2024,rel_score_computer,CP,relative,Computer Access: Relative,73.3087153832756,NA,73.3087153832756,higher_better,none,1,acs_ready,"2020-2024 ACS 5-year PUMS, variable LAPTOP, which covers laptop or desktop. There is no separate DESKTOP variable. Person weighted with PWGTP, so the figure is the share of people with a disability who live in a household answering yes, not a count of households. The universe is people in occupied housing units, so group quarters residents are excluded from both the count and the base. Rebuilt 7 August 2026. See ADA-PARC-Website-Design/docs/tech-access-rebuild-plan.qmd."
26,Michigan,MI,2024,rel_score_computer,CP,relative,Computer Access: Relative,70.82474609894209,NA,70.82474609894209,higher_better,none,1,acs_ready,"2020-2024 ACS 5-year PUMS, variable LAPTOP, which covers laptop or desktop. There is no separate DESKTOP variable. Person weighted with PWGTP, so the figure is the share of people with a disability who live in a household answering yes, not a count of households. The universe is people in occupied housing units, so group quarters residents are excluded from both the count and the base. Rebuilt 7 August 2026. See ADA-PARC-Website-Design/docs/tech-access-rebuild-plan.qmd."
27,Minnesota,MN,2024,rel_score_computer,CP,relative,Computer Access: Relative,74.70959869252752,NA,74.70959869252752,higher_better,none,1,acs_ready,"2020-2024 ACS 5-year PUMS, variable LAPTOP, which covers laptop or desktop. There is no separate DESKTOP variable. Person weighted with PWGTP, so the figure is the share of people with a disability who live in a household answering yes, not a count of households. The universe is people in occupied housing units, so group quarters residents are excluded from both the count and the base. Rebuilt 7 August 2026. See ADA-PARC-Website-Design/docs/tech-access-rebuild-plan.qmd."
28,Mississippi,MS,2024,rel_score_computer,CP,relative,Computer Access: Relative,60.77358203303417,NA,60.77358203303417,higher_better,none,1,acs_ready,"2020-2024 ACS 5-year PUMS, variable LAPTOP, which covers laptop or desktop. There is no separate DESKTOP variable. Person weighted with PWGTP, so the figure is the share of people with a disability who live in a household answering yes, not a count of households. The universe is people in occupied housing units, so group quarters residents are excluded from both the count and the base. Rebuilt 7 August 2026. See ADA-PARC-Website-Design/docs/tech-access-rebuild-plan.qmd."
29,Missouri,MO,2024,rel_score_computer,CP,relative,Computer Access: Relative,69.22754909473926,NA,69.22754909473926,higher_better,none,1,acs_ready,"2020-2024 ACS 5-year PUMS, variable LAPTOP, which covers laptop or desktop. There is no separate DESKTOP variable. Person weighted with PWGTP, so the figure is the share of people with a disability who live in a household answering yes, not a count of households. The universe is people in occupied housing units, so group quarters residents are excluded from both the count and the base. Rebuilt 7 August 2026. See ADA-PARC-Website-Design/docs/tech-access-rebuild-plan.qmd."
30,Montana,MT,2024,rel_score_computer,CP,relative,Computer Access: Relative,74.62874114690428,NA,74.62874114690428,higher_better,none,1,acs_ready,"2020-2024 ACS 5-year PUMS, variable LAPTOP, which covers laptop or desktop. There is no separate DESKTOP variable. Person weighted with PWGTP, so the figure is the share of people with a disability who live in a household answering yes, not a count of households. The universe is people in occupied housing units, so group quarters residents are excluded from both the count and the base. Rebuilt 7 August 2026. See ADA-PARC-Website-Design/docs/tech-access-rebuild-plan.qmd."
31,Nebraska,NE,2024,rel_score_computer,CP,relative,Computer Access: Relative,72.25800385501387,NA,72.25800385501387,higher_better,none,1,acs_ready,"2020-2024 ACS 5-year PUMS, variable LAPTOP, which covers laptop or desktop. There is no separate DESKTOP variable. Person weighted with PWGTP, so the figure is the share of people with a disability who live in a household answering yes, not a count of households. The universe is people in occupied housing units, so group quarters residents are excluded from both the count and the base. Rebuilt 7 August 2026. See ADA-PARC-Website-Design/docs/tech-access-rebuild-plan.qmd."
32,Nevada,NV,2024,rel_score_computer,CP,relative,Computer Access: Relative,77.72239149352394,NA,77.72239149352394,higher_better,none,1,acs_ready,"2020-2024 ACS 5-year PUMS, variable LAPTOP, which covers laptop or desktop. There is no separate DESKTOP variable. Person weighted with PWGTP, so the figure is the share of people with a disability who live in a household answering yes, not a count of households. The universe is people in occupied housing units, so group quarters residents are excluded from both the count and the base. Rebuilt 7 August 2026. See ADA-PARC-Website-Design/docs/tech-access-rebuild-plan.qmd."
33,New Hampshire,NH,2024,rel_score_computer,CP,relative,Computer Access: Relative,79.89250445562867,NA,79.89250445562867,higher_better,none,1,acs_ready,"2020-2024 ACS 5-year PUMS, variable LAPTOP, which covers laptop or desktop. There is no separate DESKTOP variable. Person weighted with PWGTP, so the figure is the share of people with a disability who live in a household answering yes, not a count of households. The universe is people in occupied housing units, so group quarters residents are excluded from both the count and the base. Rebuilt 7 August 2026. See ADA-PARC-Website-Design/docs/tech-access-rebuild-plan.qmd."
34,New Jersey,NJ,2024,rel_score_computer,CP,relative,Computer Access: Relative,75.55404601328533,NA,75.55404601328533,higher_better,none,1,acs_ready,"2020-2024 ACS 5-year PUMS, variable LAPTOP, which covers laptop or desktop. There is no separate DESKTOP variable. Person weighted with PWGTP, so the figure is the share of people with a disability who live in a household answering yes, not a count of households. The universe is people in occupied housing units, so group quarters residents are excluded from both the count and the base. Rebuilt 7 August 2026. See ADA-PARC-Website-Design/docs/tech-access-rebuild-plan.qmd."
35,New Mexico,NM,2024,rel_score_computer,CP,relative,Computer Access: Relative,69.11381246889884,NA,69.11381246889884,higher_better,none,1,acs_ready,"2020-2024 ACS 5-year PUMS, variable LAPTOP, which covers laptop or desktop. There is no separate DESKTOP variable. Person weighted with PWGTP, so the figure is the share of people with a disability who live in a household answering yes, not a count of households. The universe is people in occupied housing units, so group quarters residents are excluded from both the count and the base. Rebuilt 7 August 2026. See ADA-PARC-Website-Design/docs/tech-access-rebuild-plan.qmd."
36,New York,NY,2024,rel_score_computer,CP,relative,Computer Access: Relative,70.44168435594192,NA,70.44168435594192,higher_better,none,1,acs_ready,"2020-2024 ACS 5-year PUMS, variable LAPTOP, which covers laptop or desktop. There is no separate DESKTOP variable. Person weighted with PWGTP, so the figure is the share of people with a disability who live in a household answering yes, not a count of households. The universe is people in occupied housing units, so group quarters residents are excluded from both the count and the base. Rebuilt 7 August 2026. See ADA-PARC-Website-Design/docs/tech-access-rebuild-plan.qmd."
37,North Carolina,NC,2024,rel_score_computer,CP,relative,Computer Access: Relative,70.98532156110915,NA,70.98532156110915,higher_better,none,1,acs_ready,"2020-2024 ACS 5-year PUMS, variable LAPTOP, which covers laptop or desktop. There is no separate DESKTOP variable. Person weighted with PWGTP, so the figure is the share of people with a disability who live in a household answering yes, not a count of households. The universe is people in occupied housing units, so group quarters residents are excluded from both the count and the base. Rebuilt 7 August 2026. See ADA-PARC-Website-Design/docs/tech-access-rebuild-plan.qmd."
38,North Dakota,ND,2024,rel_score_computer,CP,relative,Computer Access: Relative,69.94710654892644,NA,69.94710654892644,higher_better,none,1,acs_ready,"2020-2024 ACS 5-year PUMS, variable LAPTOP, which covers laptop or desktop. There is no separate DESKTOP variable. Person weighted with PWGTP, so the figure is the share of people with a disability who live in a household answering yes, not a count of households. The universe is people in occupied housing units, so group quarters residents are excluded from both the count and the base. Rebuilt 7 August 2026. See ADA-PARC-Website-Design/docs/tech-access-rebuild-plan.qmd."
39,Ohio,OH,2024,rel_score_computer,CP,relative,Computer Access: Relative,69.9027870858708,NA,69.9027870858708,higher_better,none,1,acs_ready,"2020-2024 ACS 5-year PUMS, variable LAPTOP, which covers laptop or desktop. There is no separate DESKTOP variable. Person weighted with PWGTP, so the figure is the share of people with a disability who live in a household answering yes, not a count of households. The universe is people in occupied housing units, so group quarters residents are excluded from both the count and the base. Rebuilt 7 August 2026. See ADA-PARC-Website-Design/docs/tech-access-rebuild-plan.qmd."
40,Oklahoma,OK,2024,rel_score_computer,CP,relative,Computer Access: Relative,68.54155083060034,NA,68.54155083060034,higher_better,none,1,acs_ready,"2020-2024 ACS 5-year PUMS, variable LAPTOP, which covers laptop or desktop. There is no separate DESKTOP variable. Person weighted with PWGTP, so the figure is the share of people with a disability who live in a household answering yes, not a count of households. The universe is people in occupied housing units, so group quarters residents are excluded from both the count and the base. Rebuilt 7 August 2026. See ADA-PARC-Website-Design/docs/tech-access-rebuild-plan.qmd."
41,Oregon,OR,2024,rel_score_computer,CP,relative,Computer Access: Relative,78.6513201304198,NA,78.6513201304198,higher_better,none,1,acs_ready,"2020-2024 ACS 5-year PUMS, variable LAPTOP, which covers laptop or desktop. There is no separate DESKTOP variable. Person weighted with PWGTP, so the figure is the share of people with a disability who live in a household answering yes, not a count of households. The universe is people in occupied housing units, so group quarters residents are excluded from both the count and the base. Rebuilt 7 August 2026. See ADA-PARC-Website-Design/docs/tech-access-rebuild-plan.qmd."
42,Pennsylvania,PA,2024,rel_score_computer,CP,relative,Computer Access: Relative,70.72264739308368,NA,70.72264739308368,higher_better,none,1,acs_ready,"2020-2024 ACS 5-year PUMS, variable LAPTOP, which covers laptop or desktop. There is no separate DESKTOP variable. Person weighted with PWGTP, so the figure is the share of people with a disability who live in a household answering yes, not a count of households. The universe is people in occupied housing units, so group quarters residents are excluded from both the count and the base. Rebuilt 7 August 2026. See ADA-PARC-Website-Design/docs/tech-access-rebuild-plan.qmd."
44,Rhode Island,RI,2024,rel_score_computer,CP,relative,Computer Access: Relative,71.0578360908784,NA,71.0578360908784,higher_better,none,1,acs_ready,"2020-2024 ACS 5-year PUMS, variable LAPTOP, which covers laptop or desktop. There is no separate DESKTOP variable. Person weighted with PWGTP, so the figure is the share of people with a disability who live in a household answering yes, not a count of households. The universe is people in occupied housing units, so group quarters residents are excluded from both the count and the base. Rebuilt 7 August 2026. See ADA-PARC-Website-Design/docs/tech-access-rebuild-plan.qmd."
45,South Carolina,SC,2024,rel_score_computer,CP,relative,Computer Access: Relative,68.7660526773377,NA,68.7660526773377,higher_better,none,1,acs_ready,"2020-2024 ACS 5-year PUMS, variable LAPTOP, which covers laptop or desktop. There is no separate DESKTOP variable. Person weighted with PWGTP, so the figure is the share of people with a disability who live in a household answering yes, not a count of households. The universe is people in occupied housing units, so group quarters residents are excluded from both the count and the base. Rebuilt 7 August 2026. See ADA-PARC-Website-Design/docs/tech-access-rebuild-plan.qmd."
46,South Dakota,SD,2024,rel_score_computer,CP,relative,Computer Access: Relative,71.20187598884955,NA,71.20187598884955,higher_better,none,1,acs_ready,"2020-2024 ACS 5-year PUMS, variable LAPTOP, which covers laptop or desktop. There is no separate DESKTOP variable. Person weighted with PWGTP, so the figure is the share of people with a disability who live in a household answering yes, not a count of households. The universe is people in occupied housing units, so group quarters residents are excluded from both the count and the base. Rebuilt 7 August 2026. See ADA-PARC-Website-Design/docs/tech-access-rebuild-plan.qmd."
47,Tennessee,TN,2024,rel_score_computer,CP,relative,Computer Access: Relative,67.35625543442727,NA,67.35625543442727,higher_better,none,1,acs_ready,"2020-2024 ACS 5-year PUMS, variable LAPTOP, which covers laptop or desktop. There is no separate DESKTOP variable. Person weighted with PWGTP, so the figure is the share of people with a disability who live in a household answering yes, not a count of households. The universe is people in occupied housing units, so group quarters residents are excluded from both the count and the base. Rebuilt 7 August 2026. See ADA-PARC-Website-Design/docs/tech-access-rebuild-plan.qmd."
48,Texas,TX,2024,rel_score_computer,CP,relative,Computer Access: Relative,72.67647989129492,NA,72.67647989129492,higher_better,none,1,acs_ready,"2020-2024 ACS 5-year PUMS, variable LAPTOP, which covers laptop or desktop. There is no separate DESKTOP variable. Person weighted with PWGTP, so the figure is the share of people with a disability who live in a household answering yes, not a count of households. The universe is people in occupied housing units, so group quarters residents are excluded from both the count and the base. Rebuilt 7 August 2026. See ADA-PARC-Website-Design/docs/tech-access-rebuild-plan.qmd."
49,Utah,UT,2024,rel_score_computer,CP,relative,Computer Access: Relative,84.16705798648168,NA,84.16705798648168,higher_better,none,1,acs_ready,"2020-2024 ACS 5-year PUMS, variable LAPTOP, which covers laptop or desktop. There is no separate DESKTOP variable. Person weighted with PWGTP, so the figure is the share of people with a disability who live in a household answering yes, not a count of households. The universe is people in occupied housing units, so group quarters residents are excluded from both the count and the base. Rebuilt 7 August 2026. See ADA-PARC-Website-Design/docs/tech-access-rebuild-plan.qmd."
50,Vermont,VT,2024,rel_score_computer,CP,relative,Computer Access: Relative,77.14903895687613,NA,77.14903895687613,higher_better,none,1,acs_ready,"2020-2024 ACS 5-year PUMS, variable LAPTOP, which covers laptop or desktop. There is no separate DESKTOP variable. Person weighted with PWGTP, so the figure is the share of people with a disability who live in a household answering yes, not a count of households. The universe is people in occupied housing units, so group quarters residents are excluded from both the count and the base. Rebuilt 7 August 2026. See ADA-PARC-Website-Design/docs/tech-access-rebuild-plan.qmd."
51,Virginia,VA,2024,rel_score_computer,CP,relative,Computer Access: Relative,73.99546930296165,NA,73.99546930296165,higher_better,none,1,acs_ready,"2020-2024 ACS 5-year PUMS, variable LAPTOP, which covers laptop or desktop. There is no separate DESKTOP variable. Person weighted with PWGTP, so the figure is the share of people with a disability who live in a household answering yes, not a count of households. The universe is people in occupied housing units, so group quarters residents are excluded from both the count and the base. Rebuilt 7 August 2026. See ADA-PARC-Website-Design/docs/tech-access-rebuild-plan.qmd."
53,Washington,WA,2024,rel_score_computer,CP,relative,Computer Access: Relative,80.53230448580935,NA,80.53230448580935,higher_better,none,1,acs_ready,"2020-2024 ACS 5-year PUMS, variable LAPTOP, which covers laptop or desktop. There is no separate DESKTOP variable. Person weighted with PWGTP, so the figure is the share of people with a disability who live in a household answering yes, not a count of households. The universe is people in occupied housing units, so group quarters residents are excluded from both the count and the base. Rebuilt 7 August 2026. See ADA-PARC-Website-Design/docs/tech-access-rebuild-plan.qmd."
54,West Virginia,WV,2024,rel_score_computer,CP,relative,Computer Access: Relative,62.54297398038577,NA,62.54297398038577,higher_better,none,1,acs_ready,"2020-2024 ACS 5-year PUMS, variable LAPTOP, which covers laptop or desktop. There is no separate DESKTOP variable. Person weighted with PWGTP, so the figure is the share of people with a disability who live in a household answering yes, not a count of households. The universe is people in occupied housing units, so group quarters residents are excluded from both the count and the base. Rebuilt 7 August 2026. See ADA-PARC-Website-Design/docs/tech-access-rebuild-plan.qmd."
55,Wisconsin,WI,2024,rel_score_computer,CP,relative,Computer Access: Relative,72.68057269562252,NA,72.68057269562252,higher_better,none,1,acs_ready,"2020-2024 ACS 5-year PUMS, variable LAPTOP, which covers laptop or desktop. There is no separate DESKTOP variable. Person weighted with PWGTP, so the figure is the share of people with a disability who live in a household answering yes, not a count of households. The universe is people in occupied housing units, so group quarters residents are excluded from both the count and the base. Rebuilt 7 August 2026. See ADA-PARC-Website-Design/docs/tech-access-rebuild-plan.qmd."
56,Wyoming,WY,2024,rel_score_computer,CP,relative,Computer Access: Relative,74.90536766987279,NA,74.90536766987279,higher_better,none,1,acs_ready,"2020-2024 ACS 5-year PUMS, variable LAPTOP, which covers laptop or desktop. There is no separate DESKTOP variable. Person weighted with PWGTP, so the figure is the share of people with a disability who live in a household answering yes, not a count of households. The universe is people in occupied housing units, so group quarters residents are excluded from both the count and the base. Rebuilt 7 August 2026. See ADA-PARC-Website-Design/docs/tech-access-rebuild-plan.qmd."
72,Puerto Rico,PR,2024,rel_score_computer,CP,relative,Computer Access: Relative,40.97833934027082,NA,40.97833934027082,higher_better,none,1,acs_ready,"2020-2024 ACS 5-year PUMS, variable LAPTOP, which covers laptop or desktop. There is no separate DESKTOP variable. Person weighted with PWGTP, so the figure is the share of people with a disability who live in a household answering yes, not a count of households. The universe is people in occupied housing units, so group quarters residents are excluded from both the count and the base. Rebuilt 7 August 2026. See ADA-PARC-Website-Design/docs/tech-access-rebuild-plan.qmd."
000,United States,USA,2024,eq_score_computer,CP,equity,Computer Access: Equity,72.80273757095317,86.20871110858512,13.40597353763195,lower_better,none,1,acs_ready,"Gap between the disability and non-disability shares within one PUMS household universe. Source, weighting and universe as for rel_score_computer."
01,Alabama,AL,2024,eq_score_computer,CP,equity,Computer Access: Equity,64.30105462408787,79.67533932466576,15.374284700577888,lower_better,none,1,acs_ready,"Gap between the disability and non-disability shares within one PUMS household universe. Source, weighting and universe as for rel_score_computer."
02,Alaska,AK,2024,eq_score_computer,CP,equity,Computer Access: Equity,76.68187606112055,87.27601412811919,10.594138066998639,lower_better,none,1,acs_ready,"Gap between the disability and non-disability shares within one PUMS household universe. Source, weighting and universe as for rel_score_computer."
04,Arizona,AZ,2024,eq_score_computer,CP,equity,Computer Access: Equity,78.623238802795,87.48698649544399,8.863747692648985,lower_better,none,1,acs_ready,"Gap between the disability and non-disability shares within one PUMS household universe. Source, weighting and universe as for rel_score_computer."
05,Arkansas,AR,2024,eq_score_computer,CP,equity,Computer Access: Equity,63.85503630489716,78.6319510920072,14.776914787110037,lower_better,none,1,acs_ready,"Gap between the disability and non-disability shares within one PUMS household universe. Source, weighting and universe as for rel_score_computer."
06,California,CA,2024,eq_score_computer,CP,equity,Computer Access: Equity,77.25321342321503,88.3790367613935,11.125823338178463,lower_better,none,1,acs_ready,"Gap between the disability and non-disability shares within one PUMS household universe. Source, weighting and universe as for rel_score_computer."
08,Colorado,CO,2024,eq_score_computer,CP,equity,Computer Access: Equity,80.58552547137862,90.906424787863,10.320899316484386,lower_better,none,1,acs_ready,"Gap between the disability and non-disability shares within one PUMS household universe. Source, weighting and universe as for rel_score_computer."
09,Connecticut,CT,2024,eq_score_computer,CP,equity,Computer Access: Equity,73.16568506815439,88.90673655936153,15.741051491207145,lower_better,none,1,acs_ready,"Gap between the disability and non-disability shares within one PUMS household universe. Source, weighting and universe as for rel_score_computer."
10,Delaware,DE,2024,eq_score_computer,CP,equity,Computer Access: Equity,76.45806941981252,87.90584283411302,11.4477734143005,lower_better,none,1,acs_ready,"Gap between the disability and non-disability shares within one PUMS household universe. Source, weighting and universe as for rel_score_computer."
11,District of Columbia,DC,2024,eq_score_computer,CP,equity,Computer Access: Equity,69.65473948524796,89.71143417320206,20.056694687954106,lower_better,none,1,acs_ready,"Gap between the disability and non-disability shares within one PUMS household universe. Source, weighting and universe as for rel_score_computer."
12,Florida,FL,2024,eq_score_computer,CP,equity,Computer Access: Equity,76.8787640567638,86.95395577390654,10.075191717142744,lower_better,none,1,acs_ready,"Gap between the disability and non-disability shares within one PUMS household universe. Source, weighting and universe as for rel_score_computer."
13,Georgia,GA,2024,eq_score_computer,CP,equity,Computer Access: Equity,74.07264845151107,86.0961248289233,12.023476377412223,lower_better,none,1,acs_ready,"Gap between the disability and non-disability shares within one PUMS household universe. Source, weighting and universe as for rel_score_computer."
15,Hawaii,HI,2024,eq_score_computer,CP,equity,Computer Access: Equity,76.21808104516019,88.38802963850694,12.169948593346746,lower_better,none,1,acs_ready,"Gap between the disability and non-disability shares within one PUMS household universe. Source, weighting and universe as for rel_score_computer."
16,Idaho,ID,2024,eq_score_computer,CP,equity,Computer Access: Equity,79.38109371606664,89.50356744037772,10.122473724311078,lower_better,none,1,acs_ready,"Gap between the disability and non-disability shares within one PUMS household universe. Source, weighting and universe as for rel_score_computer."
17,Illinois,IL,2024,eq_score_computer,CP,equity,Computer Access: Equity,71.17680108695946,86.81240315924208,15.635602072282623,lower_better,none,1,acs_ready,"Gap between the disability and non-disability shares within one PUMS household universe. Source, weighting and universe as for rel_score_computer."
18,Indiana,IN,2024,eq_score_computer,CP,equity,Computer Access: Equity,69.54356450852539,83.17334585717927,13.629781348653879,lower_better,none,1,acs_ready,"Gap between the disability and non-disability shares within one PUMS household universe. Source, weighting and universe as for rel_score_computer."
19,Iowa,IA,2024,eq_score_computer,CP,equity,Computer Access: Equity,70.98335412892928,84.75106166984108,13.7677075409118,lower_better,none,1,acs_ready,"Gap between the disability and non-disability shares within one PUMS household universe. Source, weighting and universe as for rel_score_computer."
20,Kansas,KS,2024,eq_score_computer,CP,equity,Computer Access: Equity,72.35526798344424,85.78578445314501,13.430516469700777,lower_better,none,1,acs_ready,"Gap between the disability and non-disability shares within one PUMS household universe. Source, weighting and universe as for rel_score_computer."
21,Kentucky,KY,2024,eq_score_computer,CP,equity,Computer Access: Equity,65.56027777495349,81.67170693875774,16.111429163804246,lower_better,none,1,acs_ready,"Gap between the disability and non-disability shares within one PUMS household universe. Source, weighting and universe as for rel_score_computer."
22,Louisiana,LA,2024,eq_score_computer,CP,equity,Computer Access: Equity,63.79857724806351,77.919953666007,14.121376417943495,lower_better,none,1,acs_ready,"Gap between the disability and non-disability shares within one PUMS household universe. Source, weighting and universe as for rel_score_computer."
23,Maine,ME,2024,eq_score_computer,CP,equity,Computer Access: Equity,73.69209790242336,88.17091190760716,14.478814005183807,lower_better,none,1,acs_ready,"Gap between the disability and non-disability shares within one PUMS household universe. Source, weighting and universe as for rel_score_computer."
24,Maryland,MD,2024,eq_score_computer,CP,equity,Computer Access: Equity,78.69971326537087,90.14967253560239,11.449959270231517,lower_better,none,1,acs_ready,"Gap between the disability and non-disability shares within one PUMS household universe. Source, weighting and universe as for rel_score_computer."
25,Massachusetts,MA,2024,eq_score_computer,CP,equity,Computer Access: Equity,73.3087153832756,89.89973899118115,16.591023607905555,lower_better,none,1,acs_ready,"Gap between the disability and non-disability shares within one PUMS household universe. Source, weighting and universe as for rel_score_computer."
26,Michigan,MI,2024,eq_score_computer,CP,equity,Computer Access: Equity,70.82474609894209,85.67674990196619,14.852003803024104,lower_better,none,1,acs_ready,"Gap between the disability and non-disability shares within one PUMS household universe. Source, weighting and universe as for rel_score_computer."
27,Minnesota,MN,2024,eq_score_computer,CP,equity,Computer Access: Equity,74.70959869252752,89.01760865439515,14.308009961867626,lower_better,none,1,acs_ready,"Gap between the disability and non-disability shares within one PUMS household universe. Source, weighting and universe as for rel_score_computer."
28,Mississippi,MS,2024,eq_score_computer,CP,equity,Computer Access: Equity,60.77358203303417,76.10917977783126,15.335597744797091,lower_better,none,1,acs_ready,"Gap between the disability and non-disability shares within one PUMS household universe. Source, weighting and universe as for rel_score_computer."
29,Missouri,MO,2024,eq_score_computer,CP,equity,Computer Access: Equity,69.22754909473926,84.27932975459734,15.051780659858082,lower_better,none,1,acs_ready,"Gap between the disability and non-disability shares within one PUMS household universe. Source, weighting and universe as for rel_score_computer."
30,Montana,MT,2024,eq_score_computer,CP,equity,Computer Access: Equity,74.62874114690428,87.13257629112398,12.503835144219707,lower_better,none,1,acs_ready,"Gap between the disability and non-disability shares within one PUMS household universe. Source, weighting and universe as for rel_score_computer."
31,Nebraska,NE,2024,eq_score_computer,CP,equity,Computer Access: Equity,72.25800385501387,85.86571834322316,13.607714488209297,lower_better,none,1,acs_ready,"Gap between the disability and non-disability shares within one PUMS household universe. Source, weighting and universe as for rel_score_computer."
32,Nevada,NV,2024,eq_score_computer,CP,equity,Computer Access: Equity,77.72239149352394,86.23347745613003,8.511085962606089,lower_better,none,1,acs_ready,"Gap between the disability and non-disability shares within one PUMS household universe. Source, weighting and universe as for rel_score_computer."
33,New Hampshire,NH,2024,eq_score_computer,CP,equity,Computer Access: Equity,79.89250445562867,91.16682689444534,11.274322438816668,lower_better,none,1,acs_ready,"Gap between the disability and non-disability shares within one PUMS household universe. Source, weighting and universe as for rel_score_computer."
34,New Jersey,NJ,2024,eq_score_computer,CP,equity,Computer Access: Equity,75.55404601328533,89.23155081422067,13.677504800935338,lower_better,none,1,acs_ready,"Gap between the disability and non-disability shares within one PUMS household universe. Source, weighting and universe as for rel_score_computer."
35,New Mexico,NM,2024,eq_score_computer,CP,equity,Computer Access: Equity,69.11381246889884,82.39644027386431,13.282627804965472,lower_better,none,1,acs_ready,"Gap between the disability and non-disability shares within one PUMS household universe. Source, weighting and universe as for rel_score_computer."
36,New York,NY,2024,eq_score_computer,CP,equity,Computer Access: Equity,70.44168435594192,85.87365864472207,15.431974288780154,lower_better,none,1,acs_ready,"Gap between the disability and non-disability shares within one PUMS household universe. Source, weighting and universe as for rel_score_computer."
37,North Carolina,NC,2024,eq_score_computer,CP,equity,Computer Access: Equity,70.98532156110915,85.09350726383909,14.10818570272994,lower_better,none,1,acs_ready,"Gap between the disability and non-disability shares within one PUMS household universe. Source, weighting and universe as for rel_score_computer."
38,North Dakota,ND,2024,eq_score_computer,CP,equity,Computer Access: Equity,69.94710654892644,86.89195755325339,16.94485100432695,lower_better,none,1,acs_ready,"Gap between the disability and non-disability shares within one PUMS household universe. Source, weighting and universe as for rel_score_computer."
39,Ohio,OH,2024,eq_score_computer,CP,equity,Computer Access: Equity,69.9027870858708,84.55106738129636,14.648280295425565,lower_better,none,1,acs_ready,"Gap between the disability and non-disability shares within one PUMS household universe. Source, weighting and universe as for rel_score_computer."
40,Oklahoma,OK,2024,eq_score_computer,CP,equity,Computer Access: Equity,68.54155083060034,81.22987208915286,12.68832125855252,lower_better,none,1,acs_ready,"Gap between the disability and non-disability shares within one PUMS household universe. Source, weighting and universe as for rel_score_computer."
41,Oregon,OR,2024,eq_score_computer,CP,equity,Computer Access: Equity,78.6513201304198,89.41979010070297,10.768469970283164,lower_better,none,1,acs_ready,"Gap between the disability and non-disability shares within one PUMS household universe. Source, weighting and universe as for rel_score_computer."
42,Pennsylvania,PA,2024,eq_score_computer,CP,equity,Computer Access: Equity,70.72264739308368,85.99423770109037,15.271590308006694,lower_better,none,1,acs_ready,"Gap between the disability and non-disability shares within one PUMS household universe. Source, weighting and universe as for rel_score_computer."
44,Rhode Island,RI,2024,eq_score_computer,CP,equity,Computer Access: Equity,71.0578360908784,86.90128073978319,15.843444648904793,lower_better,none,1,acs_ready,"Gap between the disability and non-disability shares within one PUMS household universe. Source, weighting and universe as for rel_score_computer."
45,South Carolina,SC,2024,eq_score_computer,CP,equity,Computer Access: Equity,68.7660526773377,82.81288705942349,14.046834382085791,lower_better,none,1,acs_ready,"Gap between the disability and non-disability shares within one PUMS household universe. Source, weighting and universe as for rel_score_computer."
46,South Dakota,SD,2024,eq_score_computer,CP,equity,Computer Access: Equity,71.20187598884955,84.15657096938199,12.954694980532437,lower_better,none,1,acs_ready,"Gap between the disability and non-disability shares within one PUMS household universe. Source, weighting and universe as for rel_score_computer."
47,Tennessee,TN,2024,eq_score_computer,CP,equity,Computer Access: Equity,67.35625543442727,82.55027771758617,15.194022283158901,lower_better,none,1,acs_ready,"Gap between the disability and non-disability shares within one PUMS household universe. Source, weighting and universe as for rel_score_computer."
48,Texas,TX,2024,eq_score_computer,CP,equity,Computer Access: Equity,72.67647989129492,84.02362671110303,11.347146819808117,lower_better,none,1,acs_ready,"Gap between the disability and non-disability shares within one PUMS household universe. Source, weighting and universe as for rel_score_computer."
49,Utah,UT,2024,eq_score_computer,CP,equity,Computer Access: Equity,84.16705798648168,92.82182900634022,8.654771019858543,lower_better,none,1,acs_ready,"Gap between the disability and non-disability shares within one PUMS household universe. Source, weighting and universe as for rel_score_computer."
50,Vermont,VT,2024,eq_score_computer,CP,equity,Computer Access: Equity,77.14903895687613,89.38029601597499,12.231257059098866,lower_better,none,1,acs_ready,"Gap between the disability and non-disability shares within one PUMS household universe. Source, weighting and universe as for rel_score_computer."
51,Virginia,VA,2024,eq_score_computer,CP,equity,Computer Access: Equity,73.99546930296165,88.2408660059854,14.245396703023744,lower_better,none,1,acs_ready,"Gap between the disability and non-disability shares within one PUMS household universe. Source, weighting and universe as for rel_score_computer."
53,Washington,WA,2024,eq_score_computer,CP,equity,Computer Access: Equity,80.53230448580935,90.62435259002356,10.092048104214214,lower_better,none,1,acs_ready,"Gap between the disability and non-disability shares within one PUMS household universe. Source, weighting and universe as for rel_score_computer."
54,West Virginia,WV,2024,eq_score_computer,CP,equity,Computer Access: Equity,62.54297398038577,79.57000348436553,17.02702950397976,lower_better,none,1,acs_ready,"Gap between the disability and non-disability shares within one PUMS household universe. Source, weighting and universe as for rel_score_computer."
55,Wisconsin,WI,2024,eq_score_computer,CP,equity,Computer Access: Equity,72.68057269562252,86.12317368970719,13.442600994084671,lower_better,none,1,acs_ready,"Gap between the disability and non-disability shares within one PUMS household universe. Source, weighting and universe as for rel_score_computer."
56,Wyoming,WY,2024,eq_score_computer,CP,equity,Computer Access: Equity,74.90536766987279,87.08062421389445,12.175256544021664,lower_better,none,1,acs_ready,"Gap between the disability and non-disability shares within one PUMS household universe. Source, weighting and universe as for rel_score_computer."
72,Puerto Rico,PR,2024,eq_score_computer,CP,equity,Computer Access: Equity,40.97833934027082,64.11730199576087,23.138962655490047,lower_better,none,1,acs_ready,"Gap between the disability and non-disability shares within one PUMS household universe. Source, weighting and universe as for rel_score_computer."
000,United States,USA,2024,rel_score_smartphone,CP,relative,Smartphone Access: Relative,85.17715318056746,NA,85.17715318056746,higher_better,none,1,acs_ready,"2020-2024 ACS 5-year PUMS, variable SMARTPHONE. Person weighted with PWGTP, so the figure is the share of people with a disability who live in a household answering yes, not a count of households. Shares one household universe with LAPTOP and ACCESSINET, so all three denominators are identical in every jurisdiction by construction. Rebuilt 7 August 2026. See ADA-PARC-Website-Design/docs/tech-access-rebuild-plan.qmd."
01,Alabama,AL,2024,rel_score_smartphone,CP,relative,Smartphone Access: Relative,83.62249651391909,NA,83.62249651391909,higher_better,none,1,acs_ready,"2020-2024 ACS 5-year PUMS, variable SMARTPHONE. Person weighted with PWGTP, so the figure is the share of people with a disability who live in a household answering yes, not a count of households. Shares one household universe with LAPTOP and ACCESSINET, so all three denominators are identical in every jurisdiction by construction. Rebuilt 7 August 2026. See ADA-PARC-Website-Design/docs/tech-access-rebuild-plan.qmd."
02,Alaska,AK,2024,rel_score_smartphone,CP,relative,Smartphone Access: Relative,90.50403225806451,NA,90.50403225806451,higher_better,none,1,acs_ready,"2020-2024 ACS 5-year PUMS, variable SMARTPHONE. Person weighted with PWGTP, so the figure is the share of people with a disability who live in a household answering yes, not a count of households. Shares one household universe with LAPTOP and ACCESSINET, so all three denominators are identical in every jurisdiction by construction. Rebuilt 7 August 2026. See ADA-PARC-Website-Design/docs/tech-access-rebuild-plan.qmd."
04,Arizona,AZ,2024,rel_score_smartphone,CP,relative,Smartphone Access: Relative,87.76223633180055,NA,87.76223633180055,higher_better,none,1,acs_ready,"2020-2024 ACS 5-year PUMS, variable SMARTPHONE. Person weighted with PWGTP, so the figure is the share of people with a disability who live in a household answering yes, not a count of households. Shares one household universe with LAPTOP and ACCESSINET, so all three denominators are identical in every jurisdiction by construction. Rebuilt 7 August 2026. See ADA-PARC-Website-Design/docs/tech-access-rebuild-plan.qmd."
05,Arkansas,AR,2024,rel_score_smartphone,CP,relative,Smartphone Access: Relative,84.6629449207953,NA,84.6629449207953,higher_better,none,1,acs_ready,"2020-2024 ACS 5-year PUMS, variable SMARTPHONE. Person weighted with PWGTP, so the figure is the share of people with a disability who live in a household answering yes, not a count of households. Shares one household universe with LAPTOP and ACCESSINET, so all three denominators are identical in every jurisdiction by construction. Rebuilt 7 August 2026. See ADA-PARC-Website-Design/docs/tech-access-rebuild-plan.qmd."
06,California,CA,2024,rel_score_smartphone,CP,relative,Smartphone Access: Relative,88.52729081835787,NA,88.52729081835787,higher_better,none,1,acs_ready,"2020-2024 ACS 5-year PUMS, variable SMARTPHONE. Person weighted with PWGTP, so the figure is the share of people with a disability who live in a household answering yes, not a count of households. Shares one household universe with LAPTOP and ACCESSINET, so all three denominators are identical in every jurisdiction by construction. Rebuilt 7 August 2026. See ADA-PARC-Website-Design/docs/tech-access-rebuild-plan.qmd."
08,Colorado,CO,2024,rel_score_smartphone,CP,relative,Smartphone Access: Relative,87.80964545894564,NA,87.80964545894564,higher_better,none,1,acs_ready,"2020-2024 ACS 5-year PUMS, variable SMARTPHONE. Person weighted with PWGTP, so the figure is the share of people with a disability who live in a household answering yes, not a count of households. Shares one household universe with LAPTOP and ACCESSINET, so all three denominators are identical in every jurisdiction by construction. Rebuilt 7 August 2026. See ADA-PARC-Website-Design/docs/tech-access-rebuild-plan.qmd."
09,Connecticut,CT,2024,rel_score_smartphone,CP,relative,Smartphone Access: Relative,83.00691698424265,NA,83.00691698424265,higher_better,none,1,acs_ready,"2020-2024 ACS 5-year PUMS, variable SMARTPHONE. Person weighted with PWGTP, so the figure is the share of people with a disability who live in a household answering yes, not a count of households. Shares one household universe with LAPTOP and ACCESSINET, so all three denominators are identical in every jurisdiction by construction. Rebuilt 7 August 2026. See ADA-PARC-Website-Design/docs/tech-access-rebuild-plan.qmd."
10,Delaware,DE,2024,rel_score_smartphone,CP,relative,Smartphone Access: Relative,85.96691881718485,NA,85.96691881718485,higher_better,none,1,acs_ready,"2020-2024 ACS 5-year PUMS, variable SMARTPHONE. Person weighted with PWGTP, so the figure is the share of people with a disability who live in a household answering yes, not a count of households. Shares one household universe with LAPTOP and ACCESSINET, so all three denominators are identical in every jurisdiction by construction. Rebuilt 7 August 2026. See ADA-PARC-Website-Design/docs/tech-access-rebuild-plan.qmd."
11,District of Columbia,DC,2024,rel_score_smartphone,CP,relative,Smartphone Access: Relative,85.09869568249982,NA,85.09869568249982,higher_better,none,1,acs_ready,"2020-2024 ACS 5-year PUMS, variable SMARTPHONE. Person weighted with PWGTP, so the figure is the share of people with a disability who live in a household answering yes, not a count of households. Shares one household universe with LAPTOP and ACCESSINET, so all three denominators are identical in every jurisdiction by construction. Rebuilt 7 August 2026. See ADA-PARC-Website-Design/docs/tech-access-rebuild-plan.qmd."
12,Florida,FL,2024,rel_score_smartphone,CP,relative,Smartphone Access: Relative,87.31606767210681,NA,87.31606767210681,higher_better,none,1,acs_ready,"2020-2024 ACS 5-year PUMS, variable SMARTPHONE. Person weighted with PWGTP, so the figure is the share of people with a disability who live in a household answering yes, not a count of households. Shares one household universe with LAPTOP and ACCESSINET, so all three denominators are identical in every jurisdiction by construction. Rebuilt 7 August 2026. See ADA-PARC-Website-Design/docs/tech-access-rebuild-plan.qmd."
13,Georgia,GA,2024,rel_score_smartphone,CP,relative,Smartphone Access: Relative,86.76849434664992,NA,86.76849434664992,higher_better,none,1,acs_ready,"2020-2024 ACS 5-year PUMS, variable SMARTPHONE. Person weighted with PWGTP, so the figure is the share of people with a disability who live in a household answering yes, not a count of households. Shares one household universe with LAPTOP and ACCESSINET, so all three denominators are identical in every jurisdiction by construction. Rebuilt 7 August 2026. See ADA-PARC-Website-Design/docs/tech-access-rebuild-plan.qmd."
15,Hawaii,HI,2024,rel_score_smartphone,CP,relative,Smartphone Access: Relative,87.4105703701609,NA,87.4105703701609,higher_better,none,1,acs_ready,"2020-2024 ACS 5-year PUMS, variable SMARTPHONE. Person weighted with PWGTP, so the figure is the share of people with a disability who live in a household answering yes, not a count of households. Shares one household universe with LAPTOP and ACCESSINET, so all three denominators are identical in every jurisdiction by construction. Rebuilt 7 August 2026. See ADA-PARC-Website-Design/docs/tech-access-rebuild-plan.qmd."
16,Idaho,ID,2024,rel_score_smartphone,CP,relative,Smartphone Access: Relative,87.81199635758183,NA,87.81199635758183,higher_better,none,1,acs_ready,"2020-2024 ACS 5-year PUMS, variable SMARTPHONE. Person weighted with PWGTP, so the figure is the share of people with a disability who live in a household answering yes, not a count of households. Shares one household universe with LAPTOP and ACCESSINET, so all three denominators are identical in every jurisdiction by construction. Rebuilt 7 August 2026. See ADA-PARC-Website-Design/docs/tech-access-rebuild-plan.qmd."
17,Illinois,IL,2024,rel_score_smartphone,CP,relative,Smartphone Access: Relative,83.91339169707759,NA,83.91339169707759,higher_better,none,1,acs_ready,"2020-2024 ACS 5-year PUMS, variable SMARTPHONE. Person weighted with PWGTP, so the figure is the share of people with a disability who live in a household answering yes, not a count of households. Shares one household universe with LAPTOP and ACCESSINET, so all three denominators are identical in every jurisdiction by construction. Rebuilt 7 August 2026. See ADA-PARC-Website-Design/docs/tech-access-rebuild-plan.qmd."
18,Indiana,IN,2024,rel_score_smartphone,CP,relative,Smartphone Access: Relative,84.11401087987117,NA,84.11401087987117,higher_better,none,1,acs_ready,"2020-2024 ACS 5-year PUMS, variable SMARTPHONE. Person weighted with PWGTP, so the figure is the share of people with a disability who live in a household answering yes, not a count of households. Shares one household universe with LAPTOP and ACCESSINET, so all three denominators are identical in every jurisdiction by construction. Rebuilt 7 August 2026. See ADA-PARC-Website-Design/docs/tech-access-rebuild-plan.qmd."
19,Iowa,IA,2024,rel_score_smartphone,CP,relative,Smartphone Access: Relative,82.65391089578203,NA,82.65391089578203,higher_better,none,1,acs_ready,"2020-2024 ACS 5-year PUMS, variable SMARTPHONE. Person weighted with PWGTP, so the figure is the share of people with a disability who live in a household answering yes, not a count of households. Shares one household universe with LAPTOP and ACCESSINET, so all three denominators are identical in every jurisdiction by construction. Rebuilt 7 August 2026. See ADA-PARC-Website-Design/docs/tech-access-rebuild-plan.qmd."
20,Kansas,KS,2024,rel_score_smartphone,CP,relative,Smartphone Access: Relative,84.34143657987111,NA,84.34143657987111,higher_better,none,1,acs_ready,"2020-2024 ACS 5-year PUMS, variable SMARTPHONE. Person weighted with PWGTP, so the figure is the share of people with a disability who live in a household answering yes, not a count of households. Shares one household universe with LAPTOP and ACCESSINET, so all three denominators are identical in every jurisdiction by construction. Rebuilt 7 August 2026. See ADA-PARC-Website-Design/docs/tech-access-rebuild-plan.qmd."
21,Kentucky,KY,2024,rel_score_smartphone,CP,relative,Smartphone Access: Relative,82.7575162933515,NA,82.7575162933515,higher_better,none,1,acs_ready,"2020-2024 ACS 5-year PUMS, variable SMARTPHONE. Person weighted with PWGTP, so the figure is the share of people with a disability who live in a household answering yes, not a count of households. Shares one household universe with LAPTOP and ACCESSINET, so all three denominators are identical in every jurisdiction by construction. Rebuilt 7 August 2026. See ADA-PARC-Website-Design/docs/tech-access-rebuild-plan.qmd."
22,Louisiana,LA,2024,rel_score_smartphone,CP,relative,Smartphone Access: Relative,84.00558545582487,NA,84.00558545582487,higher_better,none,1,acs_ready,"2020-2024 ACS 5-year PUMS, variable SMARTPHONE. Person weighted with PWGTP, so the figure is the share of people with a disability who live in a household answering yes, not a count of households. Shares one household universe with LAPTOP and ACCESSINET, so all three denominators are identical in every jurisdiction by construction. Rebuilt 7 August 2026. See ADA-PARC-Website-Design/docs/tech-access-rebuild-plan.qmd."
23,Maine,ME,2024,rel_score_smartphone,CP,relative,Smartphone Access: Relative,80.75181391279257,NA,80.75181391279257,higher_better,none,1,acs_ready,"2020-2024 ACS 5-year PUMS, variable SMARTPHONE. Person weighted with PWGTP, so the figure is the share of people with a disability who live in a household answering yes, not a count of households. Shares one household universe with LAPTOP and ACCESSINET, so all three denominators are identical in every jurisdiction by construction. Rebuilt 7 August 2026. See ADA-PARC-Website-Design/docs/tech-access-rebuild-plan.qmd."
24,Maryland,MD,2024,rel_score_smartphone,CP,relative,Smartphone Access: Relative,86.41313440757857,NA,86.41313440757857,higher_better,none,1,acs_ready,"2020-2024 ACS 5-year PUMS, variable SMARTPHONE. Person weighted with PWGTP, so the figure is the share of people with a disability who live in a household answering yes, not a count of households. Shares one household universe with LAPTOP and ACCESSINET, so all three denominators are identical in every jurisdiction by construction. Rebuilt 7 August 2026. See ADA-PARC-Website-Design/docs/tech-access-rebuild-plan.qmd."
25,Massachusetts,MA,2024,rel_score_smartphone,CP,relative,Smartphone Access: Relative,82.90064443713351,NA,82.90064443713351,higher_better,none,1,acs_ready,"2020-2024 ACS 5-year PUMS, variable SMARTPHONE. Person weighted with PWGTP, so the figure is the share of people with a disability who live in a household answering yes, not a count of households. Shares one household universe with LAPTOP and ACCESSINET, so all three denominators are identical in every jurisdiction by construction. Rebuilt 7 August 2026. See ADA-PARC-Website-Design/docs/tech-access-rebuild-plan.qmd."
26,Michigan,MI,2024,rel_score_smartphone,CP,relative,Smartphone Access: Relative,83.86059667105914,NA,83.86059667105914,higher_better,none,1,acs_ready,"2020-2024 ACS 5-year PUMS, variable SMARTPHONE. Person weighted with PWGTP, so the figure is the share of people with a disability who live in a household answering yes, not a count of households. Shares one household universe with LAPTOP and ACCESSINET, so all three denominators are identical in every jurisdiction by construction. Rebuilt 7 August 2026. See ADA-PARC-Website-Design/docs/tech-access-rebuild-plan.qmd."
27,Minnesota,MN,2024,rel_score_smartphone,CP,relative,Smartphone Access: Relative,84.00683223383932,NA,84.00683223383932,higher_better,none,1,acs_ready,"2020-2024 ACS 5-year PUMS, variable SMARTPHONE. Person weighted with PWGTP, so the figure is the share of people with a disability who live in a household answering yes, not a count of households. Shares one household universe with LAPTOP and ACCESSINET, so all three denominators are identical in every jurisdiction by construction. Rebuilt 7 August 2026. See ADA-PARC-Website-Design/docs/tech-access-rebuild-plan.qmd."
28,Mississippi,MS,2024,rel_score_smartphone,CP,relative,Smartphone Access: Relative,83.58636628031809,NA,83.58636628031809,higher_better,none,1,acs_ready,"2020-2024 ACS 5-year PUMS, variable SMARTPHONE. Person weighted with PWGTP, so the figure is the share of people with a disability who live in a household answering yes, not a count of households. Shares one household universe with LAPTOP and ACCESSINET, so all three denominators are identical in every jurisdiction by construction. Rebuilt 7 August 2026. See ADA-PARC-Website-Design/docs/tech-access-rebuild-plan.qmd."
29,Missouri,MO,2024,rel_score_smartphone,CP,relative,Smartphone Access: Relative,84.15352015835452,NA,84.15352015835452,higher_better,none,1,acs_ready,"2020-2024 ACS 5-year PUMS, variable SMARTPHONE. Person weighted with PWGTP, so the figure is the share of people with a disability who live in a household answering yes, not a count of households. Shares one household universe with LAPTOP and ACCESSINET, so all three denominators are identical in every jurisdiction by construction. Rebuilt 7 August 2026. See ADA-PARC-Website-Design/docs/tech-access-rebuild-plan.qmd."
30,Montana,MT,2024,rel_score_smartphone,CP,relative,Smartphone Access: Relative,81.37803670702917,NA,81.37803670702917,higher_better,none,1,acs_ready,"2020-2024 ACS 5-year PUMS, variable SMARTPHONE. Person weighted with PWGTP, so the figure is the share of people with a disability who live in a household answering yes, not a count of households. Shares one household universe with LAPTOP and ACCESSINET, so all three denominators are identical in every jurisdiction by construction. Rebuilt 7 August 2026. See ADA-PARC-Website-Design/docs/tech-access-rebuild-plan.qmd."
31,Nebraska,NE,2024,rel_score_smartphone,CP,relative,Smartphone Access: Relative,83.05717130878148,NA,83.05717130878148,higher_better,none,1,acs_ready,"2020-2024 ACS 5-year PUMS, variable SMARTPHONE. Person weighted with PWGTP, so the figure is the share of people with a disability who live in a household answering yes, not a count of households. Shares one household universe with LAPTOP and ACCESSINET, so all three denominators are identical in every jurisdiction by construction. Rebuilt 7 August 2026. See ADA-PARC-Website-Design/docs/tech-access-rebuild-plan.qmd."
32,Nevada,NV,2024,rel_score_smartphone,CP,relative,Smartphone Access: Relative,89.42935799617474,NA,89.42935799617474,higher_better,none,1,acs_ready,"2020-2024 ACS 5-year PUMS, variable SMARTPHONE. Person weighted with PWGTP, so the figure is the share of people with a disability who live in a household answering yes, not a count of households. Shares one household universe with LAPTOP and ACCESSINET, so all three denominators are identical in every jurisdiction by construction. Rebuilt 7 August 2026. See ADA-PARC-Website-Design/docs/tech-access-rebuild-plan.qmd."
33,New Hampshire,NH,2024,rel_score_smartphone,CP,relative,Smartphone Access: Relative,83.65092531357537,NA,83.65092531357537,higher_better,none,1,acs_ready,"2020-2024 ACS 5-year PUMS, variable SMARTPHONE. Person weighted with PWGTP, so the figure is the share of people with a disability who live in a household answering yes, not a count of households. Shares one household universe with LAPTOP and ACCESSINET, so all three denominators are identical in every jurisdiction by construction. Rebuilt 7 August 2026. See ADA-PARC-Website-Design/docs/tech-access-rebuild-plan.qmd."
34,New Jersey,NJ,2024,rel_score_smartphone,CP,relative,Smartphone Access: Relative,84.32384352477443,NA,84.32384352477443,higher_better,none,1,acs_ready,"2020-2024 ACS 5-year PUMS, variable SMARTPHONE. Person weighted with PWGTP, so the figure is the share of people with a disability who live in a household answering yes, not a count of households. Shares one household universe with LAPTOP and ACCESSINET, so all three denominators are identical in every jurisdiction by construction. Rebuilt 7 August 2026. See ADA-PARC-Website-Design/docs/tech-access-rebuild-plan.qmd."
35,New Mexico,NM,2024,rel_score_smartphone,CP,relative,Smartphone Access: Relative,82.93424326437763,NA,82.93424326437763,higher_better,none,1,acs_ready,"2020-2024 ACS 5-year PUMS, variable SMARTPHONE. Person weighted with PWGTP, so the figure is the share of people with a disability who live in a household answering yes, not a count of households. Shares one household universe with LAPTOP and ACCESSINET, so all three denominators are identical in every jurisdiction by construction. Rebuilt 7 August 2026. See ADA-PARC-Website-Design/docs/tech-access-rebuild-plan.qmd."
36,New York,NY,2024,rel_score_smartphone,CP,relative,Smartphone Access: Relative,82.35305266349944,NA,82.35305266349944,higher_better,none,1,acs_ready,"2020-2024 ACS 5-year PUMS, variable SMARTPHONE. Person weighted with PWGTP, so the figure is the share of people with a disability who live in a household answering yes, not a count of households. Shares one household universe with LAPTOP and ACCESSINET, so all three denominators are identical in every jurisdiction by construction. Rebuilt 7 August 2026. See ADA-PARC-Website-Design/docs/tech-access-rebuild-plan.qmd."
37,North Carolina,NC,2024,rel_score_smartphone,CP,relative,Smartphone Access: Relative,84.00200360194918,NA,84.00200360194918,higher_better,none,1,acs_ready,"2020-2024 ACS 5-year PUMS, variable SMARTPHONE. Person weighted with PWGTP, so the figure is the share of people with a disability who live in a household answering yes, not a count of households. Shares one household universe with LAPTOP and ACCESSINET, so all three denominators are identical in every jurisdiction by construction. Rebuilt 7 August 2026. See ADA-PARC-Website-Design/docs/tech-access-rebuild-plan.qmd."
38,North Dakota,ND,2024,rel_score_smartphone,CP,relative,Smartphone Access: Relative,79.46008337442288,NA,79.46008337442288,higher_better,none,1,acs_ready,"2020-2024 ACS 5-year PUMS, variable SMARTPHONE. Person weighted with PWGTP, so the figure is the share of people with a disability who live in a household answering yes, not a count of households. Shares one household universe with LAPTOP and ACCESSINET, so all three denominators are identical in every jurisdiction by construction. Rebuilt 7 August 2026. See ADA-PARC-Website-Design/docs/tech-access-rebuild-plan.qmd."
39,Ohio,OH,2024,rel_score_smartphone,CP,relative,Smartphone Access: Relative,82.57160756432297,NA,82.57160756432297,higher_better,none,1,acs_ready,"2020-2024 ACS 5-year PUMS, variable SMARTPHONE. Person weighted with PWGTP, so the figure is the share of people with a disability who live in a household answering yes, not a count of households. Shares one household universe with LAPTOP and ACCESSINET, so all three denominators are identical in every jurisdiction by construction. Rebuilt 7 August 2026. See ADA-PARC-Website-Design/docs/tech-access-rebuild-plan.qmd."
40,Oklahoma,OK,2024,rel_score_smartphone,CP,relative,Smartphone Access: Relative,86.88864573639032,NA,86.88864573639032,higher_better,none,1,acs_ready,"2020-2024 ACS 5-year PUMS, variable SMARTPHONE. Person weighted with PWGTP, so the figure is the share of people with a disability who live in a household answering yes, not a count of households. Shares one household universe with LAPTOP and ACCESSINET, so all three denominators are identical in every jurisdiction by construction. Rebuilt 7 August 2026. See ADA-PARC-Website-Design/docs/tech-access-rebuild-plan.qmd."
41,Oregon,OR,2024,rel_score_smartphone,CP,relative,Smartphone Access: Relative,87.37692676599428,NA,87.37692676599428,higher_better,none,1,acs_ready,"2020-2024 ACS 5-year PUMS, variable SMARTPHONE. Person weighted with PWGTP, so the figure is the share of people with a disability who live in a household answering yes, not a count of households. Shares one household universe with LAPTOP and ACCESSINET, so all three denominators are identical in every jurisdiction by construction. Rebuilt 7 August 2026. See ADA-PARC-Website-Design/docs/tech-access-rebuild-plan.qmd."
42,Pennsylvania,PA,2024,rel_score_smartphone,CP,relative,Smartphone Access: Relative,80.76306817227538,NA,80.76306817227538,higher_better,none,1,acs_ready,"2020-2024 ACS 5-year PUMS, variable SMARTPHONE. Person weighted with PWGTP, so the figure is the share of people with a disability who live in a household answering yes, not a count of households. Shares one household universe with LAPTOP and ACCESSINET, so all three denominators are identical in every jurisdiction by construction. Rebuilt 7 August 2026. See ADA-PARC-Website-Design/docs/tech-access-rebuild-plan.qmd."
44,Rhode Island,RI,2024,rel_score_smartphone,CP,relative,Smartphone Access: Relative,82.33149803262195,NA,82.33149803262195,higher_better,none,1,acs_ready,"2020-2024 ACS 5-year PUMS, variable SMARTPHONE. Person weighted with PWGTP, so the figure is the share of people with a disability who live in a household answering yes, not a count of households. Shares one household universe with LAPTOP and ACCESSINET, so all three denominators are identical in every jurisdiction by construction. Rebuilt 7 August 2026. See ADA-PARC-Website-Design/docs/tech-access-rebuild-plan.qmd."
45,South Carolina,SC,2024,rel_score_smartphone,CP,relative,Smartphone Access: Relative,84.09339787809323,NA,84.09339787809323,higher_better,none,1,acs_ready,"2020-2024 ACS 5-year PUMS, variable SMARTPHONE. Person weighted with PWGTP, so the figure is the share of people with a disability who live in a household answering yes, not a count of households. Shares one household universe with LAPTOP and ACCESSINET, so all three denominators are identical in every jurisdiction by construction. Rebuilt 7 August 2026. See ADA-PARC-Website-Design/docs/tech-access-rebuild-plan.qmd."
46,South Dakota,SD,2024,rel_score_smartphone,CP,relative,Smartphone Access: Relative,81.2636555413245,NA,81.2636555413245,higher_better,none,1,acs_ready,"2020-2024 ACS 5-year PUMS, variable SMARTPHONE. Person weighted with PWGTP, so the figure is the share of people with a disability who live in a household answering yes, not a count of households. Shares one household universe with LAPTOP and ACCESSINET, so all three denominators are identical in every jurisdiction by construction. Rebuilt 7 August 2026. See ADA-PARC-Website-Design/docs/tech-access-rebuild-plan.qmd."
47,Tennessee,TN,2024,rel_score_smartphone,CP,relative,Smartphone Access: Relative,83.52969649181189,NA,83.52969649181189,higher_better,none,1,acs_ready,"2020-2024 ACS 5-year PUMS, variable SMARTPHONE. Person weighted with PWGTP, so the figure is the share of people with a disability who live in a household answering yes, not a count of households. Shares one household universe with LAPTOP and ACCESSINET, so all three denominators are identical in every jurisdiction by construction. Rebuilt 7 August 2026. See ADA-PARC-Website-Design/docs/tech-access-rebuild-plan.qmd."
48,Texas,TX,2024,rel_score_smartphone,CP,relative,Smartphone Access: Relative,88.4622806759161,NA,88.4622806759161,higher_better,none,1,acs_ready,"2020-2024 ACS 5-year PUMS, variable SMARTPHONE. Person weighted with PWGTP, so the figure is the share of people with a disability who live in a household answering yes, not a count of households. Shares one household universe with LAPTOP and ACCESSINET, so all three denominators are identical in every jurisdiction by construction. Rebuilt 7 August 2026. See ADA-PARC-Website-Design/docs/tech-access-rebuild-plan.qmd."
49,Utah,UT,2024,rel_score_smartphone,CP,relative,Smartphone Access: Relative,90.73696193525436,NA,90.73696193525436,higher_better,none,1,acs_ready,"2020-2024 ACS 5-year PUMS, variable SMARTPHONE. Person weighted with PWGTP, so the figure is the share of people with a disability who live in a household answering yes, not a count of households. Shares one household universe with LAPTOP and ACCESSINET, so all three denominators are identical in every jurisdiction by construction. Rebuilt 7 August 2026. See ADA-PARC-Website-Design/docs/tech-access-rebuild-plan.qmd."
50,Vermont,VT,2024,rel_score_smartphone,CP,relative,Smartphone Access: Relative,76.35112703627809,NA,76.35112703627809,higher_better,none,1,acs_ready,"2020-2024 ACS 5-year PUMS, variable SMARTPHONE. Person weighted with PWGTP, so the figure is the share of people with a disability who live in a household answering yes, not a count of households. Shares one household universe with LAPTOP and ACCESSINET, so all three denominators are identical in every jurisdiction by construction. Rebuilt 7 August 2026. See ADA-PARC-Website-Design/docs/tech-access-rebuild-plan.qmd."
51,Virginia,VA,2024,rel_score_smartphone,CP,relative,Smartphone Access: Relative,84.35277180148827,NA,84.35277180148827,higher_better,none,1,acs_ready,"2020-2024 ACS 5-year PUMS, variable SMARTPHONE. Person weighted with PWGTP, so the figure is the share of people with a disability who live in a household answering yes, not a count of households. Shares one household universe with LAPTOP and ACCESSINET, so all three denominators are identical in every jurisdiction by construction. Rebuilt 7 August 2026. See ADA-PARC-Website-Design/docs/tech-access-rebuild-plan.qmd."
53,Washington,WA,2024,rel_score_smartphone,CP,relative,Smartphone Access: Relative,87.65274623096275,NA,87.65274623096275,higher_better,none,1,acs_ready,"2020-2024 ACS 5-year PUMS, variable SMARTPHONE. Person weighted with PWGTP, so the figure is the share of people with a disability who live in a household answering yes, not a count of households. Shares one household universe with LAPTOP and ACCESSINET, so all three denominators are identical in every jurisdiction by construction. Rebuilt 7 August 2026. See ADA-PARC-Website-Design/docs/tech-access-rebuild-plan.qmd."
54,West Virginia,WV,2024,rel_score_smartphone,CP,relative,Smartphone Access: Relative,76.65593071086502,NA,76.65593071086502,higher_better,none,1,acs_ready,"2020-2024 ACS 5-year PUMS, variable SMARTPHONE. Person weighted with PWGTP, so the figure is the share of people with a disability who live in a household answering yes, not a count of households. Shares one household universe with LAPTOP and ACCESSINET, so all three denominators are identical in every jurisdiction by construction. Rebuilt 7 August 2026. See ADA-PARC-Website-Design/docs/tech-access-rebuild-plan.qmd."
55,Wisconsin,WI,2024,rel_score_smartphone,CP,relative,Smartphone Access: Relative,82.07567046925323,NA,82.07567046925323,higher_better,none,1,acs_ready,"2020-2024 ACS 5-year PUMS, variable SMARTPHONE. Person weighted with PWGTP, so the figure is the share of people with a disability who live in a household answering yes, not a count of households. Shares one household universe with LAPTOP and ACCESSINET, so all three denominators are identical in every jurisdiction by construction. Rebuilt 7 August 2026. See ADA-PARC-Website-Design/docs/tech-access-rebuild-plan.qmd."
56,Wyoming,WY,2024,rel_score_smartphone,CP,relative,Smartphone Access: Relative,84.192367359602855,NA,84.192367359602855,higher_better,none,1,acs_ready,"2020-2024 ACS 5-year PUMS, variable SMARTPHONE. Person weighted with PWGTP, so the figure is the share of people with a disability who live in a household answering yes, not a count of households. Shares one household universe with LAPTOP and ACCESSINET, so all three denominators are identical in every jurisdiction by construction. Rebuilt 7 August 2026. See ADA-PARC-Website-Design/docs/tech-access-rebuild-plan.qmd."
72,Puerto Rico,PR,2024,rel_score_smartphone,CP,relative,Smartphone Access: Relative,75.85540528299401,NA,75.85540528299401,higher_better,none,1,acs_ready,"2020-2024 ACS 5-year PUMS, variable SMARTPHONE. Person weighted with PWGTP, so the figure is the share of people with a disability who live in a household answering yes, not a count of households. Shares one household universe with LAPTOP and ACCESSINET, so all three denominators are identical in every jurisdiction by construction. Rebuilt 7 August 2026. See ADA-PARC-Website-Design/docs/tech-access-rebuild-plan.qmd."
000,United States,USA,2024,eq_score_smartphone,CP,equity,Smartphone Access: Equity,85.17715318056746,95.21817726321643,10.041024082648974,lower_better,none,1,acs_ready,"Gap between the disability and non-disability shares within one PUMS household universe. Source, weighting and universe as for rel_score_smartphone."
01,Alabama,AL,2024,eq_score_smartphone,CP,equity,Smartphone Access: Equity,83.62249651391909,94.43909662371564,10.816600109796553,lower_better,none,1,acs_ready,"Gap between the disability and non-disability shares within one PUMS household universe. Source, weighting and universe as for rel_score_smartphone."
02,Alaska,AK,2024,eq_score_smartphone,CP,equity,Smartphone Access: Equity,90.50403225806451,96.75289054965064,6.2488582915861315,lower_better,none,1,acs_ready,"Gap between the disability and non-disability shares within one PUMS household universe. Source, weighting and universe as for rel_score_smartphone."
04,Arizona,AZ,2024,eq_score_smartphone,CP,equity,Smartphone Access: Equity,87.76223633180055,95.62334366293612,7.861107331135571,lower_better,none,1,acs_ready,"Gap between the disability and non-disability shares within one PUMS household universe. Source, weighting and universe as for rel_score_smartphone."
05,Arkansas,AR,2024,eq_score_smartphone,CP,equity,Smartphone Access: Equity,84.6629449207953,94.70535743251928,10.042412511723981,lower_better,none,1,acs_ready,"Gap between the disability and non-disability shares within one PUMS household universe. Source, weighting and universe as for rel_score_smartphone."
06,California,CA,2024,eq_score_smartphone,CP,equity,Smartphone Access: Equity,88.52729081835787,96.49846436481718,7.971173546459312,lower_better,none,1,acs_ready,"Gap between the disability and non-disability shares within one PUMS household universe. Source, weighting and universe as for rel_score_smartphone."
08,Colorado,CO,2024,eq_score_smartphone,CP,equity,Smartphone Access: Equity,87.80964545894564,96.60739913106234,8.797753672116698,lower_better,none,1,acs_ready,"Gap between the disability and non-disability shares within one PUMS household universe. Source, weighting and universe as for rel_score_smartphone."
09,Connecticut,CT,2024,eq_score_smartphone,CP,equity,Smartphone Access: Equity,83.00691698424265,95.01089764079933,12.003980656556678,lower_better,none,1,acs_ready,"Gap between the disability and non-disability shares within one PUMS household universe. Source, weighting and universe as for rel_score_smartphone."
10,Delaware,DE,2024,eq_score_smartphone,CP,equity,Smartphone Access: Equity,85.96691881718485,95.27306648180759,9.306147664622742,lower_better,none,1,acs_ready,"Gap between the disability and non-disability shares within one PUMS household universe. Source, weighting and universe as for rel_score_smartphone."
11,District of Columbia,DC,2024,eq_score_smartphone,CP,equity,Smartphone Access: Equity,85.09869568249982,96.53588909283053,11.437193410330707,lower_better,none,1,acs_ready,"Gap between the disability and non-disability shares within one PUMS household universe. Source, weighting and universe as for rel_score_smartphone."
12,Florida,FL,2024,eq_score_smartphone,CP,equity,Smartphone Access: Equity,87.31606767210681,95.59449151002879,8.278423837921977,lower_better,none,1,acs_ready,"Gap between the disability and non-disability shares within one PUMS household universe. Source, weighting and universe as for rel_score_smartphone."
13,Georgia,GA,2024,eq_score_smartphone,CP,equity,Smartphone Access: Equity,86.76849434664992,95.60077103659842,8.8322766899485,lower_better,none,1,acs_ready,"Gap between the disability and non-disability shares within one PUMS household universe. Source, weighting and universe as for rel_score_smartphone."
15,Hawaii,HI,2024,eq_score_smartphone,CP,equity,Smartphone Access: Equity,87.4105703701609,95.85293751277206,8.442367142611161,lower_better,none,1,acs_ready,"Gap between the disability and non-disability shares within one PUMS household universe. Source, weighting and universe as for rel_score_smartphone."
16,Idaho,ID,2024,eq_score_smartphone,CP,equity,Smartphone Access: Equity,87.81199635758183,95.89918550998273,8.087189152400896,lower_better,none,1,acs_ready,"Gap between the disability and non-disability shares within one PUMS household universe. Source, weighting and universe as for rel_score_smartphone."
17,Illinois,IL,2024,eq_score_smartphone,CP,equity,Smartphone Access: Equity,83.91339169707759,95.19393414389108,11.280542446813499,lower_better,none,1,acs_ready,"Gap between the disability and non-disability shares within one PUMS household universe. Source, weighting and universe as for rel_score_smartphone."
18,Indiana,IN,2024,eq_score_smartphone,CP,equity,Smartphone Access: Equity,84.11401087987117,94.33535740099934,10.221346521128169,lower_better,none,1,acs_ready,"Gap between the disability and non-disability shares within one PUMS household universe. Source, weighting and universe as for rel_score_smartphone."
19,Iowa,IA,2024,eq_score_smartphone,CP,equity,Smartphone Access: Equity,82.65391089578203,94.64181093639391,11.987900040611876,lower_better,none,1,acs_ready,"Gap between the disability and non-disability shares within one PUMS household universe. Source, weighting and universe as for rel_score_smartphone."
20,Kansas,KS,2024,eq_score_smartphone,CP,equity,Smartphone Access: Equity,84.34143657987111,95.42933678666594,11.087900206794828,lower_better,none,1,acs_ready,"Gap between the disability and non-disability shares within one PUMS household universe. Source, weighting and universe as for rel_score_smartphone."
21,Kentucky,KY,2024,eq_score_smartphone,CP,equity,Smartphone Access: Equity,82.7575162933515,94.10714123247679,11.349624939125292,lower_better,none,1,acs_ready,"Gap between the disability and non-disability shares within one PUMS household universe. Source, weighting and universe as for rel_score_smartphone."
22,Louisiana,LA,2024,eq_score_smartphone,CP,equity,Smartphone Access: Equity,84.00558545582487,94.378679342921,10.373093887096132,lower_better,none,1,acs_ready,"Gap between the disability and non-disability shares within one PUMS household universe. Source, weighting and universe as for rel_score_smartphone."
23,Maine,ME,2024,eq_score_smartphone,CP,equity,Smartphone Access: Equity,80.75181391279257,93.42727358641382,12.675459673621248,lower_better,none,1,acs_ready,"Gap between the disability and non-disability shares within one PUMS household universe. Source, weighting and universe as for rel_score_smartphone."
24,Maryland,MD,2024,eq_score_smartphone,CP,equity,Smartphone Access: Equity,86.41313440757857,95.8476347853417,9.434500377763129,lower_better,none,1,acs_ready,"Gap between the disability and non-disability shares within one PUMS household universe. Source, weighting and universe as for rel_score_smartphone."
25,Massachusetts,MA,2024,eq_score_smartphone,CP,equity,Smartphone Access: Equity,82.90064443713351,95.36287392343071,12.462229486297204,lower_better,none,1,acs_ready,"Gap between the disability and non-disability shares within one PUMS household universe. Source, weighting and universe as for rel_score_smartphone."
26,Michigan,MI,2024,eq_score_smartphone,CP,equity,Smartphone Access: Equity,83.86059667105914,94.67720441965582,10.816607748596681,lower_better,none,1,acs_ready,"Gap between the disability and non-disability shares within one PUMS household universe. Source, weighting and universe as for rel_score_smartphone."
27,Minnesota,MN,2024,eq_score_smartphone,CP,equity,Smartphone Access: Equity,84.00683223383932,95.73592216266398,11.729089928824664,lower_better,none,1,acs_ready,"Gap between the disability and non-disability shares within one PUMS household universe. Source, weighting and universe as for rel_score_smartphone."
28,Mississippi,MS,2024,eq_score_smartphone,CP,equity,Smartphone Access: Equity,83.58636628031809,93.94727545477352,10.36090917445543,lower_better,none,1,acs_ready,"Gap between the disability and non-disability shares within one PUMS household universe. Source, weighting and universe as for rel_score_smartphone."
29,Missouri,MO,2024,eq_score_smartphone,CP,equity,Smartphone Access: Equity,84.15352015835452,94.53441441280172,10.380894254447199,lower_better,none,1,acs_ready,"Gap between the disability and non-disability shares within one PUMS household universe. Source, weighting and universe as for rel_score_smartphone."
30,Montana,MT,2024,eq_score_smartphone,CP,equity,Smartphone Access: Equity,81.37803670702917,93.28683269123452,11.908795984205355,lower_better,none,1,acs_ready,"Gap between the disability and non-disability shares within one PUMS household universe. Source, weighting and universe as for rel_score_smartphone."
31,Nebraska,NE,2024,eq_score_smartphone,CP,equity,Smartphone Access: Equity,83.05717130878148,94.95990053210609,11.902729223324613,lower_better,none,1,acs_ready,"Gap between the disability and non-disability shares within one PUMS household universe. Source, weighting and universe as for rel_score_smartphone."
32,Nevada,NV,2024,eq_score_smartphone,CP,equity,Smartphone Access: Equity,89.42935799617474,95.73422817505445,6.30487017887971,lower_better,none,1,acs_ready,"Gap between the disability and non-disability shares within one PUMS household universe. Source, weighting and universe as for rel_score_smartphone."
33,New Hampshire,NH,2024,eq_score_smartphone,CP,equity,Smartphone Access: Equity,83.65092531357537,94.66458512348882,11.013659809913449,lower_better,none,1,acs_ready,"Gap between the disability and non-disability shares within one PUMS household universe. Source, weighting and universe as for rel_score_smartphone."
34,New Jersey,NJ,2024,eq_score_smartphone,CP,equity,Smartphone Access: Equity,84.32384352477443,94.9577853344414,10.633941809666965,lower_better,none,1,acs_ready,"Gap between the disability and non-disability shares within one PUMS household universe. Source, weighting and universe as for rel_score_smartphone."
35,New Mexico,NM,2024,eq_score_smartphone,CP,equity,Smartphone Access: Equity,82.93424326437763,93.569091395899,10.634848131521366,lower_better,none,1,acs_ready,"Gap between the disability and non-disability shares within one PUMS household universe. Source, weighting and universe as for rel_score_smartphone."
36,New York,NY,2024,eq_score_smartphone,CP,equity,Smartphone Access: Equity,82.35305266349944,93.6035343993605,11.250481735861058,lower_better,none,1,acs_ready,"Gap between the disability and non-disability shares within one PUMS household universe. Source, weighting and universe as for rel_score_smartphone."
37,North Carolina,NC,2024,eq_score_smartphone,CP,equity,Smartphone Access: Equity,84.00200360194918,95.1005992513755,11.098595649426315,lower_better,none,1,acs_ready,"Gap between the disability and non-disability shares within one PUMS household universe. Source, weighting and universe as for rel_score_smartphone."
38,North Dakota,ND,2024,eq_score_smartphone,CP,equity,Smartphone Access: Equity,79.46008337442288,94.64631710287158,15.186233728448698,lower_better,none,1,acs_ready,"Gap between the disability and non-disability shares within one PUMS household universe. Source, weighting and universe as for rel_score_smartphone."
39,Ohio,OH,2024,eq_score_smartphone,CP,equity,Smartphone Access: Equity,82.57160756432297,93.86328812250065,11.291680558177674,lower_better,none,1,acs_ready,"Gap between the disability and non-disability shares within one PUMS household universe. Source, weighting and universe as for rel_score_smartphone."
40,Oklahoma,OK,2024,eq_score_smartphone,CP,equity,Smartphone Access: Equity,86.88864573639032,95.50610715165708,8.61746141526676,lower_better,none,1,acs_ready,"Gap between the disability and non-disability shares within one PUMS household universe. Source, weighting and universe as for rel_score_smartphone."
41,Oregon,OR,2024,eq_score_smartphone,CP,equity,Smartphone Access: Equity,87.37692676599428,96.08136074990728,8.704433983912992,lower_better,none,1,acs_ready,"Gap between the disability and non-disability shares within one PUMS household universe. Source, weighting and universe as for rel_score_smartphone."
42,Pennsylvania,PA,2024,eq_score_smartphone,CP,equity,Smartphone Access: Equity,80.76306817227538,93.10754668245819,12.34447851018281,lower_better,none,1,acs_ready,"Gap between the disability and non-disability shares within one PUMS household universe. Source, weighting and universe as for rel_score_smartphone."
44,Rhode Island,RI,2024,eq_score_smartphone,CP,equity,Smartphone Access: Equity,82.33149803262195,94.58034693235356,12.248848899731613,lower_better,none,1,acs_ready,"Gap between the disability and non-disability shares within one PUMS household universe. Source, weighting and universe as for rel_score_smartphone."
45,South Carolina,SC,2024,eq_score_smartphone,CP,equity,Smartphone Access: Equity,84.09339787809323,94.66815887830732,10.574761000214096,lower_better,none,1,acs_ready,"Gap between the disability and non-disability shares within one PUMS household universe. Source, weighting and universe as for rel_score_smartphone."
46,South Dakota,SD,2024,eq_score_smartphone,CP,equity,Smartphone Access: Equity,81.2636555413245,94.03997363004302,12.776318088718526,lower_better,none,1,acs_ready,"Gap between the disability and non-disability shares within one PUMS household universe. Source, weighting and universe as for rel_score_smartphone."
47,Tennessee,TN,2024,eq_score_smartphone,CP,equity,Smartphone Access: Equity,83.52969649181189,95.09848356169474,11.568787069882845,lower_better,none,1,acs_ready,"Gap between the disability and non-disability shares within one PUMS household universe. Source, weighting and universe as for rel_score_smartphone."
48,Texas,TX,2024,eq_score_smartphone,CP,equity,Smartphone Access: Equity,88.4622806759161,96.14603674234696,7.68375606643086,lower_better,none,1,acs_ready,"Gap between the disability and non-disability shares within one PUMS household universe. Source, weighting and universe as for rel_score_smartphone."
49,Utah,UT,2024,eq_score_smartphone,CP,equity,Smartphone Access: Equity,90.73696193525436,97.53673633050225,6.799774395247894,lower_better,none,1,acs_ready,"Gap between the disability and non-disability shares within one PUMS household universe. Source, weighting and universe as for rel_score_smartphone."
50,Vermont,VT,2024,eq_score_smartphone,CP,equity,Smartphone Access: Equity,76.35112703627809,92.43936459026692,16.088237553988833,lower_better,none,1,acs_ready,"Gap between the disability and non-disability shares within one PUMS household universe. Source, weighting and universe as for rel_score_smartphone."
51,Virginia,VA,2024,eq_score_smartphone,CP,equity,Smartphone Access: Equity,84.35277180148827,95.41440649806565,11.061634696577372,lower_better,none,1,acs_ready,"Gap between the disability and non-disability shares within one PUMS household universe. Source, weighting and universe as for rel_score_smartphone."
53,Washington,WA,2024,eq_score_smartphone,CP,equity,Smartphone Access: Equity,87.65274623096275,96.57222699403025,8.919480763067497,lower_better,none,1,acs_ready,"Gap between the disability and non-disability shares within one PUMS household universe. Source, weighting and universe as for rel_score_smartphone."
54,West Virginia,WV,2024,eq_score_smartphone,CP,equity,Smartphone Access: Equity,76.65593071086502,91.81582762284539,15.159896911980368,lower_better,none,1,acs_ready,"Gap between the disability and non-disability shares within one PUMS household universe. Source, weighting and universe as for rel_score_smartphone."
55,Wisconsin,WI,2024,eq_score_smartphone,CP,equity,Smartphone Access: Equity,82.07567046925323,94.05611761503287,11.98044714577965,lower_better,none,1,acs_ready,"Gap between the disability and non-disability shares within one PUMS household universe. Source, weighting and universe as for rel_score_smartphone."
56,Wyoming,WY,2024,eq_score_smartphone,CP,equity,Smartphone Access: Equity,84.192367359602855,95.09654502771598,10.904177668113121,lower_better,none,1,acs_ready,"Gap between the disability and non-disability shares within one PUMS household universe. Source, weighting and universe as for rel_score_smartphone."
72,Puerto Rico,PR,2024,eq_score_smartphone,CP,equity,Smartphone Access: Equity,75.85540528299401,87.78929296006534,11.933887677071326,lower_better,none,1,acs_ready,"Gap between the disability and non-disability shares within one PUMS household universe. Source, weighting and universe as for rel_score_smartphone."
000,United States,USA,2024,rel_score_int,CP,relative,Internet Access: Relative,89.57302204046493,NA,89.57302204046493,higher_better,none,1,acs_ready,"2020-2024 ACS 5-year PUMS, variable ACCESSINET, counting codes 1 and 2 both as yes, which are access with a paid subscription and access without paying. Person weighted with PWGTP. Households the Census suppressed for data year 2024, code 8, appear in Pennsylvania only and are excluded from all three technology indicators so the shared universe holds. Rebuilt 7 August 2026. See ADA-PARC-Website-Design/docs/tech-access-rebuild-plan.qmd."
01,Alabama,AL,2024,rel_score_int,CP,relative,Internet Access: Relative,85.9615244973336,NA,85.9615244973336,higher_better,none,1,acs_ready,"2020-2024 ACS 5-year PUMS, variable ACCESSINET, counting codes 1 and 2 both as yes, which are access with a paid subscription and access without paying. Person weighted with PWGTP. Households the Census suppressed for data year 2024, code 8, appear in Pennsylvania only and are excluded from all three technology indicators so the shared universe holds. Rebuilt 7 August 2026. See ADA-PARC-Website-Design/docs/tech-access-rebuild-plan.qmd."
02,Alaska,AK,2024,rel_score_int,CP,relative,Internet Access: Relative,92.42572156196944,NA,92.42572156196944,higher_better,none,1,acs_ready,"2020-2024 ACS 5-year PUMS, variable ACCESSINET, counting codes 1 and 2 both as yes, which are access with a paid subscription and access without paying. Person weighted with PWGTP. Households the Census suppressed for data year 2024, code 8, appear in Pennsylvania only and are excluded from all three technology indicators so the shared universe holds. Rebuilt 7 August 2026. See ADA-PARC-Website-Design/docs/tech-access-rebuild-plan.qmd."
04,Arizona,AZ,2024,rel_score_int,CP,relative,Internet Access: Relative,91.1519784319822,NA,91.1519784319822,higher_better,none,1,acs_ready,"2020-2024 ACS 5-year PUMS, variable ACCESSINET, counting codes 1 and 2 both as yes, which are access with a paid subscription and access without paying. Person weighted with PWGTP. Households the Census suppressed for data year 2024, code 8, appear in Pennsylvania only and are excluded from all three technology indicators so the shared universe holds. Rebuilt 7 August 2026. See ADA-PARC-Website-Design/docs/tech-access-rebuild-plan.qmd."
05,Arkansas,AR,2024,rel_score_int,CP,relative,Internet Access: Relative,85.40936382229698,NA,85.40936382229698,higher_better,none,1,acs_ready,"2020-2024 ACS 5-year PUMS, variable ACCESSINET, counting codes 1 and 2 both as yes, which are access with a paid subscription and access without paying. Person weighted with PWGTP. Households the Census suppressed for data year 2024, code 8, appear in Pennsylvania only and are excluded from all three technology indicators so the shared universe holds. Rebuilt 7 August 2026. See ADA-PARC-Website-Design/docs/tech-access-rebuild-plan.qmd."
06,California,CA,2024,rel_score_int,CP,relative,Internet Access: Relative,92.19978110249664,NA,92.19978110249664,higher_better,none,1,acs_ready,"2020-2024 ACS 5-year PUMS, variable ACCESSINET, counting codes 1 and 2 both as yes, which are access with a paid subscription and access without paying. Person weighted with PWGTP. Households the Census suppressed for data year 2024, code 8, appear in Pennsylvania only and are excluded from all three technology indicators so the shared universe holds. Rebuilt 7 August 2026. See ADA-PARC-Website-Design/docs/tech-access-rebuild-plan.qmd."
08,Colorado,CO,2024,rel_score_int,CP,relative,Internet Access: Relative,92.42747813016591,NA,92.42747813016591,higher_better,none,1,acs_ready,"2020-2024 ACS 5-year PUMS, variable ACCESSINET, counting codes 1 and 2 both as yes, which are access with a paid subscription and access without paying. Person weighted with PWGTP. Households the Census suppressed for data year 2024, code 8, appear in Pennsylvania only and are excluded from all three technology indicators so the shared universe holds. Rebuilt 7 August 2026. See ADA-PARC-Website-Design/docs/tech-access-rebuild-plan.qmd."
09,Connecticut,CT,2024,rel_score_int,CP,relative,Internet Access: Relative,90.16378558543491,NA,90.16378558543491,higher_better,none,1,acs_ready,"2020-2024 ACS 5-year PUMS, variable ACCESSINET, counting codes 1 and 2 both as yes, which are access with a paid subscription and access without paying. Person weighted with PWGTP. Households the Census suppressed for data year 2024, code 8, appear in Pennsylvania only and are excluded from all three technology indicators so the shared universe holds. Rebuilt 7 August 2026. See ADA-PARC-Website-Design/docs/tech-access-rebuild-plan.qmd."
10,Delaware,DE,2024,rel_score_int,CP,relative,Internet Access: Relative,92.08368019110355,NA,92.08368019110355,higher_better,none,1,acs_ready,"2020-2024 ACS 5-year PUMS, variable ACCESSINET, counting codes 1 and 2 both as yes, which are access with a paid subscription and access without paying. Person weighted with PWGTP. Households the Census suppressed for data year 2024, code 8, appear in Pennsylvania only and are excluded from all three technology indicators so the shared universe holds. Rebuilt 7 August 2026. See ADA-PARC-Website-Design/docs/tech-access-rebuild-plan.qmd."
11,District of Columbia,DC,2024,rel_score_int,CP,relative,Internet Access: Relative,86.74618120945804,NA,86.74618120945804,higher_better,none,1,acs_ready,"2020-2024 ACS 5-year PUMS, variable ACCESSINET, counting codes 1 and 2 both as yes, which are access with a paid subscription and access without paying. Person weighted with PWGTP. Households the Census suppressed for data year 2024, code 8, appear in Pennsylvania only and are excluded from all three technology indicators so the shared universe holds. Rebuilt 7 August 2026. See ADA-PARC-Website-Design/docs/tech-access-rebuild-plan.qmd."
12,Florida,FL,2024,rel_score_int,CP,relative,Internet Access: Relative,91.58108281151745,NA,91.58108281151745,higher_better,none,1,acs_ready,"2020-2024 ACS 5-year PUMS, variable ACCESSINET, counting codes 1 and 2 both as yes, which are access with a paid subscription and access without paying. Person weighted with PWGTP. Households the Census suppressed for data year 2024, code 8, appear in Pennsylvania only and are excluded from all three technology indicators so the shared universe holds. Rebuilt 7 August 2026. See ADA-PARC-Website-Design/docs/tech-access-rebuild-plan.qmd."
13,Georgia,GA,2024,rel_score_int,CP,relative,Internet Access: Relative,89.79744850197334,NA,89.79744850197334,higher_better,none,1,acs_ready,"2020-2024 ACS 5-year PUMS, variable ACCESSINET, counting codes 1 and 2 both as yes, which are access with a paid subscription and access without paying. Person weighted with PWGTP. Households the Census suppressed for data year 2024, code 8, appear in Pennsylvania only and are excluded from all three technology indicators so the shared universe holds. Rebuilt 7 August 2026. See ADA-PARC-Website-Design/docs/tech-access-rebuild-plan.qmd."
15,Hawaii,HI,2024,rel_score_int,CP,relative,Internet Access: Relative,91.45208268529254,NA,91.45208268529254,higher_better,none,1,acs_ready,"2020-2024 ACS 5-year PUMS, variable ACCESSINET, counting codes 1 and 2 both as yes, which are access with a paid subscription and access without paying. Person weighted with PWGTP. Households the Census suppressed for data year 2024, code 8, appear in Pennsylvania only and are excluded from all three technology indicators so the shared universe holds. Rebuilt 7 August 2026. See ADA-PARC-Website-Design/docs/tech-access-rebuild-plan.qmd."
16,Idaho,ID,2024,rel_score_int,CP,relative,Internet Access: Relative,92.34901681379851,NA,92.34901681379851,higher_better,none,1,acs_ready,"2020-2024 ACS 5-year PUMS, variable ACCESSINET, counting codes 1 and 2 both as yes, which are access with a paid subscription and access without paying. Person weighted with PWGTP. Households the Census suppressed for data year 2024, code 8, appear in Pennsylvania only and are excluded from all three technology indicators so the shared universe holds. Rebuilt 7 August 2026. See ADA-PARC-Website-Design/docs/tech-access-rebuild-plan.qmd."
17,Illinois,IL,2024,rel_score_int,CP,relative,Internet Access: Relative,88.8358404892398,NA,88.8358404892398,higher_better,none,1,acs_ready,"2020-2024 ACS 5-year PUMS, variable ACCESSINET, counting codes 1 and 2 both as yes, which are access with a paid subscription and access without paying. Person weighted with PWGTP. Households the Census suppressed for data year 2024, code 8, appear in Pennsylvania only and are excluded from all three technology indicators so the shared universe holds. Rebuilt 7 August 2026. See ADA-PARC-Website-Design/docs/tech-access-rebuild-plan.qmd."
18,Indiana,IN,2024,rel_score_int,CP,relative,Internet Access: Relative,88.8167213132121,NA,88.8167213132121,higher_better,none,1,acs_ready,"2020-2024 ACS 5-year PUMS, variable ACCESSINET, counting codes 1 and 2 both as yes, which are access with a paid subscription and access without paying. Person weighted with PWGTP. Households the Census suppressed for data year 2024, code 8, appear in Pennsylvania only and are excluded from all three technology indicators so the shared universe holds. Rebuilt 7 August 2026. See ADA-PARC-Website-Design/docs/tech-access-rebuild-plan.qmd."
19,Iowa,IA,2024,rel_score_int,CP,relative,Internet Access: Relative,88.43781946006605,NA,88.43781946006605,higher_better,none,1,acs_ready,"2020-2024 ACS 5-year PUMS, variable ACCESSINET, counting codes 1 and 2 both as yes, which are access with a paid subscription and access without paying. Person weighted with PWGTP. Households the Census suppressed for data year 2024, code 8, appear in Pennsylvania only and are excluded from all three technology indicators so the shared universe holds. Rebuilt 7 August 2026. See ADA-PARC-Website-Design/docs/tech-access-rebuild-plan.qmd."
20,Kansas,KS,2024,rel_score_int,CP,relative,Internet Access: Relative,88.75753130402892,NA,88.75753130402892,higher_better,none,1,acs_ready,"2020-2024 ACS 5-year PUMS, variable ACCESSINET, counting codes 1 and 2 both as yes, which are access with a paid subscription and access without paying. Person weighted with PWGTP. Households the Census suppressed for data year 2024, code 8, appear in Pennsylvania only and are excluded from all three technology indicators so the shared universe holds. Rebuilt 7 August 2026. See ADA-PARC-Website-Design/docs/tech-access-rebuild-plan.qmd."
21,Kentucky,KY,2024,rel_score_int,CP,relative,Internet Access: Relative,87.88865108334265,NA,87.88865108334265,higher_better,none,1,acs_ready,"2020-2024 ACS 5-year PUMS, variable ACCESSINET, counting codes 1 and 2 both as yes, which are access with a paid subscription and access without paying. Person weighted with PWGTP. Households the Census suppressed for data year 2024, code 8, appear in Pennsylvania only and are excluded from all three technology indicators so the shared universe holds. Rebuilt 7 August 2026. See ADA-PARC-Website-Design/docs/tech-access-rebuild-plan.qmd."
22,Louisiana,LA,2024,rel_score_int,CP,relative,Internet Access: Relative,85.3625048790276,NA,85.3625048790276,higher_better,none,1,acs_ready,"2020-2024 ACS 5-year PUMS, variable ACCESSINET, counting codes 1 and 2 both as yes, which are access with a paid subscription and access without paying. Person weighted with PWGTP. Households the Census suppressed for data year 2024, code 8, appear in Pennsylvania only and are excluded from all three technology indicators so the shared universe holds. Rebuilt 7 August 2026. See ADA-PARC-Website-Design/docs/tech-access-rebuild-plan.qmd."
23,Maine,ME,2024,rel_score_int,CP,relative,Internet Access: Relative,89.04019695904908,NA,89.04019695904908,higher_better,none,1,acs_ready,"2020-2024 ACS 5-year PUMS, variable ACCESSINET, counting codes 1 and 2 both as yes, which are access with a paid subscription and access without paying. Person weighted with PWGTP. Households the Census suppressed for data year 2024, code 8, appear in Pennsylvania only and are excluded from all three technology indicators so the shared universe holds. Rebuilt 7 August 2026. See ADA-PARC-Website-Design/docs/tech-access-rebuild-plan.qmd."
24,Maryland,MD,2024,rel_score_int,CP,relative,Internet Access: Relative,91.32094085881926,NA,91.32094085881926,higher_better,none,1,acs_ready,"2020-2024 ACS 5-year PUMS, variable ACCESSINET, counting codes 1 and 2 both as yes, which are access with a paid subscription and access without paying. Person weighted with PWGTP. Households the Census suppressed for data year 2024, code 8, appear in Pennsylvania only and are excluded from all three technology indicators so the shared universe holds. Rebuilt 7 August 2026. See ADA-PARC-Website-Design/docs/tech-access-rebuild-plan.qmd."
25,Massachusetts,MA,2024,rel_score_int,CP,relative,Internet Access: Relative,90.41290906276005,NA,90.41290906276005,higher_better,none,1,acs_ready,"2020-2024 ACS 5-year PUMS, variable ACCESSINET, counting codes 1 and 2 both as yes, which are access with a paid subscription and access without paying. Person weighted with PWGTP. Households the Census suppressed for data year 2024, code 8, appear in Pennsylvania only and are excluded from all three technology indicators so the shared universe holds. Rebuilt 7 August 2026. See ADA-PARC-Website-Design/docs/tech-access-rebuild-plan.qmd."
26,Michigan,MI,2024,rel_score_int,CP,relative,Internet Access: Relative,89.18280018637039,NA,89.18280018637039,higher_better,none,1,acs_ready,"2020-2024 ACS 5-year PUMS, variable ACCESSINET, counting codes 1 and 2 both as yes, which are access with a paid subscription and access without paying. Person weighted with PWGTP. Households the Census suppressed for data year 2024, code 8, appear in Pennsylvania only and are excluded from all three technology indicators so the shared universe holds. Rebuilt 7 August 2026. See ADA-PARC-Website-Design/docs/tech-access-rebuild-plan.qmd."
27,Minnesota,MN,2024,rel_score_int,CP,relative,Internet Access: Relative,90.24948005382971,NA,90.24948005382971,higher_better,none,1,acs_ready,"2020-2024 ACS 5-year PUMS, variable ACCESSINET, counting codes 1 and 2 both as yes, which are access with a paid subscription and access without paying. Person weighted with PWGTP. Households the Census suppressed for data year 2024, code 8, appear in Pennsylvania only and are excluded from all three technology indicators so the shared universe holds. Rebuilt 7 August 2026. See ADA-PARC-Website-Design/docs/tech-access-rebuild-plan.qmd."
28,Mississippi,MS,2024,rel_score_int,CP,relative,Internet Access: Relative,82.89246132285027,NA,82.89246132285027,higher_better,none,1,acs_ready,"2020-2024 ACS 5-year PUMS, variable ACCESSINET, counting codes 1 and 2 both as yes, which are access with a paid subscription and access without paying. Person weighted with PWGTP. Households the Census suppressed for data year 2024, code 8, appear in Pennsylvania only and are excluded from all three technology indicators so the shared universe holds. Rebuilt 7 August 2026. See ADA-PARC-Website-Design/docs/tech-access-rebuild-plan.qmd."
29,Missouri,MO,2024,rel_score_int,CP,relative,Internet Access: Relative,88.36704218473419,NA,88.36704218473419,higher_better,none,1,acs_ready,"2020-2024 ACS 5-year PUMS, variable ACCESSINET, counting codes 1 and 2 both as yes, which are access with a paid subscription and access without paying. Person weighted with PWGTP. Households the Census suppressed for data year 2024, code 8, appear in Pennsylvania only and are excluded from all three technology indicators so the shared universe holds. Rebuilt 7 August 2026. See ADA-PARC-Website-Design/docs/tech-access-rebuild-plan.qmd."
30,Montana,MT,2024,rel_score_int,CP,relative,Internet Access: Relative,87.89569212804305,NA,87.89569212804305,higher_better,none,1,acs_ready,"2020-2024 ACS 5-year PUMS, variable ACCESSINET, counting codes 1 and 2 both as yes, which are access with a paid subscription and access without paying. Person weighted with PWGTP. Households the Census suppressed for data year 2024, code 8, appear in Pennsylvania only and are excluded from all three technology indicators so the shared universe holds. Rebuilt 7 August 2026. See ADA-PARC-Website-Design/docs/tech-access-rebuild-plan.qmd."
31,Nebraska,NE,2024,rel_score_int,CP,relative,Internet Access: Relative,89.16023095892402,NA,89.16023095892402,higher_better,none,1,acs_ready,"2020-2024 ACS 5-year PUMS, variable ACCESSINET, counting codes 1 and 2 both as yes, which are access with a paid subscription and access without paying. Person weighted with PWGTP. Households the Census suppressed for data year 2024, code 8, appear in Pennsylvania only and are excluded from all three technology indicators so the shared universe holds. Rebuilt 7 August 2026. See ADA-PARC-Website-Design/docs/tech-access-rebuild-plan.qmd."
32,Nevada,NV,2024,rel_score_int,CP,relative,Internet Access: Relative,92.39817508443794,NA,92.39817508443794,higher_better,none,1,acs_ready,"2020-2024 ACS 5-year PUMS, variable ACCESSINET, counting codes 1 and 2 both as yes, which are access with a paid subscription and access without paying. Person weighted with PWGTP. Households the Census suppressed for data year 2024, code 8, appear in Pennsylvania only and are excluded from all three technology indicators so the shared universe holds. Rebuilt 7 August 2026. See ADA-PARC-Website-Design/docs/tech-access-rebuild-plan.qmd."
33,New Hampshire,NH,2024,rel_score_int,CP,relative,Internet Access: Relative,92.98981090199858,NA,92.98981090199858,higher_better,none,1,acs_ready,"2020-2024 ACS 5-year PUMS, variable ACCESSINET, counting codes 1 and 2 both as yes, which are access with a paid subscription and access without paying. Person weighted with PWGTP. Households the Census suppressed for data year 2024, code 8, appear in Pennsylvania only and are excluded from all three technology indicators so the shared universe holds. Rebuilt 7 August 2026. See ADA-PARC-Website-Design/docs/tech-access-rebuild-plan.qmd."
34,New Jersey,NJ,2024,rel_score_int,CP,relative,Internet Access: Relative,90.4234773761583,NA,90.4234773761583,higher_better,none,1,acs_ready,"2020-2024 ACS 5-year PUMS, variable ACCESSINET, counting codes 1 and 2 both as yes, which are access with a paid subscription and access without paying. Person weighted with PWGTP. Households the Census suppressed for data year 2024, code 8, appear in Pennsylvania only and are excluded from all three technology indicators so the shared universe holds. Rebuilt 7 August 2026. See ADA-PARC-Website-Design/docs/tech-access-rebuild-plan.qmd."
35,New Mexico,NM,2024,rel_score_int,CP,relative,Internet Access: Relative,85.40811829103576,NA,85.40811829103576,higher_better,none,1,acs_ready,"2020-2024 ACS 5-year PUMS, variable ACCESSINET, counting codes 1 and 2 both as yes, which are access with a paid subscription and access without paying. Person weighted with PWGTP. Households the Census suppressed for data year 2024, code 8, appear in Pennsylvania only and are excluded from all three technology indicators so the shared universe holds. Rebuilt 7 August 2026. See ADA-PARC-Website-Design/docs/tech-access-rebuild-plan.qmd."
36,New York,NY,2024,rel_score_int,CP,relative,Internet Access: Relative,89.06533238990532,NA,89.06533238990532,higher_better,none,1,acs_ready,"2020-2024 ACS 5-year PUMS, variable ACCESSINET, counting codes 1 and 2 both as yes, which are access with a paid subscription and access without paying. Person weighted with PWGTP. Households the Census suppressed for data year 2024, code 8, appear in Pennsylvania only and are excluded from all three technology indicators so the shared universe holds. Rebuilt 7 August 2026. See ADA-PARC-Website-Design/docs/tech-access-rebuild-plan.qmd."
37,North Carolina,NC,2024,rel_score_int,CP,relative,Internet Access: Relative,87.9924872011778,NA,87.9924872011778,higher_better,none,1,acs_ready,"2020-2024 ACS 5-year PUMS, variable ACCESSINET, counting codes 1 and 2 both as yes, which are access with a paid subscription and access without paying. Person weighted with PWGTP. Households the Census suppressed for data year 2024, code 8, appear in Pennsylvania only and are excluded from all three technology indicators so the shared universe holds. Rebuilt 7 August 2026. See ADA-PARC-Website-Design/docs/tech-access-rebuild-plan.qmd."
38,North Dakota,ND,2024,rel_score_int,CP,relative,Internet Access: Relative,87.77511318302031,NA,87.77511318302031,higher_better,none,1,acs_ready,"2020-2024 ACS 5-year PUMS, variable ACCESSINET, counting codes 1 and 2 both as yes, which are access with a paid subscription and access without paying. Person weighted with PWGTP. Households the Census suppressed for data year 2024, code 8, appear in Pennsylvania only and are excluded from all three technology indicators so the shared universe holds. Rebuilt 7 August 2026. See ADA-PARC-Website-Design/docs/tech-access-rebuild-plan.qmd."
39,Ohio,OH,2024,rel_score_int,CP,relative,Internet Access: Relative,88.62498421671184,NA,88.62498421671184,higher_better,none,1,acs_ready,"2020-2024 ACS 5-year PUMS, variable ACCESSINET, counting codes 1 and 2 both as yes, which are access with a paid subscription and access without paying. Person weighted with PWGTP. Households the Census suppressed for data year 2024, code 8, appear in Pennsylvania only and are excluded from all three technology indicators so the shared universe holds. Rebuilt 7 August 2026. See ADA-PARC-Website-Design/docs/tech-access-rebuild-plan.qmd."
40,Oklahoma,OK,2024,rel_score_int,CP,relative,Internet Access: Relative,88.08838527249102,NA,88.08838527249102,higher_better,none,1,acs_ready,"2020-2024 ACS 5-year PUMS, variable ACCESSINET, counting codes 1 and 2 both as yes, which are access with a paid subscription and access without paying. Person weighted with PWGTP. Households the Census suppressed for data year 2024, code 8, appear in Pennsylvania only and are excluded from all three technology indicators so the shared universe holds. Rebuilt 7 August 2026. See ADA-PARC-Website-Design/docs/tech-access-rebuild-plan.qmd."
41,Oregon,OR,2024,rel_score_int,CP,relative,Internet Access: Relative,92.37420700443208,NA,92.37420700443208,higher_better,none,1,acs_ready,"2020-2024 ACS 5-year PUMS, variable ACCESSINET, counting codes 1 and 2 both as yes, which are access with a paid subscription and access without paying. Person weighted with PWGTP. Households the Census suppressed for data year 2024, code 8, appear in Pennsylvania only and are excluded from all three technology indicators so the shared universe holds. Rebuilt 7 August 2026. See ADA-PARC-Website-Design/docs/tech-access-rebuild-plan.qmd."
42,Pennsylvania,PA,2024,rel_score_int,CP,relative,Internet Access: Relative,87.78531079772256,NA,87.78531079772256,higher_better,none,1,acs_ready,"2020-2024 ACS 5-year PUMS, variable ACCESSINET, counting codes 1 and 2 both as yes, which are access with a paid subscription and access without paying. Person weighted with PWGTP. Households the Census suppressed for data year 2024, code 8, appear in Pennsylvania only and are excluded from all three technology indicators so the shared universe holds. Rebuilt 7 August 2026. See ADA-PARC-Website-Design/docs/tech-access-rebuild-plan.qmd."
44,Rhode Island,RI,2024,rel_score_int,CP,relative,Internet Access: Relative,89.33756899605146,NA,89.33756899605146,higher_better,none,1,acs_ready,"2020-2024 ACS 5-year PUMS, variable ACCESSINET, counting codes 1 and 2 both as yes, which are access with a paid subscription and access without paying. Person weighted with PWGTP. Households the Census suppressed for data year 2024, code 8, appear in Pennsylvania only and are excluded from all three technology indicators so the shared universe holds. Rebuilt 7 August 2026. See ADA-PARC-Website-Design/docs/tech-access-rebuild-plan.qmd."
45,South Carolina,SC,2024,rel_score_int,CP,relative,Internet Access: Relative,87.5856640548781,NA,87.5856640548781,higher_better,none,1,acs_ready,"2020-2024 ACS 5-year PUMS, variable ACCESSINET, counting codes 1 and 2 both as yes, which are access with a paid subscription and access without paying. Person weighted with PWGTP. Households the Census suppressed for data year 2024, code 8, appear in Pennsylvania only and are excluded from all three technology indicators so the shared universe holds. Rebuilt 7 August 2026. See ADA-PARC-Website-Design/docs/tech-access-rebuild-plan.qmd."
46,South Dakota,SD,2024,rel_score_int,CP,relative,Internet Access: Relative,88.16582535975289,NA,88.16582535975289,higher_better,none,1,acs_ready,"2020-2024 ACS 5-year PUMS, variable ACCESSINET, counting codes 1 and 2 both as yes, which are access with a paid subscription and access without paying. Person weighted with PWGTP. Households the Census suppressed for data year 2024, code 8, appear in Pennsylvania only and are excluded from all three technology indicators so the shared universe holds. Rebuilt 7 August 2026. See ADA-PARC-Website-Design/docs/tech-access-rebuild-plan.qmd."
47,Tennessee,TN,2024,rel_score_int,CP,relative,Internet Access: Relative,86.68647050844282,NA,86.68647050844282,higher_better,none,1,acs_ready,"2020-2024 ACS 5-year PUMS, variable ACCESSINET, counting codes 1 and 2 both as yes, which are access with a paid subscription and access without paying. Person weighted with PWGTP. Households the Census suppressed for data year 2024, code 8, appear in Pennsylvania only and are excluded from all three technology indicators so the shared universe holds. Rebuilt 7 August 2026. See ADA-PARC-Website-Design/docs/tech-access-rebuild-plan.qmd."
48,Texas,TX,2024,rel_score_int,CP,relative,Internet Access: Relative,90.04225920908577,NA,90.04225920908577,higher_better,none,1,acs_ready,"2020-2024 ACS 5-year PUMS, variable ACCESSINET, counting codes 1 and 2 both as yes, which are access with a paid subscription and access without paying. Person weighted with PWGTP. Households the Census suppressed for data year 2024, code 8, appear in Pennsylvania only and are excluded from all three technology indicators so the shared universe holds. Rebuilt 7 August 2026. See ADA-PARC-Website-Design/docs/tech-access-rebuild-plan.qmd."
49,Utah,UT,2024,rel_score_int,CP,relative,Internet Access: Relative,94.10629669156884,NA,94.10629669156884,higher_better,none,1,acs_ready,"2020-2024 ACS 5-year PUMS, variable ACCESSINET, counting codes 1 and 2 both as yes, which are access with a paid subscription and access without paying. Person weighted with PWGTP. Households the Census suppressed for data year 2024, code 8, appear in Pennsylvania only and are excluded from all three technology indicators so the shared universe holds. Rebuilt 7 August 2026. See ADA-PARC-Website-Design/docs/tech-access-rebuild-plan.qmd."
50,Vermont,VT,2024,rel_score_int,CP,relative,Internet Access: Relative,88.98492324247593,NA,88.98492324247593,higher_better,none,1,acs_ready,"2020-2024 ACS 5-year PUMS, variable ACCESSINET, counting codes 1 and 2 both as yes, which are access with a paid subscription and access without paying. Person weighted with PWGTP. Households the Census suppressed for data year 2024, code 8, appear in Pennsylvania only and are excluded from all three technology indicators so the shared universe holds. Rebuilt 7 August 2026. See ADA-PARC-Website-Design/docs/tech-access-rebuild-plan.qmd."
51,Virginia,VA,2024,rel_score_int,CP,relative,Internet Access: Relative,88.3494463799503,NA,88.3494463799503,higher_better,none,1,acs_ready,"2020-2024 ACS 5-year PUMS, variable ACCESSINET, counting codes 1 and 2 both as yes, which are access with a paid subscription and access without paying. Person weighted with PWGTP. Households the Census suppressed for data year 2024, code 8, appear in Pennsylvania only and are excluded from all three technology indicators so the shared universe holds. Rebuilt 7 August 2026. See ADA-PARC-Website-Design/docs/tech-access-rebuild-plan.qmd."
53,Washington,WA,2024,rel_score_int,CP,relative,Internet Access: Relative,93.05291525403695,NA,93.05291525403695,higher_better,none,1,acs_ready,"2020-2024 ACS 5-year PUMS, variable ACCESSINET, counting codes 1 and 2 both as yes, which are access with a paid subscription and access without paying. Person weighted with PWGTP. Households the Census suppressed for data year 2024, code 8, appear in Pennsylvania only and are excluded from all three technology indicators so the shared universe holds. Rebuilt 7 August 2026. See ADA-PARC-Website-Design/docs/tech-access-rebuild-plan.qmd."
54,West Virginia,WV,2024,rel_score_int,CP,relative,Internet Access: Relative,84.79776595616353,NA,84.79776595616353,higher_better,none,1,acs_ready,"2020-2024 ACS 5-year PUMS, variable ACCESSINET, counting codes 1 and 2 both as yes, which are access with a paid subscription and access without paying. Person weighted with PWGTP. Households the Census suppressed for data year 2024, code 8, appear in Pennsylvania only and are excluded from all three technology indicators so the shared universe holds. Rebuilt 7 August 2026. See ADA-PARC-Website-Design/docs/tech-access-rebuild-plan.qmd."
55,Wisconsin,WI,2024,rel_score_int,CP,relative,Internet Access: Relative,89.06853112373385,NA,89.06853112373385,higher_better,none,1,acs_ready,"2020-2024 ACS 5-year PUMS, variable ACCESSINET, counting codes 1 and 2 both as yes, which are access with a paid subscription and access without paying. Person weighted with PWGTP. Households the Census suppressed for data year 2024, code 8, appear in Pennsylvania only and are excluded from all three technology indicators so the shared universe holds. Rebuilt 7 August 2026. See ADA-PARC-Website-Design/docs/tech-access-rebuild-plan.qmd."
56,Wyoming,WY,2024,rel_score_int,CP,relative,Internet Access: Relative,89.60347502327025,NA,89.60347502327025,higher_better,none,1,acs_ready,"2020-2024 ACS 5-year PUMS, variable ACCESSINET, counting codes 1 and 2 both as yes, which are access with a paid subscription and access without paying. Person weighted with PWGTP. Households the Census suppressed for data year 2024, code 8, appear in Pennsylvania only and are excluded from all three technology indicators so the shared universe holds. Rebuilt 7 August 2026. See ADA-PARC-Website-Design/docs/tech-access-rebuild-plan.qmd."
72,Puerto Rico,PR,2024,rel_score_int,CP,relative,Internet Access: Relative,79.0947595532266,NA,79.0947595532266,higher_better,none,1,acs_ready,"2020-2024 ACS 5-year PUMS, variable ACCESSINET, counting codes 1 and 2 both as yes, which are access with a paid subscription and access without paying. Person weighted with PWGTP. Households the Census suppressed for data year 2024, code 8, appear in Pennsylvania only and are excluded from all three technology indicators so the shared universe holds. Rebuilt 7 August 2026. See ADA-PARC-Website-Design/docs/tech-access-rebuild-plan.qmd."
000,United States,USA,2024,eq_score_int,CP,equity,Internet Access: Equity,89.57302204046493,96.56920052748448,6.996178487019549,lower_better,none,1,acs_ready,"Gap between the disability and non-disability shares within one PUMS household universe. Source, weighting and universe as for rel_score_int."
01,Alabama,AL,2024,eq_score_int,CP,equity,Internet Access: Equity,85.9615244973336,94.87133917088065,8.909814673547046,lower_better,none,1,acs_ready,"Gap between the disability and non-disability shares within one PUMS household universe. Source, weighting and universe as for rel_score_int."
02,Alaska,AK,2024,eq_score_int,CP,equity,Internet Access: Equity,92.42572156196944,96.62156519517862,4.195843633209179,lower_better,none,1,acs_ready,"Gap between the disability and non-disability shares within one PUMS household universe. Source, weighting and universe as for rel_score_int."
04,Arizona,AZ,2024,eq_score_int,CP,equity,Internet Access: Equity,91.1519784319822,96.41630201074672,5.264323578764518,lower_better,none,1,acs_ready,"Gap between the disability and non-disability shares within one PUMS household universe. Source, weighting and universe as for rel_score_int."
05,Arkansas,AR,2024,eq_score_int,CP,equity,Internet Access: Equity,85.40936382229698,94.43103638737253,9.021672565075548,lower_better,none,1,acs_ready,"Gap between the disability and non-disability shares within one PUMS household universe. Source, weighting and universe as for rel_score_int."
06,California,CA,2024,eq_score_int,CP,equity,Internet Access: Equity,92.19978110249664,97.6715095680982,5.471728465601558,lower_better,none,1,acs_ready,"Gap between the disability and non-disability shares within one PUMS household universe. Source, weighting and universe as for rel_score_int."
08,Colorado,CO,2024,eq_score_int,CP,equity,Internet Access: Equity,92.42747813016591,97.87552638929648,5.448048259130573,lower_better,none,1,acs_ready,"Gap between the disability and non-disability shares within one PUMS household universe. Source, weighting and universe as for rel_score_int."
09,Connecticut,CT,2024,eq_score_int,CP,equity,Internet Access: Equity,90.16378558543491,97.64656714648079,7.482781561045883,lower_better,none,1,acs_ready,"Gap between the disability and non-disability shares within one PUMS household universe. Source, weighting and universe as for rel_score_int."
10,Delaware,DE,2024,eq_score_int,CP,equity,Internet Access: Equity,92.08368019110355,96.90597543018119,4.822295239077633,lower_better,none,1,acs_ready,"Gap between the disability and non-disability shares within one PUMS household universe. Source, weighting and universe as for rel_score_int."
11,District of Columbia,DC,2024,eq_score_int,CP,equity,Internet Access: Equity,86.74618120945804,96.92106068190667,10.174879472448623,lower_better,none,1,acs_ready,"Gap between the disability and non-disability shares within one PUMS household universe. Source, weighting and universe as for rel_score_int."
12,Florida,FL,2024,eq_score_int,CP,equity,Internet Access: Equity,91.58108281151745,96.93793960682163,5.356856795304182,lower_better,none,1,acs_ready,"Gap between the disability and non-disability shares within one PUMS household universe. Source, weighting and universe as for rel_score_int."
13,Georgia,GA,2024,eq_score_int,CP,equity,Internet Access: Equity,89.79744850197334,96.28963917957196,6.492190677598629,lower_better,none,1,acs_ready,"Gap between the disability and non-disability shares within one PUMS household universe. Source, weighting and universe as for rel_score_int."
15,Hawaii,HI,2024,eq_score_int,CP,equity,Internet Access: Equity,91.45208268529254,97.55370778503371,6.10162509974117,lower_better,none,1,acs_ready,"Gap between the disability and non-disability shares within one PUMS household universe. Source, weighting and universe as for rel_score_int."
16,Idaho,ID,2024,eq_score_int,CP,equity,Internet Access: Equity,92.34901681379851,97.65044078899905,5.301423975200535,lower_better,none,1,acs_ready,"Gap between the disability and non-disability shares within one PUMS household universe. Source, weighting and universe as for rel_score_int."
17,Illinois,IL,2024,eq_score_int,CP,equity,Internet Access: Equity,88.8358404892398,96.90873866102733,8.072898171787529,lower_better,none,1,acs_ready,"Gap between the disability and non-disability shares within one PUMS household universe. Source, weighting and universe as for rel_score_int."
18,Indiana,IN,2024,eq_score_int,CP,equity,Internet Access: Equity,88.8167213132121,95.61430861037687,6.7975872971647675,lower_better,none,1,acs_ready,"Gap between the disability and non-disability shares within one PUMS household universe. Source, weighting and universe as for rel_score_int."
19,Iowa,IA,2024,eq_score_int,CP,equity,Internet Access: Equity,88.43781946006605,96.02887330311087,7.5910538430448184,lower_better,none,1,acs_ready,"Gap between the disability and non-disability shares within one PUMS household universe. Source, weighting and universe as for rel_score_int."
20,Kansas,KS,2024,eq_score_int,CP,equity,Internet Access: Equity,88.75753130402892,96.75560208410236,7.998070780073448,lower_better,none,1,acs_ready,"Gap between the disability and non-disability shares within one PUMS household universe. Source, weighting and universe as for rel_score_int."
21,Kentucky,KY,2024,eq_score_int,CP,equity,Internet Access: Equity,87.88865108334265,95.56926585535241,7.680614772009761,lower_better,none,1,acs_ready,"Gap between the disability and non-disability shares within one PUMS household universe. Source, weighting and universe as for rel_score_int."
22,Louisiana,LA,2024,eq_score_int,CP,equity,Internet Access: Equity,85.3625048790276,94.15075885741395,8.78825397838635,lower_better,none,1,acs_ready,"Gap between the disability and non-disability shares within one PUMS household universe. Source, weighting and universe as for rel_score_int."
23,Maine,ME,2024,eq_score_int,CP,equity,Internet Access: Equity,89.04019695904908,96.6205002786588,7.580303319609712,lower_better,none,1,acs_ready,"Gap between the disability and non-disability shares within one PUMS household universe. Source, weighting and universe as for rel_score_int."
24,Maryland,MD,2024,eq_score_int,CP,equity,Internet Access: Equity,91.32094085881926,97.47267848379285,6.151737624973592,lower_better,none,1,acs_ready,"Gap between the disability and non-disability shares within one PUMS household universe. Source, weighting and universe as for rel_score_int."
25,Massachusetts,MA,2024,eq_score_int,CP,equity,Internet Access: Equity,90.41290906276005,97.89141778624068,7.47850872348063,lower_better,none,1,acs_ready,"Gap between the disability and non-disability shares within one PUMS household universe. Source, weighting and universe as for rel_score_int."
26,Michigan,MI,2024,eq_score_int,CP,equity,Internet Access: Equity,89.18280018637039,96.35508004154578,7.17227985517539,lower_better,none,1,acs_ready,"Gap between the disability and non-disability shares within one PUMS household universe. Source, weighting and universe as for rel_score_int."
27,Minnesota,MN,2024,eq_score_int,CP,equity,Internet Access: Equity,90.24948005382971,97.51201853822502,7.262538484395307,lower_better,none,1,acs_ready,"Gap between the disability and non-disability shares within one PUMS household universe. Source, weighting and universe as for rel_score_int."
28,Mississippi,MS,2024,eq_score_int,CP,equity,Internet Access: Equity,82.89246132285027,92.82341868176691,9.930957358916643,lower_better,none,1,acs_ready,"Gap between the disability and non-disability shares within one PUMS household universe. Source, weighting and universe as for rel_score_int."
29,Missouri,MO,2024,eq_score_int,CP,equity,Internet Access: Equity,88.36704218473419,95.88464170449997,7.517599519765781,lower_better,none,1,acs_ready,"Gap between the disability and non-disability shares within one PUMS household universe. Source, weighting and universe as for rel_score_int."
30,Montana,MT,2024,eq_score_int,CP,equity,Internet Access: Equity,87.89569212804305,95.60086148407082,7.705169356027767,lower_better,none,1,acs_ready,"Gap between the disability and non-disability shares within one PUMS household universe. Source, weighting and universe as for rel_score_int."
31,Nebraska,NE,2024,eq_score_int,CP,equity,Internet Access: Equity,89.16023095892402,96.96923448613165,7.809003527207636,lower_better,none,1,acs_ready,"Gap between the disability and non-disability shares within one PUMS household universe. Source, weighting and universe as for rel_score_int."
32,Nevada,NV,2024,eq_score_int,CP,equity,Internet Access: Equity,92.39817508443794,97.00446007771498,4.606284993277043,lower_better,none,1,acs_ready,"Gap between the disability and non-disability shares within one PUMS household universe. Source, weighting and universe as for rel_score_int."
33,New Hampshire,NH,2024,eq_score_int,CP,equity,Internet Access: Equity,92.98981090199858,97.85172833309228,4.861917431093701,lower_better,none,1,acs_ready,"Gap between the disability and non-disability shares within one PUMS household universe. Source, weighting and universe as for rel_score_int."
34,New Jersey,NJ,2024,eq_score_int,CP,equity,Internet Access: Equity,90.4234773761583,97.0637253076111,6.640247931452791,lower_better,none,1,acs_ready,"Gap between the disability and non-disability shares within one PUMS household universe. Source, weighting and universe as for rel_score_int."
35,New Mexico,NM,2024,eq_score_int,CP,equity,Internet Access: Equity,85.40811829103576,94.11843113346308,8.710312842427314,lower_better,none,1,acs_ready,"Gap between the disability and non-disability shares within one PUMS household universe. Source, weighting and universe as for rel_score_int."
36,New York,NY,2024,eq_score_int,CP,equity,Internet Access: Equity,89.06533238990532,95.79640640679604,6.731074016890716,lower_better,none,1,acs_ready,"Gap between the disability and non-disability shares within one PUMS household universe. Source, weighting and universe as for rel_score_int."
37,North Carolina,NC,2024,eq_score_int,CP,equity,Internet Access: Equity,87.9924872011778,96.15387721314869,8.161390011970894,lower_better,none,1,acs_ready,"Gap between the disability and non-disability shares within one PUMS household universe. Source, weighting and universe as for rel_score_int."
38,North Dakota,ND,2024,eq_score_int,CP,equity,Internet Access: Equity,87.77511318302031,96.65152996646731,8.876416783446999,lower_better,none,1,acs_ready,"Gap between the disability and non-disability shares within one PUMS household universe. Source, weighting and universe as for rel_score_int."
39,Ohio,OH,2024,eq_score_int,CP,equity,Internet Access: Equity,88.62498421671184,95.96459359833571,7.339609381623873,lower_better,none,1,acs_ready,"Gap between the disability and non-disability shares within one PUMS household universe. Source, weighting and universe as for rel_score_int."
40,Oklahoma,OK,2024,eq_score_int,CP,equity,Internet Access: Equity,88.08838527249102,95.84442587710603,7.756040604615009,lower_better,none,1,acs_ready,"Gap between the disability and non-disability shares within one PUMS household universe. Source, weighting and universe as for rel_score_int."
41,Oregon,OR,2024,eq_score_int,CP,equity,Internet Access: Equity,92.37420700443208,97.61868766225861,5.244480657826529,lower_better,none,1,acs_ready,"Gap between the disability and non-disability shares within one PUMS household universe. Source, weighting and universe as for rel_score_int."
42,Pennsylvania,PA,2024,eq_score_int,CP,equity,Internet Access: Equity,87.78531079772256,95.76654203171815,7.981231233995587,lower_better,none,1,acs_ready,"Gap between the disability and non-disability shares within one PUMS household universe. Source, weighting and universe as for rel_score_int."
44,Rhode Island,RI,2024,eq_score_int,CP,equity,Internet Access: Equity,89.33756899605146,97.34126710019505,8.003698104143595,lower_better,none,1,acs_ready,"Gap between the disability and non-disability shares within one PUMS household universe. Source, weighting and universe as for rel_score_int."
45,South Carolina,SC,2024,eq_score_int,CP,equity,Internet Access: Equity,87.5856640548781,95.47650073191483,7.890836677036731,lower_better,none,1,acs_ready,"Gap between the disability and non-disability shares within one PUMS household universe. Source, weighting and universe as for rel_score_int."
46,South Dakota,SD,2024,eq_score_int,CP,equity,Internet Access: Equity,88.16582535975289,96.20639302418417,8.04056766443128,lower_better,none,1,acs_ready,"Gap between the disability and non-disability shares within one PUMS household universe. Source, weighting and universe as for rel_score_int."
47,Tennessee,TN,2024,eq_score_int,CP,equity,Internet Access: Equity,86.68647050844282,95.819448019647,9.132977511204174,lower_better,none,1,acs_ready,"Gap between the disability and non-disability shares within one PUMS household universe. Source, weighting and universe as for rel_score_int."
48,Texas,TX,2024,eq_score_int,CP,equity,Internet Access: Equity,90.04225920908577,96.3470034985001,6.30474428941433,lower_better,none,1,acs_ready,"Gap between the disability and non-disability shares within one PUMS household universe. Source, weighting and universe as for rel_score_int."
49,Utah,UT,2024,eq_score_int,CP,equity,Internet Access: Equity,94.10629669156884,98.53888434062117,4.432587649052323,lower_better,none,1,acs_ready,"Gap between the disability and non-disability shares within one PUMS household universe. Source, weighting and universe as for rel_score_int."
50,Vermont,VT,2024,eq_score_int,CP,equity,Internet Access: Equity,88.98492324247593,96.8470708778018,7.862147635325869,lower_better,none,1,acs_ready,"Gap between the disability and non-disability shares within one PUMS household universe. Source, weighting and universe as for rel_score_int."
51,Virginia,VA,2024,eq_score_int,CP,equity,Internet Access: Equity,88.3494463799503,96.60207385303187,8.252627473081574,lower_better,none,1,acs_ready,"Gap between the disability and non-disability shares within one PUMS household universe. Source, weighting and universe as for rel_score_int."
53,Washington,WA,2024,eq_score_int,CP,equity,Internet Access: Equity,93.05291525403695,97.98851365878016,4.935598404743217,lower_better,none,1,acs_ready,"Gap between the disability and non-disability shares within one PUMS household universe. Source, weighting and universe as for rel_score_int."
54,West Virginia,WV,2024,eq_score_int,CP,equity,Internet Access: Equity,84.79776595616353,94.65866839881217,9.860902442648637,lower_better,none,1,acs_ready,"Gap between the disability and non-disability shares within one PUMS household universe. Source, weighting and universe as for rel_score_int."
55,Wisconsin,WI,2024,eq_score_int,CP,equity,Internet Access: Equity,89.06853112373385,96.36140409071444,7.292872966980596,lower_better,none,1,acs_ready,"Gap between the disability and non-disability shares within one PUMS household universe. Source, weighting and universe as for rel_score_int."
56,Wyoming,WY,2024,eq_score_int,CP,equity,Internet Access: Equity,89.60347502327025,96.78326634792263,7.179791324652385,lower_better,none,1,acs_ready,"Gap between the disability and non-disability shares within one PUMS household universe. Source, weighting and universe as for rel_score_int."
72,Puerto Rico,PR,2024,eq_score_int,CP,equity,Internet Access: Equity,79.0947595532266,90.72439508157406,11.629635528347464,lower_better,none,1,acs_ready,"Gap between the disability and non-disability shares within one PUMS household universe. Source, weighting and universe as for rel_score_int."
000,United States,USA,2024,rel_score_privatehealth,CP,relative,Private Health Insurance: Relative,49.05099844920737,NA,49.05099844920737,higher_better,none,1,acs_ready,Source: ACS B18135 row B18135_016E (with disability age 19-64 + private health insurance). Denominator: B18135 'with disability age 19-64 total' row (verify suffix near _016E in 2024 table shell). Variable already present in national_data from prior pull. Age 19-64 per confirmed B18135 row structure.
01,Alabama,AL,2024,rel_score_privatehealth,CP,relative,Private Health Insurance: Relative,50.58493724443771,NA,50.58493724443771,higher_better,none,1,acs_ready,Source: ACS B18135 row B18135_016E (with disability age 19-64 + private health insurance). Denominator: B18135 'with disability age 19-64 total' row (verify suffix near _016E in 2024 table shell). Variable already present in national_data from prior pull. Age 19-64 per confirmed B18135 row structure.
02,Alaska,AK,2024,rel_score_privatehealth,CP,relative,Private Health Insurance: Relative,47.903115538626814,NA,47.903115538626814,higher_better,none,1,acs_ready,Source: ACS B18135 row B18135_016E (with disability age 19-64 + private health insurance). Denominator: B18135 'with disability age 19-64 total' row (verify suffix near _016E in 2024 table shell). Variable already present in national_data from prior pull. Age 19-64 per confirmed B18135 row structure.
04,Arizona,AZ,2024,rel_score_privatehealth,CP,relative,Private Health Insurance: Relative,49.13958137896198,NA,49.13958137896198,higher_better,none,1,acs_ready,Source: ACS B18135 row B18135_016E (with disability age 19-64 + private health insurance). Denominator: B18135 'with disability age 19-64 total' row (verify suffix near _016E in 2024 table shell). Variable already present in national_data from prior pull. Age 19-64 per confirmed B18135 row structure.
05,Arkansas,AR,2024,rel_score_privatehealth,CP,relative,Private Health Insurance: Relative,41.18256589599119,NA,41.18256589599119,higher_better,none,1,acs_ready,Source: ACS B18135 row B18135_016E (with disability age 19-64 + private health insurance). Denominator: B18135 'with disability age 19-64 total' row (verify suffix near _016E in 2024 table shell). Variable already present in national_data from prior pull. Age 19-64 per confirmed B18135 row structure.
06,California,CA,2024,rel_score_privatehealth,CP,relative,Private Health Insurance: Relative,45.95810943221327,NA,45.95810943221327,higher_better,none,1,acs_ready,Source: ACS B18135 row B18135_016E (with disability age 19-64 + private health insurance). Denominator: B18135 'with disability age 19-64 total' row (verify suffix near _016E in 2024 table shell). Variable already present in national_data from prior pull. Age 19-64 per confirmed B18135 row structure.
08,Colorado,CO,2024,rel_score_privatehealth,CP,relative,Private Health Insurance: Relative,54.42896575646494,NA,54.42896575646494,higher_better,none,1,acs_ready,Source: ACS B18135 row B18135_016E (with disability age 19-64 + private health insurance). Denominator: B18135 'with disability age 19-64 total' row (verify suffix near _016E in 2024 table shell). Variable already present in national_data from prior pull. Age 19-64 per confirmed B18135 row structure.
09,Connecticut,CT,2024,rel_score_privatehealth,CP,relative,Private Health Insurance: Relative,47.04594227652959,NA,47.04594227652959,higher_better,none,1,acs_ready,Source: ACS B18135 row B18135_016E (with disability age 19-64 + private health insurance). Denominator: B18135 'with disability age 19-64 total' row (verify suffix near _016E in 2024 table shell). Variable already present in national_data from prior pull. Age 19-64 per confirmed B18135 row structure.
10,Delaware,DE,2024,rel_score_privatehealth,CP,relative,Private Health Insurance: Relative,51.53628990096644,NA,51.53628990096644,higher_better,none,1,acs_ready,Source: ACS B18135 row B18135_016E (with disability age 19-64 + private health insurance). Denominator: B18135 'with disability age 19-64 total' row (verify suffix near _016E in 2024 table shell). Variable already present in national_data from prior pull. Age 19-64 per confirmed B18135 row structure.
11,District of Columbia,DC,2024,rel_score_privatehealth,CP,relative,Private Health Insurance: Relative,45.865431610305585,NA,45.865431610305585,higher_better,none,1,acs_ready,Source: ACS B18135 row B18135_016E (with disability age 19-64 + private health insurance). Denominator: B18135 'with disability age 19-64 total' row (verify suffix near _016E in 2024 table shell). Variable already present in national_data from prior pull. Age 19-64 per confirmed B18135 row structure.
12,Florida,FL,2024,rel_score_privatehealth,CP,relative,Private Health Insurance: Relative,51.545443474917604,NA,51.545443474917604,higher_better,none,1,acs_ready,Source: ACS B18135 row B18135_016E (with disability age 19-64 + private health insurance). Denominator: B18135 'with disability age 19-64 total' row (verify suffix near _016E in 2024 table shell). Variable already present in national_data from prior pull. Age 19-64 per confirmed B18135 row structure.
13,Georgia,GA,2024,rel_score_privatehealth,CP,relative,Private Health Insurance: Relative,52.02337506991477,NA,52.02337506991477,higher_better,none,1,acs_ready,Source: ACS B18135 row B18135_016E (with disability age 19-64 + private health insurance). Denominator: B18135 'with disability age 19-64 total' row (verify suffix near _016E in 2024 table shell). Variable already present in national_data from prior pull. Age 19-64 per confirmed B18135 row structure.
15,Hawaii,HI,2024,rel_score_privatehealth,CP,relative,Private Health Insurance: Relative,57.45537807939529,NA,57.45537807939529,higher_better,none,1,acs_ready,Source: ACS B18135 row B18135_016E (with disability age 19-64 + private health insurance). Denominator: B18135 'with disability age 19-64 total' row (verify suffix near _016E in 2024 table shell). Variable already present in national_data from prior pull. Age 19-64 per confirmed B18135 row structure.
16,Idaho,ID,2024,rel_score_privatehealth,CP,relative,Private Health Insurance: Relative,52.590582815912455,NA,52.590582815912455,higher_better,none,1,acs_ready,Source: ACS B18135 row B18135_016E (with disability age 19-64 + private health insurance). Denominator: B18135 'with disability age 19-64 total' row (verify suffix near _016E in 2024 table shell). Variable already present in national_data from prior pull. Age 19-64 per confirmed B18135 row structure.
17,Illinois,IL,2024,rel_score_privatehealth,CP,relative,Private Health Insurance: Relative,50.387665149755954,NA,50.387665149755954,higher_better,none,1,acs_ready,Source: ACS B18135 row B18135_016E (with disability age 19-64 + private health insurance). Denominator: B18135 'with disability age 19-64 total' row (verify suffix near _016E in 2024 table shell). Variable already present in national_data from prior pull. Age 19-64 per confirmed B18135 row structure.
18,Indiana,IN,2024,rel_score_privatehealth,CP,relative,Private Health Insurance: Relative,48.02879478094596,NA,48.02879478094596,higher_better,none,1,acs_ready,Source: ACS B18135 row B18135_016E (with disability age 19-64 + private health insurance). Denominator: B18135 'with disability age 19-64 total' row (verify suffix near _016E in 2024 table shell). Variable already present in national_data from prior pull. Age 19-64 per confirmed B18135 row structure.
19,Iowa,IA,2024,rel_score_privatehealth,CP,relative,Private Health Insurance: Relative,50.73959687906372,NA,50.73959687906372,higher_better,none,1,acs_ready,Source: ACS B18135 row B18135_016E (with disability age 19-64 + private health insurance). Denominator: B18135 'with disability age 19-64 total' row (verify suffix near _016E in 2024 table shell). Variable already present in national_data from prior pull. Age 19-64 per confirmed B18135 row structure.
20,Kansas,KS,2024,rel_score_privatehealth,CP,relative,Private Health Insurance: Relative,55.26362988813217,NA,55.26362988813217,higher_better,none,1,acs_ready,Source: ACS B18135 row B18135_016E (with disability age 19-64 + private health insurance). Denominator: B18135 'with disability age 19-64 total' row (verify suffix near _016E in 2024 table shell). Variable already present in national_data from prior pull. Age 19-64 per confirmed B18135 row structure.
21,Kentucky,KY,2024,rel_score_privatehealth,CP,relative,Private Health Insurance: Relative,40.671859170681145,NA,40.671859170681145,higher_better,none,1,acs_ready,Source: ACS B18135 row B18135_016E (with disability age 19-64 + private health insurance). Denominator: B18135 'with disability age 19-64 total' row (verify suffix near _016E in 2024 table shell). Variable already present in national_data from prior pull. Age 19-64 per confirmed B18135 row structure.
22,Louisiana,LA,2024,rel_score_privatehealth,CP,relative,Private Health Insurance: Relative,40.811066583485776,NA,40.811066583485776,higher_better,none,1,acs_ready,Source: ACS B18135 row B18135_016E (with disability age 19-64 + private health insurance). Denominator: B18135 'with disability age 19-64 total' row (verify suffix near _016E in 2024 table shell). Variable already present in national_data from prior pull. Age 19-64 per confirmed B18135 row structure.
23,Maine,ME,2024,rel_score_privatehealth,CP,relative,Private Health Insurance: Relative,46.55367760662952,NA,46.55367760662952,higher_better,none,1,acs_ready,Source: ACS B18135 row B18135_016E (with disability age 19-64 + private health insurance). Denominator: B18135 'with disability age 19-64 total' row (verify suffix near _016E in 2024 table shell). Variable already present in national_data from prior pull. Age 19-64 per confirmed B18135 row structure.
24,Maryland,MD,2024,rel_score_privatehealth,CP,relative,Private Health Insurance: Relative,55.493061092430175,NA,55.493061092430175,higher_better,none,1,acs_ready,Source: ACS B18135 row B18135_016E (with disability age 19-64 + private health insurance). Denominator: B18135 'with disability age 19-64 total' row (verify suffix near _016E in 2024 table shell). Variable already present in national_data from prior pull. Age 19-64 per confirmed B18135 row structure.
25,Massachusetts,MA,2024,rel_score_privatehealth,CP,relative,Private Health Insurance: Relative,47.86995569739246,NA,47.86995569739246,higher_better,none,1,acs_ready,Source: ACS B18135 row B18135_016E (with disability age 19-64 + private health insurance). Denominator: B18135 'with disability age 19-64 total' row (verify suffix near _016E in 2024 table shell). Variable already present in national_data from prior pull. Age 19-64 per confirmed B18135 row structure.
26,Michigan,MI,2024,rel_score_privatehealth,CP,relative,Private Health Insurance: Relative,46.237038394677064,NA,46.237038394677064,higher_better,none,1,acs_ready,Source: ACS B18135 row B18135_016E (with disability age 19-64 + private health insurance). Denominator: B18135 'with disability age 19-64 total' row (verify suffix near _016E in 2024 table shell). Variable already present in national_data from prior pull. Age 19-64 per confirmed B18135 row structure.
27,Minnesota,MN,2024,rel_score_privatehealth,CP,relative,Private Health Insurance: Relative,49.638179608506015,NA,49.638179608506015,higher_better,none,1,acs_ready,Source: ACS B18135 row B18135_016E (with disability age 19-64 + private health insurance). Denominator: B18135 'with disability age 19-64 total' row (verify suffix near _016E in 2024 table shell). Variable already present in national_data from prior pull. Age 19-64 per confirmed B18135 row structure.
28,Mississippi,MS,2024,rel_score_privatehealth,CP,relative,Private Health Insurance: Relative,45.156420427311396,NA,45.156420427311396,higher_better,none,1,acs_ready,Source: ACS B18135 row B18135_016E (with disability age 19-64 + private health insurance). Denominator: B18135 'with disability age 19-64 total' row (verify suffix near _016E in 2024 table shell). Variable already present in national_data from prior pull. Age 19-64 per confirmed B18135 row structure.
29,Missouri,MO,2024,rel_score_privatehealth,CP,relative,Private Health Insurance: Relative,48.34040597007158,NA,48.34040597007158,higher_better,none,1,acs_ready,Source: ACS B18135 row B18135_016E (with disability age 19-64 + private health insurance). Denominator: B18135 'with disability age 19-64 total' row (verify suffix near _016E in 2024 table shell). Variable already present in national_data from prior pull. Age 19-64 per confirmed B18135 row structure.
30,Montana,MT,2024,rel_score_privatehealth,CP,relative,Private Health Insurance: Relative,47.47562946358755,NA,47.47562946358755,higher_better,none,1,acs_ready,Source: ACS B18135 row B18135_016E (with disability age 19-64 + private health insurance). Denominator: B18135 'with disability age 19-64 total' row (verify suffix near _016E in 2024 table shell). Variable already present in national_data from prior pull. Age 19-64 per confirmed B18135 row structure.
31,Nebraska,NE,2024,rel_score_privatehealth,CP,relative,Private Health Insurance: Relative,56.67137743401399,NA,56.67137743401399,higher_better,none,1,acs_ready,Source: ACS B18135 row B18135_016E (with disability age 19-64 + private health insurance). Denominator: B18135 'with disability age 19-64 total' row (verify suffix near _016E in 2024 table shell). Variable already present in national_data from prior pull. Age 19-64 per confirmed B18135 row structure.
32,Nevada,NV,2024,rel_score_privatehealth,CP,relative,Private Health Insurance: Relative,51.07687535070872,NA,51.07687535070872,higher_better,none,1,acs_ready,Source: ACS B18135 row B18135_016E (with disability age 19-64 + private health insurance). Denominator: B18135 'with disability age 19-64 total' row (verify suffix near _016E in 2024 table shell). Variable already present in national_data from prior pull. Age 19-64 per confirmed B18135 row structure.
33,New Hampshire,NH,2024,rel_score_privatehealth,CP,relative,Private Health Insurance: Relative,56.252272902593035,NA,56.252272902593035,higher_better,none,1,acs_ready,Source: ACS B18135 row B18135_016E (with disability age 19-64 + private health insurance). Denominator: B18135 'with disability age 19-64 total' row (verify suffix near _016E in 2024 table shell). Variable already present in national_data from prior pull. Age 19-64 per confirmed B18135 row structure.
34,New Jersey,NJ,2024,rel_score_privatehealth,CP,relative,Private Health Insurance: Relative,53.46235070719977,NA,53.46235070719977,higher_better,none,1,acs_ready,Source: ACS B18135 row B18135_016E (with disability age 19-64 + private health insurance). Denominator: B18135 'with disability age 19-64 total' row (verify suffix near _016E in 2024 table shell). Variable already present in national_data from prior pull. Age 19-64 per confirmed B18135 row structure.
35,New Mexico,NM,2024,rel_score_privatehealth,CP,relative,Private Health Insurance: Relative,37.65755005713432,NA,37.65755005713432,higher_better,none,1,acs_ready,Source: ACS B18135 row B18135_016E (with disability age 19-64 + private health insurance). Denominator: B18135 'with disability age 19-64 total' row (verify suffix near _016E in 2024 table shell). Variable already present in national_data from prior pull. Age 19-64 per confirmed B18135 row structure.
36,New York,NY,2024,rel_score_privatehealth,CP,relative,Private Health Insurance: Relative,45.605455962987904,NA,45.605455962987904,higher_better,none,1,acs_ready,Source: ACS B18135 row B18135_016E (with disability age 19-64 + private health insurance). Denominator: B18135 'with disability age 19-64 total' row (verify suffix near _016E in 2024 table shell). Variable already present in national_data from prior pull. Age 19-64 per confirmed B18135 row structure.
37,North Carolina,NC,2024,rel_score_privatehealth,CP,relative,Private Health Insurance: Relative,50.23531428153984,NA,50.23531428153984,higher_better,none,1,acs_ready,Source: ACS B18135 row B18135_016E (with disability age 19-64 + private health insurance). Denominator: B18135 'with disability age 19-64 total' row (verify suffix near _016E in 2024 table shell). Variable already present in national_data from prior pull. Age 19-64 per confirmed B18135 row structure.
38,North Dakota,ND,2024,rel_score_privatehealth,CP,relative,Private Health Insurance: Relative,58.21901270879519,NA,58.21901270879519,higher_better,none,1,acs_ready,Source: ACS B18135 row B18135_016E (with disability age 19-64 + private health insurance). Denominator: B18135 'with disability age 19-64 total' row (verify suffix near _016E in 2024 table shell). Variable already present in national_data from prior pull. Age 19-64 per confirmed B18135 row structure.
39,Ohio,OH,2024,rel_score_privatehealth,CP,relative,Private Health Insurance: Relative,43.89709926499475,NA,43.89709926499475,higher_better,none,1,acs_ready,Source: ACS B18135 row B18135_016E (with disability age 19-64 + private health insurance). Denominator: B18135 'with disability age 19-64 total' row (verify suffix near _016E in 2024 table shell). Variable already present in national_data from prior pull. Age 19-64 per confirmed B18135 row structure.
40,Oklahoma,OK,2024,rel_score_privatehealth,CP,relative,Private Health Insurance: Relative,47.61171989485186,NA,47.61171989485186,higher_better,none,1,acs_ready,Source: ACS B18135 row B18135_016E (with disability age 19-64 + private health insurance). Denominator: B18135 'with disability age 19-64 total' row (verify suffix near _016E in 2024 table shell). Variable already present in national_data from prior pull. Age 19-64 per confirmed B18135 row structure.
41,Oregon,OR,2024,rel_score_privatehealth,CP,relative,Private Health Insurance: Relative,46.97782331890172,NA,46.97782331890172,higher_better,none,1,acs_ready,Source: ACS B18135 row B18135_016E (with disability age 19-64 + private health insurance). Denominator: B18135 'with disability age 19-64 total' row (verify suffix near _016E in 2024 table shell). Variable already present in national_data from prior pull. Age 19-64 per confirmed B18135 row structure.
42,Pennsylvania,PA,2024,rel_score_privatehealth,CP,relative,Private Health Insurance: Relative,48.78528924379032,NA,48.78528924379032,higher_better,none,1,acs_ready,Source: ACS B18135 row B18135_016E (with disability age 19-64 + private health insurance). Denominator: B18135 'with disability age 19-64 total' row (verify suffix near _016E in 2024 table shell). Variable already present in national_data from prior pull. Age 19-64 per confirmed B18135 row structure.
44,Rhode Island,RI,2024,rel_score_privatehealth,CP,relative,Private Health Insurance: Relative,48.3510431079647,NA,48.3510431079647,higher_better,none,1,acs_ready,Source: ACS B18135 row B18135_016E (with disability age 19-64 + private health insurance). Denominator: B18135 'with disability age 19-64 total' row (verify suffix near _016E in 2024 table shell). Variable already present in national_data from prior pull. Age 19-64 per confirmed B18135 row structure.
45,South Carolina,SC,2024,rel_score_privatehealth,CP,relative,Private Health Insurance: Relative,50.8271368711701,NA,50.8271368711701,higher_better,none,1,acs_ready,Source: ACS B18135 row B18135_016E (with disability age 19-64 + private health insurance). Denominator: B18135 'with disability age 19-64 total' row (verify suffix near _016E in 2024 table shell). Variable already present in national_data from prior pull. Age 19-64 per confirmed B18135 row structure.
46,South Dakota,SD,2024,rel_score_privatehealth,CP,relative,Private Health Insurance: Relative,53.46101127017972,NA,53.46101127017972,higher_better,none,1,acs_ready,Source: ACS B18135 row B18135_016E (with disability age 19-64 + private health insurance). Denominator: B18135 'with disability age 19-64 total' row (verify suffix near _016E in 2024 table shell). Variable already present in national_data from prior pull. Age 19-64 per confirmed B18135 row structure.
47,Tennessee,TN,2024,rel_score_privatehealth,CP,relative,Private Health Insurance: Relative,48.04357719877119,NA,48.04357719877119,higher_better,none,1,acs_ready,Source: ACS B18135 row B18135_016E (with disability age 19-64 + private health insurance). Denominator: B18135 'with disability age 19-64 total' row (verify suffix near _016E in 2024 table shell). Variable already present in national_data from prior pull. Age 19-64 per confirmed B18135 row structure.
48,Texas,TX,2024,rel_score_privatehealth,CP,relative,Private Health Insurance: Relative,52.22386402005479,NA,52.22386402005479,higher_better,none,1,acs_ready,Source: ACS B18135 row B18135_016E (with disability age 19-64 + private health insurance). Denominator: B18135 'with disability age 19-64 total' row (verify suffix near _016E in 2024 table shell). Variable already present in national_data from prior pull. Age 19-64 per confirmed B18135 row structure.
49,Utah,UT,2024,rel_score_privatehealth,CP,relative,Private Health Insurance: Relative,63.41993141431986,NA,63.41993141431986,higher_better,none,1,acs_ready,Source: ACS B18135 row B18135_016E (with disability age 19-64 + private health insurance). Denominator: B18135 'with disability age 19-64 total' row (verify suffix near _016E in 2024 table shell). Variable already present in national_data from prior pull. Age 19-64 per confirmed B18135 row structure.
50,Vermont,VT,2024,rel_score_privatehealth,CP,relative,Private Health Insurance: Relative,45.55661522455349,NA,45.55661522455349,higher_better,none,1,acs_ready,Source: ACS B18135 row B18135_016E (with disability age 19-64 + private health insurance). Denominator: B18135 'with disability age 19-64 total' row (verify suffix near _016E in 2024 table shell). Variable already present in national_data from prior pull. Age 19-64 per confirmed B18135 row structure.
51,Virginia,VA,2024,rel_score_privatehealth,CP,relative,Private Health Insurance: Relative,54.24922618542218,NA,54.24922618542218,higher_better,none,1,acs_ready,Source: ACS B18135 row B18135_016E (with disability age 19-64 + private health insurance). Denominator: B18135 'with disability age 19-64 total' row (verify suffix near _016E in 2024 table shell). Variable already present in national_data from prior pull. Age 19-64 per confirmed B18135 row structure.
53,Washington,WA,2024,rel_score_privatehealth,CP,relative,Private Health Insurance: Relative,52.69511627290726,NA,52.69511627290726,higher_better,none,1,acs_ready,Source: ACS B18135 row B18135_016E (with disability age 19-64 + private health insurance). Denominator: B18135 'with disability age 19-64 total' row (verify suffix near _016E in 2024 table shell). Variable already present in national_data from prior pull. Age 19-64 per confirmed B18135 row structure.
54,West Virginia,WV,2024,rel_score_privatehealth,CP,relative,Private Health Insurance: Relative,41.05098451413316,NA,41.05098451413316,higher_better,none,1,acs_ready,Source: ACS B18135 row B18135_016E (with disability age 19-64 + private health insurance). Denominator: B18135 'with disability age 19-64 total' row (verify suffix near _016E in 2024 table shell). Variable already present in national_data from prior pull. Age 19-64 per confirmed B18135 row structure.
55,Wisconsin,WI,2024,rel_score_privatehealth,CP,relative,Private Health Insurance: Relative,51.41654740481487,NA,51.41654740481487,higher_better,none,1,acs_ready,Source: ACS B18135 row B18135_016E (with disability age 19-64 + private health insurance). Denominator: B18135 'with disability age 19-64 total' row (verify suffix near _016E in 2024 table shell). Variable already present in national_data from prior pull. Age 19-64 per confirmed B18135 row structure.
56,Wyoming,WY,2024,rel_score_privatehealth,CP,relative,Private Health Insurance: Relative,56.85302438367237,NA,56.85302438367237,higher_better,none,1,acs_ready,Source: ACS B18135 row B18135_016E (with disability age 19-64 + private health insurance). Denominator: B18135 'with disability age 19-64 total' row (verify suffix near _016E in 2024 table shell). Variable already present in national_data from prior pull. Age 19-64 per confirmed B18135 row structure.
72,Puerto Rico,PR,2024,rel_score_privatehealth,CP,relative,Private Health Insurance: Relative,28.679796916015654,NA,28.679796916015654,higher_better,none,1,acs_ready,Source: ACS B18135 row B18135_016E (with disability age 19-64 + private health insurance). Denominator: B18135 'with disability age 19-64 total' row (verify suffix near _016E in 2024 table shell). Variable already present in national_data from prior pull. Age 19-64 per confirmed B18135 row structure.
000,United States,USA,2024,eq_score_privatehealth,CP,equity,Private Health Insurance: Equity,49.05099844920737,76.12831657198608,27.077318122778706,lower_better,none,1,acs_ready,PWOD: corresponding B18135 no-disability age 19-64 private health insurance row.
01,Alabama,AL,2024,eq_score_privatehealth,CP,equity,Private Health Insurance: Equity,50.58493724443771,78.29119291903291,27.706255674595198,lower_better,none,1,acs_ready,PWOD: corresponding B18135 no-disability age 19-64 private health insurance row.
02,Alaska,AK,2024,eq_score_privatehealth,CP,equity,Private Health Insurance: Equity,47.903115538626814,71.72635565277007,23.823240114143253,lower_better,none,1,acs_ready,PWOD: corresponding B18135 no-disability age 19-64 private health insurance row.
04,Arizona,AZ,2024,eq_score_privatehealth,CP,equity,Private Health Insurance: Equity,49.13958137896198,72.46757451144667,23.327993132484693,lower_better,none,1,acs_ready,PWOD: corresponding B18135 no-disability age 19-64 private health insurance row.
05,Arkansas,AR,2024,eq_score_privatehealth,CP,equity,Private Health Insurance: Equity,41.18256589599119,71.72011963173273,30.53755373574154,lower_better,none,1,acs_ready,PWOD: corresponding B18135 no-disability age 19-64 private health insurance row.
06,California,CA,2024,eq_score_privatehealth,CP,equity,Private Health Insurance: Equity,45.95810943221327,72.0189936808533,26.06088424864003,lower_better,none,1,acs_ready,PWOD: corresponding B18135 no-disability age 19-64 private health insurance row.
08,Colorado,CO,2024,eq_score_privatehealth,CP,equity,Private Health Insurance: Equity,54.42896575646494,78.70621609626885,24.277250339803906,lower_better,none,1,acs_ready,PWOD: corresponding B18135 no-disability age 19-64 private health insurance row.
09,Connecticut,CT,2024,eq_score_privatehealth,CP,equity,Private Health Insurance: Equity,47.04594227652959,77.6949564304354,30.64901415390581,lower_better,none,1,acs_ready,PWOD: corresponding B18135 no-disability age 19-64 private health insurance row.
10,Delaware,DE,2024,eq_score_privatehealth,CP,equity,Private Health Insurance: Equity,51.53628990096644,77.9144035899836,26.37811368901717,lower_better,none,1,acs_ready,PWOD: corresponding B18135 no-disability age 19-64 private health insurance row.
11,District of Columbia,DC,2024,eq_score_privatehealth,CP,equity,Private Health Insurance: Equity,45.865431610305585,80.91102667947058,35.045595069164996,lower_better,none,1,acs_ready,PWOD: corresponding B18135 no-disability age 19-64 private health insurance row.
12,Florida,FL,2024,eq_score_privatehealth,CP,equity,Private Health Insurance: Equity,51.545443474917604,74.94663542029421,23.40119194537661,lower_better,none,1,acs_ready,PWOD: corresponding B18135 no-disability age 19-64 private health insurance row.
13,Georgia,GA,2024,eq_score_privatehealth,CP,equity,Private Health Insurance: Equity,52.02337506991477,75.76299640351097,23.739621333596197,lower_better,none,1,acs_ready,PWOD: corresponding B18135 no-disability age 19-64 private health insurance row.
15,Hawaii,HI,2024,eq_score_privatehealth,CP,equity,Private Health Insurance: Equity,57.45537807939529,83.09965458634144,25.644276506946156,lower_better,none,1,acs_ready,PWOD: corresponding B18135 no-disability age 19-64 private health insurance row.
16,Idaho,ID,2024,eq_score_privatehealth,CP,equity,Private Health Insurance: Equity,52.590582815912455,77.43625783423266,24.845675018320208,lower_better,none,1,acs_ready,PWOD: corresponding B18135 no-disability age 19-64 private health insurance row.
17,Illinois,IL,2024,eq_score_privatehealth,CP,equity,Private Health Insurance: Equity,50.387665149755954,78.05353816926409,27.665873019508133,lower_better,none,1,acs_ready,PWOD: corresponding B18135 no-disability age 19-64 private health insurance row.
18,Indiana,IN,2024,eq_score_privatehealth,CP,equity,Private Health Insurance: Equity,48.02879478094596,78.30813023827994,30.279335457333985,lower_better,none,1,acs_ready,PWOD: corresponding B18135 no-disability age 19-64 private health insurance row.
19,Iowa,IA,2024,eq_score_privatehealth,CP,equity,Private Health Insurance: Equity,50.73959687906372,81.80238850817888,31.06279162911516,lower_better,none,1,acs_ready,PWOD: corresponding B18135 no-disability age 19-64 private health insurance row.
20,Kansas,KS,2024,eq_score_privatehealth,CP,equity,Private Health Insurance: Equity,55.26362988813217,82.79078999603017,27.527160107898,lower_better,none,1,acs_ready,PWOD: corresponding B18135 no-disability age 19-64 private health insurance row.
21,Kentucky,KY,2024,eq_score_privatehealth,CP,equity,Private Health Insurance: Equity,40.671859170681145,73.3677753757553,32.695916205074155,lower_better,none,1,acs_ready,PWOD: corresponding B18135 no-disability age 19-64 private health insurance row.
22,Louisiana,LA,2024,eq_score_privatehealth,CP,equity,Private Health Insurance: Equity,40.811066583485776,67.77941575996188,26.968349176476103,lower_better,none,1,acs_ready,PWOD: corresponding B18135 no-disability age 19-64 private health insurance row.
23,Maine,ME,2024,eq_score_privatehealth,CP,equity,Private Health Insurance: Equity,46.55367760662952,79.20155317466025,32.64787556803073,lower_better,none,1,acs_ready,PWOD: corresponding B18135 no-disability age 19-64 private health insurance row.
24,Maryland,MD,2024,eq_score_privatehealth,CP,equity,Private Health Insurance: Equity,55.493061092430175,79.72863620509243,24.235575112662254,lower_better,none,1,acs_ready,PWOD: corresponding B18135 no-disability age 19-64 private health insurance row.
25,Massachusetts,MA,2024,eq_score_privatehealth,CP,equity,Private Health Insurance: Equity,47.86995569739246,81.52448976535945,33.654534067966985,lower_better,none,1,acs_ready,PWOD: corresponding B18135 no-disability age 19-64 private health insurance row.
26,Michigan,MI,2024,eq_score_privatehealth,CP,equity,Private Health Insurance: Equity,46.237038394677064,77.81840046376325,31.58136206908619,lower_better,none,1,acs_ready,PWOD: corresponding B18135 no-disability age 19-64 private health insurance row.
27,Minnesota,MN,2024,eq_score_privatehealth,CP,equity,Private Health Insurance: Equity,49.638179608506015,82.08306687602123,32.44488726751522,lower_better,none,1,acs_ready,PWOD: corresponding B18135 no-disability age 19-64 private health insurance row.
28,Mississippi,MS,2024,eq_score_privatehealth,CP,equity,Private Health Insurance: Equity,45.156420427311396,73.89436707313412,28.737946645822724,lower_better,none,1,acs_ready,PWOD: corresponding B18135 no-disability age 19-64 private health insurance row.
29,Missouri,MO,2024,eq_score_privatehealth,CP,equity,Private Health Insurance: Equity,48.34040597007158,80.15658920890203,31.816183238830455,lower_better,none,1,acs_ready,PWOD: corresponding B18135 no-disability age 19-64 private health insurance row.
30,Montana,MT,2024,eq_score_privatehealth,CP,equity,Private Health Insurance: Equity,47.47562946358755,74.7648998644241,27.289270400836543,lower_better,none,1,acs_ready,PWOD: corresponding B18135 no-disability age 19-64 private health insurance row.
31,Nebraska,NE,2024,eq_score_privatehealth,CP,equity,Private Health Insurance: Equity,56.67137743401399,83.02876681795874,26.35738938394475,lower_better,none,1,acs_ready,PWOD: corresponding B18135 no-disability age 19-64 private health insurance row.
32,Nevada,NV,2024,eq_score_privatehealth,CP,equity,Private Health Insurance: Equity,51.07687535070872,72.07416569010084,20.997290339392123,lower_better,none,1,acs_ready,PWOD: corresponding B18135 no-disability age 19-64 private health insurance row.
33,New Hampshire,NH,2024,eq_score_privatehealth,CP,equity,Private Health Insurance: Equity,56.252272902593035,84.9517636479237,28.699490745330664,lower_better,none,1,acs_ready,PWOD: corresponding B18135 no-disability age 19-64 private health insurance row.
34,New Jersey,NJ,2024,eq_score_privatehealth,CP,equity,Private Health Insurance: Equity,53.46235070719977,78.48544565152092,25.02309494432115,lower_better,none,1,acs_ready,PWOD: corresponding B18135 no-disability age 19-64 private health insurance row.
35,New Mexico,NM,2024,eq_score_privatehealth,CP,equity,Private Health Insurance: Equity,37.65755005713432,61.95526024363234,24.297710186498016,lower_better,none,1,acs_ready,PWOD: corresponding B18135 no-disability age 19-64 private health insurance row.
36,New York,NY,2024,eq_score_privatehealth,CP,equity,Private Health Insurance: Equity,45.605455962987904,73.11571386332713,27.510257900339226,lower_better,none,1,acs_ready,PWOD: corresponding B18135 no-disability age 19-64 private health insurance row.
37,North Carolina,NC,2024,eq_score_privatehealth,CP,equity,Private Health Insurance: Equity,50.23531428153984,77.1433733753161,26.90805909377626,lower_better,none,1,acs_ready,PWOD: corresponding B18135 no-disability age 19-64 private health insurance row.
38,North Dakota,ND,2024,eq_score_privatehealth,CP,equity,Private Health Insurance: Equity,58.21901270879519,85.30613258502304,27.087119876227845,lower_better,none,1,acs_ready,PWOD: corresponding B18135 no-disability age 19-64 private health insurance row.
39,Ohio,OH,2024,eq_score_privatehealth,CP,equity,Private Health Insurance: Equity,43.89709926499475,77.5172336340192,33.620134369024456,lower_better,none,1,acs_ready,PWOD: corresponding B18135 no-disability age 19-64 private health insurance row.
40,Oklahoma,OK,2024,eq_score_privatehealth,CP,equity,Private Health Insurance: Equity,47.61171989485186,71.60520848136443,23.99348858651257,lower_better,none,1,acs_ready,PWOD: corresponding B18135 no-disability age 19-64 private health insurance row.
41,Oregon,OR,2024,eq_score_privatehealth,CP,equity,Private Health Insurance: Equity,46.97782331890172,76.12776778990985,29.149944471008133,lower_better,none,1,acs_ready,PWOD: corresponding B18135 no-disability age 19-64 private health insurance row.
42,Pennsylvania,PA,2024,eq_score_privatehealth,CP,equity,Private Health Insurance: Equity,48.78528924379032,80.8149623450859,32.029673101295586,lower_better,none,1,acs_ready,PWOD: corresponding B18135 no-disability age 19-64 private health insurance row.
44,Rhode Island,RI,2024,eq_score_privatehealth,CP,equity,Private Health Insurance: Equity,48.3510431079647,79.33118446007434,30.98014135210964,lower_better,none,1,acs_ready,PWOD: corresponding B18135 no-disability age 19-64 private health insurance row.
45,South Carolina,SC,2024,eq_score_privatehealth,CP,equity,Private Health Insurance: Equity,50.8271368711701,76.86859100834424,26.041454137174142,lower_better,none,1,acs_ready,PWOD: corresponding B18135 no-disability age 19-64 private health insurance row.
46,South Dakota,SD,2024,eq_score_privatehealth,CP,equity,Private Health Insurance: Equity,53.46101127017972,82.38231989012361,28.921308619943893,lower_better,none,1,acs_ready,PWOD: corresponding B18135 no-disability age 19-64 private health insurance row.
47,Tennessee,TN,2024,eq_score_privatehealth,CP,equity,Private Health Insurance: Equity,48.04357719877119,76.64302508867321,28.599447889902024,lower_better,none,1,acs_ready,PWOD: corresponding B18135 no-disability age 19-64 private health insurance row.
48,Texas,TX,2024,eq_score_privatehealth,CP,equity,Private Health Insurance: Equity,52.22386402005479,71.42064522374457,19.19678120368978,lower_better,none,1,acs_ready,PWOD: corresponding B18135 no-disability age 19-64 private health insurance row.
49,Utah,UT,2024,eq_score_privatehealth,CP,equity,Private Health Insurance: Equity,63.41993141431986,84.3168192924033,20.896887878083433,lower_better,none,1,acs_ready,PWOD: corresponding B18135 no-disability age 19-64 private health insurance row.
50,Vermont,VT,2024,eq_score_privatehealth,CP,equity,Private Health Insurance: Equity,45.55661522455349,79.17019195574036,33.613576731186875,lower_better,none,1,acs_ready,PWOD: corresponding B18135 no-disability age 19-64 private health insurance row.
51,Virginia,VA,2024,eq_score_privatehealth,CP,equity,Private Health Insurance: Equity,54.24922618542218,80.70781277931707,26.458586593894886,lower_better,none,1,acs_ready,PWOD: corresponding B18135 no-disability age 19-64 private health insurance row.
53,Washington,WA,2024,eq_score_privatehealth,CP,equity,Private Health Insurance: Equity,52.69511627290726,79.46014955581327,26.76503328290601,lower_better,none,1,acs_ready,PWOD: corresponding B18135 no-disability age 19-64 private health insurance row.
54,West Virginia,WV,2024,eq_score_privatehealth,CP,equity,Private Health Insurance: Equity,41.05098451413316,72.92846392230194,31.87747940816878,lower_better,none,1,acs_ready,PWOD: corresponding B18135 no-disability age 19-64 private health insurance row.
55,Wisconsin,WI,2024,eq_score_privatehealth,CP,equity,Private Health Insurance: Equity,51.41654740481487,82.8929018554982,31.476354450683324,lower_better,none,1,acs_ready,PWOD: corresponding B18135 no-disability age 19-64 private health insurance row.
56,Wyoming,WY,2024,eq_score_privatehealth,CP,equity,Private Health Insurance: Equity,56.85302438367237,79.80072245842084,22.947698074748466,lower_better,none,1,acs_ready,PWOD: corresponding B18135 no-disability age 19-64 private health insurance row.
72,Puerto Rico,PR,2024,eq_score_privatehealth,CP,equity,Private Health Insurance: Equity,28.679796916015654,48.30761873615881,19.627821820143154,lower_better,none,1,acs_ready,PWOD: corresponding B18135 no-disability age 19-64 private health insurance row.
000,United States,USA,2024,rel_score_publichealth,CP,relative,Public Health Insurance: Relative,51.846951787625784,NA,51.846951787625784,higher_better,none,1,acs_ready,Source: ACS B18135_017E (with disability age 19-64 + public health insurance — includes Medicare + Medicaid + CHIP + other public). Variable confirmed present in national_data from main pipeline ACS run. Denominator: B18135 'with disability 19-64 total' row. Consolidated indicator replacing separate Medicare/Medicaid indicators. Scoring direction: higher_better (public coverage access is positive for disabled people).
01,Alabama,AL,2024,rel_score_publichealth,CP,relative,Public Health Insurance: Relative,50.127973519780845,NA,50.127973519780845,higher_better,none,1,acs_ready,Source: ACS B18135_017E (with disability age 19-64 + public health insurance — includes Medicare + Medicaid + CHIP + other public). Variable confirmed present in national_data from main pipeline ACS run. Denominator: B18135 'with disability 19-64 total' row. Consolidated indicator replacing separate Medicare/Medicaid indicators. Scoring direction: higher_better (public coverage access is positive for disabled people).
02,Alaska,AK,2024,rel_score_publichealth,CP,relative,Public Health Insurance: Relative,51.739427678484226,NA,51.739427678484226,higher_better,none,1,acs_ready,Source: ACS B18135_017E (with disability age 19-64 + public health insurance — includes Medicare + Medicaid + CHIP + other public). Variable confirmed present in national_data from main pipeline ACS run. Denominator: B18135 'with disability 19-64 total' row. Consolidated indicator replacing separate Medicare/Medicaid indicators. Scoring direction: higher_better (public coverage access is positive for disabled people).
04,Arizona,AZ,2024,rel_score_publichealth,CP,relative,Public Health Insurance: Relative,49.67293904908249,NA,49.67293904908249,higher_better,none,1,acs_ready,Source: ACS B18135_017E (with disability age 19-64 + public health insurance — includes Medicare + Medicaid + CHIP + other public). Variable confirmed present in national_data from main pipeline ACS run. Denominator: B18135 'with disability 19-64 total' row. Consolidated indicator replacing separate Medicare/Medicaid indicators. Scoring direction: higher_better (public coverage access is positive for disabled people).
05,Arkansas,AR,2024,rel_score_publichealth,CP,relative,Public Health Insurance: Relative,60.74124445020112,NA,60.74124445020112,higher_better,none,1,acs_ready,Source: ACS B18135_017E (with disability age 19-64 + public health insurance — includes Medicare + Medicaid + CHIP + other public). Variable confirmed present in national_data from main pipeline ACS run. Denominator: B18135 'with disability 19-64 total' row. Consolidated indicator replacing separate Medicare/Medicaid indicators. Scoring direction: higher_better (public coverage access is positive for disabled people).
06,California,CA,2024,rel_score_publichealth,CP,relative,Public Health Insurance: Relative,55.71304518066981,NA,55.71304518066981,higher_better,none,1,acs_ready,Source: ACS B18135_017E (with disability age 19-64 + public health insurance — includes Medicare + Medicaid + CHIP + other public). Variable confirmed present in national_data from main pipeline ACS run. Denominator: B18135 'with disability 19-64 total' row. Consolidated indicator replacing separate Medicare/Medicaid indicators. Scoring direction: higher_better (public coverage access is positive for disabled people).
08,Colorado,CO,2024,rel_score_publichealth,CP,relative,Public Health Insurance: Relative,47.82630423215876,NA,47.82630423215876,higher_better,none,1,acs_ready,Source: ACS B18135_017E (with disability age 19-64 + public health insurance — includes Medicare + Medicaid + CHIP + other public). Variable confirmed present in national_data from main pipeline ACS run. Denominator: B18135 'with disability 19-64 total' row. Consolidated indicator replacing separate Medicare/Medicaid indicators. Scoring direction: higher_better (public coverage access is positive for disabled people).
09,Connecticut,CT,2024,rel_score_publichealth,CP,relative,Public Health Insurance: Relative,56.24850971060405,NA,56.24850971060405,higher_better,none,1,acs_ready,Source: ACS B18135_017E (with disability age 19-64 + public health insurance — includes Medicare + Medicaid + CHIP + other public). Variable confirmed present in national_data from main pipeline ACS run. Denominator: B18135 'with disability 19-64 total' row. Consolidated indicator replacing separate Medicare/Medicaid indicators. Scoring direction: higher_better (public coverage access is positive for disabled people).
10,Delaware,DE,2024,rel_score_publichealth,CP,relative,Public Health Insurance: Relative,55.86359358895842,NA,55.86359358895842,higher_better,none,1,acs_ready,Source: ACS B18135_017E (with disability age 19-64 + public health insurance — includes Medicare + Medicaid + CHIP + other public). Variable confirmed present in national_data from main pipeline ACS run. Denominator: B18135 'with disability 19-64 total' row. Consolidated indicator replacing separate Medicare/Medicaid indicators. Scoring direction: higher_better (public coverage access is positive for disabled people).
11,District of Columbia,DC,2024,rel_score_publichealth,CP,relative,Public Health Insurance: Relative,56.19661600763377,NA,56.19661600763377,higher_better,none,1,acs_ready,Source: ACS B18135_017E (with disability age 19-64 + public health insurance — includes Medicare + Medicaid + CHIP + other public). Variable confirmed present in national_data from main pipeline ACS run. Denominator: B18135 'with disability 19-64 total' row. Consolidated indicator replacing separate Medicare/Medicaid indicators. Scoring direction: higher_better (public coverage access is positive for disabled people).
12,Florida,FL,2024,rel_score_publichealth,CP,relative,Public Health Insurance: Relative,45.86907788067033,NA,45.86907788067033,higher_better,none,1,acs_ready,Source: ACS B18135_017E (with disability age 19-64 + public health insurance — includes Medicare + Medicaid + CHIP + other public). Variable confirmed present in national_data from main pipeline ACS run. Denominator: B18135 'with disability 19-64 total' row. Consolidated indicator replacing separate Medicare/Medicaid indicators. Scoring direction: higher_better (public coverage access is positive for disabled people).
13,Georgia,GA,2024,rel_score_publichealth,CP,relative,Public Health Insurance: Relative,44.4331227121948,NA,44.4331227121948,higher_better,none,1,acs_ready,Source: ACS B18135_017E (with disability age 19-64 + public health insurance — includes Medicare + Medicaid + CHIP + other public). Variable confirmed present in national_data from main pipeline ACS run. Denominator: B18135 'with disability 19-64 total' row. Consolidated indicator replacing separate Medicare/Medicaid indicators. Scoring direction: higher_better (public coverage access is positive for disabled people).
15,Hawaii,HI,2024,rel_score_publichealth,CP,relative,Public Health Insurance: Relative,52.216612872079224,NA,52.216612872079224,higher_better,none,1,acs_ready,Source: ACS B18135_017E (with disability age 19-64 + public health insurance — includes Medicare + Medicaid + CHIP + other public). Variable confirmed present in national_data from main pipeline ACS run. Denominator: B18135 'with disability 19-64 total' row. Consolidated indicator replacing separate Medicare/Medicaid indicators. Scoring direction: higher_better (public coverage access is positive for disabled people).
16,Idaho,ID,2024,rel_score_publichealth,CP,relative,Public Health Insurance: Relative,48.00125224546993,NA,48.00125224546993,higher_better,none,1,acs_ready,Source: ACS B18135_017E (with disability age 19-64 + public health insurance — includes Medicare + Medicaid + CHIP + other public). Variable confirmed present in national_data from main pipeline ACS run. Denominator: B18135 'with disability 19-64 total' row. Consolidated indicator replacing separate Medicare/Medicaid indicators. Scoring direction: higher_better (public coverage access is positive for disabled people).
17,Illinois,IL,2024,rel_score_publichealth,CP,relative,Public Health Insurance: Relative,50.26165334096374,NA,50.26165334096374,higher_better,none,1,acs_ready,Source: ACS B18135_017E (with disability age 19-64 + public health insurance — includes Medicare + Medicaid + CHIP + other public). Variable confirmed present in national_data from main pipeline ACS run. Denominator: B18135 'with disability 19-64 total' row. Consolidated indicator replacing separate Medicare/Medicaid indicators. Scoring direction: higher_better (public coverage access is positive for disabled people).
18,Indiana,IN,2024,rel_score_publichealth,CP,relative,Public Health Insurance: Relative,53.63349321506905,NA,53.63349321506905,higher_better,none,1,acs_ready,Source: ACS B18135_017E (with disability age 19-64 + public health insurance — includes Medicare + Medicaid + CHIP + other public). Variable confirmed present in national_data from main pipeline ACS run. Denominator: B18135 'with disability 19-64 total' row. Consolidated indicator replacing separate Medicare/Medicaid indicators. Scoring direction: higher_better (public coverage access is positive for disabled people).
19,Iowa,IA,2024,rel_score_publichealth,CP,relative,Public Health Insurance: Relative,53.58674008452535,NA,53.58674008452535,higher_better,none,1,acs_ready,Source: ACS B18135_017E (with disability age 19-64 + public health insurance — includes Medicare + Medicaid + CHIP + other public). Variable confirmed present in national_data from main pipeline ACS run. Denominator: B18135 'with disability 19-64 total' row. Consolidated indicator replacing separate Medicare/Medicaid indicators. Scoring direction: higher_better (public coverage access is positive for disabled people).
20,Kansas,KS,2024,rel_score_publichealth,CP,relative,Public Health Insurance: Relative,41.17381790602692,NA,41.17381790602692,higher_better,none,1,acs_ready,Source: ACS B18135_017E (with disability age 19-64 + public health insurance — includes Medicare + Medicaid + CHIP + other public). Variable confirmed present in national_data from main pipeline ACS run. Denominator: B18135 'with disability 19-64 total' row. Consolidated indicator replacing separate Medicare/Medicaid indicators. Scoring direction: higher_better (public coverage access is positive for disabled people).
21,Kentucky,KY,2024,rel_score_publichealth,CP,relative,Public Health Insurance: Relative,64.17733750418215,NA,64.17733750418215,higher_better,none,1,acs_ready,Source: ACS B18135_017E (with disability age 19-64 + public health insurance — includes Medicare + Medicaid + CHIP + other public). Variable confirmed present in national_data from main pipeline ACS run. Denominator: B18135 'with disability 19-64 total' row. Consolidated indicator replacing separate Medicare/Medicaid indicators. Scoring direction: higher_better (public coverage access is positive for disabled people).
22,Louisiana,LA,2024,rel_score_publichealth,CP,relative,Public Health Insurance: Relative,63.30004335275395,NA,63.30004335275395,higher_better,none,1,acs_ready,Source: ACS B18135_017E (with disability age 19-64 + public health insurance — includes Medicare + Medicaid + CHIP + other public). Variable confirmed present in national_data from main pipeline ACS run. Denominator: B18135 'with disability 19-64 total' row. Consolidated indicator replacing separate Medicare/Medicaid indicators. Scoring direction: higher_better (public coverage access is positive for disabled people).
23,Maine,ME,2024,rel_score_publichealth,CP,relative,Public Health Insurance: Relative,58.76866894517534,NA,58.76866894517534,higher_better,none,1,acs_ready,Source: ACS B18135_017E (with disability age 19-64 + public health insurance — includes Medicare + Medicaid + CHIP + other public). Variable confirmed present in national_data from main pipeline ACS run. Denominator: B18135 'with disability 19-64 total' row. Consolidated indicator replacing separate Medicare/Medicaid indicators. Scoring direction: higher_better (public coverage access is positive for disabled people).
24,Maryland,MD,2024,rel_score_publichealth,CP,relative,Public Health Insurance: Relative,51.48628973550109,NA,51.48628973550109,higher_better,none,1,acs_ready,Source: ACS B18135_017E (with disability age 19-64 + public health insurance — includes Medicare + Medicaid + CHIP + other public). Variable confirmed present in national_data from main pipeline ACS run. Denominator: B18135 'with disability 19-64 total' row. Consolidated indicator replacing separate Medicare/Medicaid indicators. Scoring direction: higher_better (public coverage access is positive for disabled people).
25,Massachusetts,MA,2024,rel_score_publichealth,CP,relative,Public Health Insurance: Relative,59.57736565800701,NA,59.57736565800701,higher_better,none,1,acs_ready,Source: ACS B18135_017E (with disability age 19-64 + public health insurance — includes Medicare + Medicaid + CHIP + other public). Variable confirmed present in national_data from main pipeline ACS run. Denominator: B18135 'with disability 19-64 total' row. Consolidated indicator replacing separate Medicare/Medicaid indicators. Scoring direction: higher_better (public coverage access is positive for disabled people).
26,Michigan,MI,2024,rel_score_publichealth,CP,relative,Public Health Insurance: Relative,59.904832519674976,NA,59.904832519674976,higher_better,none,1,acs_ready,Source: ACS B18135_017E (with disability age 19-64 + public health insurance — includes Medicare + Medicaid + CHIP + other public). Variable confirmed present in national_data from main pipeline ACS run. Denominator: B18135 'with disability 19-64 total' row. Consolidated indicator replacing separate Medicare/Medicaid indicators. Scoring direction: higher_better (public coverage access is positive for disabled people).
27,Minnesota,MN,2024,rel_score_publichealth,CP,relative,Public Health Insurance: Relative,53.35786596914194,NA,53.35786596914194,higher_better,none,1,acs_ready,Source: ACS B18135_017E (with disability age 19-64 + public health insurance — includes Medicare + Medicaid + CHIP + other public). Variable confirmed present in national_data from main pipeline ACS run. Denominator: B18135 'with disability 19-64 total' row. Consolidated indicator replacing separate Medicare/Medicaid indicators. Scoring direction: higher_better (public coverage access is positive for disabled people).
28,Mississippi,MS,2024,rel_score_publichealth,CP,relative,Public Health Insurance: Relative,51.12979744035869,NA,51.12979744035869,higher_better,none,1,acs_ready,Source: ACS B18135_017E (with disability age 19-64 + public health insurance — includes Medicare + Medicaid + CHIP + other public). Variable confirmed present in national_data from main pipeline ACS run. Denominator: B18135 'with disability 19-64 total' row. Consolidated indicator replacing separate Medicare/Medicaid indicators. Scoring direction: higher_better (public coverage access is positive for disabled people).
29,Missouri,MO,2024,rel_score_publichealth,CP,relative,Public Health Insurance: Relative,49.24138110489259,NA,49.24138110489259,higher_better,none,1,acs_ready,Source: ACS B18135_017E (with disability age 19-64 + public health insurance — includes Medicare + Medicaid + CHIP + other public). Variable confirmed present in national_data from main pipeline ACS run. Denominator: B18135 'with disability 19-64 total' row. Consolidated indicator replacing separate Medicare/Medicaid indicators. Scoring direction: higher_better (public coverage access is positive for disabled people).
30,Montana,MT,2024,rel_score_publichealth,CP,relative,Public Health Insurance: Relative,54.893655841109315,NA,54.893655841109315,higher_better,none,1,acs_ready,Source: ACS B18135_017E (with disability age 19-64 + public health insurance — includes Medicare + Medicaid + CHIP + other public). Variable confirmed present in national_data from main pipeline ACS run. Denominator: B18135 'with disability 19-64 total' row. Consolidated indicator replacing separate Medicare/Medicaid indicators. Scoring direction: higher_better (public coverage access is positive for disabled people).
31,Nebraska,NE,2024,rel_score_publichealth,CP,relative,Public Health Insurance: Relative,44.86625087797984,NA,44.86625087797984,higher_better,none,1,acs_ready,Source: ACS B18135_017E (with disability age 19-64 + public health insurance — includes Medicare + Medicaid + CHIP + other public). Variable confirmed present in national_data from main pipeline ACS run. Denominator: B18135 'with disability 19-64 total' row. Consolidated indicator replacing separate Medicare/Medicaid indicators. Scoring direction: higher_better (public coverage access is positive for disabled people).
32,Nevada,NV,2024,rel_score_publichealth,CP,relative,Public Health Insurance: Relative,48.05952581900465,NA,48.05952581900465,higher_better,none,1,acs_ready,Source: ACS B18135_017E (with disability age 19-64 + public health insurance — includes Medicare + Medicaid + CHIP + other public). Variable confirmed present in national_data from main pipeline ACS run. Denominator: B18135 'with disability 19-64 total' row. Consolidated indicator replacing separate Medicare/Medicaid indicators. Scoring direction: higher_better (public coverage access is positive for disabled people).
33,New Hampshire,NH,2024,rel_score_publichealth,CP,relative,Public Health Insurance: Relative,48.35744905943159,NA,48.35744905943159,higher_better,none,1,acs_ready,Source: ACS B18135_017E (with disability age 19-64 + public health insurance — includes Medicare + Medicaid + CHIP + other public). Variable confirmed present in national_data from main pipeline ACS run. Denominator: B18135 'with disability 19-64 total' row. Consolidated indicator replacing separate Medicare/Medicaid indicators. Scoring direction: higher_better (public coverage access is positive for disabled people).
34,New Jersey,NJ,2024,rel_score_publichealth,CP,relative,Public Health Insurance: Relative,48.68342827734299,NA,48.68342827734299,higher_better,none,1,acs_ready,Source: ACS B18135_017E (with disability age 19-64 + public health insurance — includes Medicare + Medicaid + CHIP + other public). Variable confirmed present in national_data from main pipeline ACS run. Denominator: B18135 'with disability 19-64 total' row. Consolidated indicator replacing separate Medicare/Medicaid indicators. Scoring direction: higher_better (public coverage access is positive for disabled people).
35,New Mexico,NM,2024,rel_score_publichealth,CP,relative,Public Health Insurance: Relative,63.737216553450736,NA,63.737216553450736,higher_better,none,1,acs_ready,Source: ACS B18135_017E (with disability age 19-64 + public health insurance — includes Medicare + Medicaid + CHIP + other public). Variable confirmed present in national_data from main pipeline ACS run. Denominator: B18135 'with disability 19-64 total' row. Consolidated indicator replacing separate Medicare/Medicaid indicators. Scoring direction: higher_better (public coverage access is positive for disabled people).
36,New York,NY,2024,rel_score_publichealth,CP,relative,Public Health Insurance: Relative,61.05283517175688,NA,61.05283517175688,higher_better,none,1,acs_ready,Source: ACS B18135_017E (with disability age 19-64 + public health insurance — includes Medicare + Medicaid + CHIP + other public). Variable confirmed present in national_data from main pipeline ACS run. Denominator: B18135 'with disability 19-64 total' row. Consolidated indicator replacing separate Medicare/Medicaid indicators. Scoring direction: higher_better (public coverage access is positive for disabled people).
37,North Carolina,NC,2024,rel_score_publichealth,CP,relative,Public Health Insurance: Relative,49.95097033775677,NA,49.95097033775677,higher_better,none,1,acs_ready,Source: ACS B18135_017E (with disability age 19-64 + public health insurance — includes Medicare + Medicaid + CHIP + other public). Variable confirmed present in national_data from main pipeline ACS run. Denominator: B18135 'with disability 19-64 total' row. Consolidated indicator replacing separate Medicare/Medicaid indicators. Scoring direction: higher_better (public coverage access is positive for disabled people).
38,North Dakota,ND,2024,rel_score_publichealth,CP,relative,Public Health Insurance: Relative,42.487763120349435,NA,42.487763120349435,higher_better,none,1,acs_ready,Source: ACS B18135_017E (with disability age 19-64 + public health insurance — includes Medicare + Medicaid + CHIP + other public). Variable confirmed present in national_data from main pipeline ACS run. Denominator: B18135 'with disability 19-64 total' row. Consolidated indicator replacing separate Medicare/Medicaid indicators. Scoring direction: higher_better (public coverage access is positive for disabled people).
39,Ohio,OH,2024,rel_score_publichealth,CP,relative,Public Health Insurance: Relative,57.291242556494446,NA,57.291242556494446,higher_better,none,1,acs_ready,Source: ACS B18135_017E (with disability age 19-64 + public health insurance — includes Medicare + Medicaid + CHIP + other public). Variable confirmed present in national_data from main pipeline ACS run. Denominator: B18135 'with disability 19-64 total' row. Consolidated indicator replacing separate Medicare/Medicaid indicators. Scoring direction: higher_better (public coverage access is positive for disabled people).
40,Oklahoma,OK,2024,rel_score_publichealth,CP,relative,Public Health Insurance: Relative,46.350732846369084,NA,46.350732846369084,higher_better,none,1,acs_ready,Source: ACS B18135_017E (with disability age 19-64 + public health insurance — includes Medicare + Medicaid + CHIP + other public). Variable confirmed present in national_data from main pipeline ACS run. Denominator: B18135 'with disability 19-64 total' row. Consolidated indicator replacing separate Medicare/Medicaid indicators. Scoring direction: higher_better (public coverage access is positive for disabled people).
41,Oregon,OR,2024,rel_score_publichealth,CP,relative,Public Health Insurance: Relative,56.887325720580584,NA,56.887325720580584,higher_better,none,1,acs_ready,Source: ACS B18135_017E (with disability age 19-64 + public health insurance — includes Medicare + Medicaid + CHIP + other public). Variable confirmed present in national_data from main pipeline ACS run. Denominator: B18135 'with disability 19-64 total' row. Consolidated indicator replacing separate Medicare/Medicaid indicators. Scoring direction: higher_better (public coverage access is positive for disabled people).
42,Pennsylvania,PA,2024,rel_score_publichealth,CP,relative,Public Health Insurance: Relative,57.19980683841316,NA,57.19980683841316,higher_better,none,1,acs_ready,Source: ACS B18135_017E (with disability age 19-64 + public health insurance — includes Medicare + Medicaid + CHIP + other public). Variable confirmed present in national_data from main pipeline ACS run. Denominator: B18135 'with disability 19-64 total' row. Consolidated indicator replacing separate Medicare/Medicaid indicators. Scoring direction: higher_better (public coverage access is positive for disabled people).
44,Rhode Island,RI,2024,rel_score_publichealth,CP,relative,Public Health Insurance: Relative,58.62495130371703,NA,58.62495130371703,higher_better,none,1,acs_ready,Source: ACS B18135_017E (with disability age 19-64 + public health insurance — includes Medicare + Medicaid + CHIP + other public). Variable confirmed present in national_data from main pipeline ACS run. Denominator: B18135 'with disability 19-64 total' row. Consolidated indicator replacing separate Medicare/Medicaid indicators. Scoring direction: higher_better (public coverage access is positive for disabled people).
45,South Carolina,SC,2024,rel_score_publichealth,CP,relative,Public Health Insurance: Relative,48.7156301553085,NA,48.7156301553085,higher_better,none,1,acs_ready,Source: ACS B18135_017E (with disability age 19-64 + public health insurance — includes Medicare + Medicaid + CHIP + other public). Variable confirmed present in national_data from main pipeline ACS run. Denominator: B18135 'with disability 19-64 total' row. Consolidated indicator replacing separate Medicare/Medicaid indicators. Scoring direction: higher_better (public coverage access is positive for disabled people).
46,South Dakota,SD,2024,rel_score_publichealth,CP,relative,Public Health Insurance: Relative,44.328738958269874,NA,44.328738958269874,higher_better,none,1,acs_ready,Source: ACS B18135_017E (with disability age 19-64 + public health insurance — includes Medicare + Medicaid + CHIP + other public). Variable confirmed present in national_data from main pipeline ACS run. Denominator: B18135 'with disability 19-64 total' row. Consolidated indicator replacing separate Medicare/Medicaid indicators. Scoring direction: higher_better (public coverage access is positive for disabled people).
47,Tennessee,TN,2024,rel_score_publichealth,CP,relative,Public Health Insurance: Relative,49.32681002768612,NA,49.32681002768612,higher_better,none,1,acs_ready,Source: ACS B18135_017E (with disability age 19-64 + public health insurance — includes Medicare + Medicaid + CHIP + other public). Variable confirmed present in national_data from main pipeline ACS run. Denominator: B18135 'with disability 19-64 total' row. Consolidated indicator replacing separate Medicare/Medicaid indicators. Scoring direction: higher_better (public coverage access is positive for disabled people).
48,Texas,TX,2024,rel_score_publichealth,CP,relative,Public Health Insurance: Relative,38.36937628450173,NA,38.36937628450173,higher_better,none,1,acs_ready,Source: ACS B18135_017E (with disability age 19-64 + public health insurance — includes Medicare + Medicaid + CHIP + other public). Variable confirmed present in national_data from main pipeline ACS run. Denominator: B18135 'with disability 19-64 total' row. Consolidated indicator replacing separate Medicare/Medicaid indicators. Scoring direction: higher_better (public coverage access is positive for disabled people).
49,Utah,UT,2024,rel_score_publichealth,CP,relative,Public Health Insurance: Relative,35.486334822820325,NA,35.486334822820325,higher_better,none,1,acs_ready,Source: ACS B18135_017E (with disability age 19-64 + public health insurance — includes Medicare + Medicaid + CHIP + other public). Variable confirmed present in national_data from main pipeline ACS run. Denominator: B18135 'with disability 19-64 total' row. Consolidated indicator replacing separate Medicare/Medicaid indicators. Scoring direction: higher_better (public coverage access is positive for disabled people).
50,Vermont,VT,2024,rel_score_publichealth,CP,relative,Public Health Insurance: Relative,60.499393098664825,NA,60.499393098664825,higher_better,none,1,acs_ready,Source: ACS B18135_017E (with disability age 19-64 + public health insurance — includes Medicare + Medicaid + CHIP + other public). Variable confirmed present in national_data from main pipeline ACS run. Denominator: B18135 'with disability 19-64 total' row. Consolidated indicator replacing separate Medicare/Medicaid indicators. Scoring direction: higher_better (public coverage access is positive for disabled people).
51,Virginia,VA,2024,rel_score_publichealth,CP,relative,Public Health Insurance: Relative,50.73715004669903,NA,50.73715004669903,higher_better,none,1,acs_ready,Source: ACS B18135_017E (with disability age 19-64 + public health insurance — includes Medicare + Medicaid + CHIP + other public). Variable confirmed present in national_data from main pipeline ACS run. Denominator: B18135 'with disability 19-64 total' row. Consolidated indicator replacing separate Medicare/Medicaid indicators. Scoring direction: higher_better (public coverage access is positive for disabled people).
53,Washington,WA,2024,rel_score_publichealth,CP,relative,Public Health Insurance: Relative,50.97193778083986,NA,50.97193778083986,higher_better,none,1,acs_ready,Source: ACS B18135_017E (with disability age 19-64 + public health insurance — includes Medicare + Medicaid + CHIP + other public). Variable confirmed present in national_data from main pipeline ACS run. Denominator: B18135 'with disability 19-64 total' row. Consolidated indicator replacing separate Medicare/Medicaid indicators. Scoring direction: higher_better (public coverage access is positive for disabled people).
54,West Virginia,WV,2024,rel_score_publichealth,CP,relative,Public Health Insurance: Relative,65.28370848587281,NA,65.28370848587281,higher_better,none,1,acs_ready,Source: ACS B18135_017E (with disability age 19-64 + public health insurance — includes Medicare + Medicaid + CHIP + other public). Variable confirmed present in national_data from main pipeline ACS run. Denominator: B18135 'with disability 19-64 total' row. Consolidated indicator replacing separate Medicare/Medicaid indicators. Scoring direction: higher_better (public coverage access is positive for disabled people).
55,Wisconsin,WI,2024,rel_score_publichealth,CP,relative,Public Health Insurance: Relative,53.827101015969284,NA,53.827101015969284,higher_better,none,1,acs_ready,Source: ACS B18135_017E (with disability age 19-64 + public health insurance — includes Medicare + Medicaid + CHIP + other public). Variable confirmed present in national_data from main pipeline ACS run. Denominator: B18135 'with disability 19-64 total' row. Consolidated indicator replacing separate Medicare/Medicaid indicators. Scoring direction: higher_better (public coverage access is positive for disabled people).
56,Wyoming,WY,2024,rel_score_publichealth,CP,relative,Public Health Insurance: Relative,41.638151690691096,NA,41.638151690691096,higher_better,none,1,acs_ready,Source: ACS B18135_017E (with disability age 19-64 + public health insurance — includes Medicare + Medicaid + CHIP + other public). Variable confirmed present in national_data from main pipeline ACS run. Denominator: B18135 'with disability 19-64 total' row. Consolidated indicator replacing separate Medicare/Medicaid indicators. Scoring direction: higher_better (public coverage access is positive for disabled people).
72,Puerto Rico,PR,2024,rel_score_publichealth,CP,relative,Public Health Insurance: Relative,71.14855624891935,NA,71.14855624891935,higher_better,none,1,acs_ready,Source: ACS B18135_017E (with disability age 19-64 + public health insurance — includes Medicare + Medicaid + CHIP + other public). Variable confirmed present in national_data from main pipeline ACS run. Denominator: B18135 'with disability 19-64 total' row. Consolidated indicator replacing separate Medicare/Medicaid indicators. Scoring direction: higher_better (public coverage access is positive for disabled people).
000,United States,USA,2024,eq_score_publichealth,CP,equity,Public Health Insurance: Equity,51.846951787625784,14.97468785643454,-36.87226393119124,lower_better,none,1,acs_ready,PWOD variable pct_cni_19to64_nodis_publichealth confirmed present in national_data from main pipeline ACS run.
01,Alabama,AL,2024,eq_score_publichealth,CP,equity,Public Health Insurance: Equity,50.127973519780845,11.082471130659444,-39.0455023891214,lower_better,none,1,acs_ready,PWOD variable pct_cni_19to64_nodis_publichealth confirmed present in national_data from main pipeline ACS run.
02,Alaska,AK,2024,eq_score_publichealth,CP,equity,Public Health Insurance: Equity,51.739427678484226,19.021035334573906,-32.718392343910324,lower_better,none,1,acs_ready,PWOD variable pct_cni_19to64_nodis_publichealth confirmed present in national_data from main pipeline ACS run.
04,Arizona,AZ,2024,eq_score_publichealth,CP,equity,Public Health Insurance: Equity,49.67293904908249,16.021682402147732,-33.651256646934755,lower_better,none,1,acs_ready,PWOD variable pct_cni_19to64_nodis_publichealth confirmed present in national_data from main pipeline ACS run.
05,Arkansas,AR,2024,eq_score_publichealth,CP,equity,Public Health Insurance: Equity,60.74124445020112,18.06811290589338,-42.67313154430774,lower_better,none,1,acs_ready,PWOD variable pct_cni_19to64_nodis_publichealth confirmed present in national_data from main pipeline ACS run.
06,California,CA,2024,eq_score_publichealth,CP,equity,Public Health Insurance: Equity,55.71304518066981,21.35448328364693,-34.35856189702288,lower_better,none,1,acs_ready,PWOD variable pct_cni_19to64_nodis_publichealth confirmed present in national_data from main pipeline ACS run.
08,Colorado,CO,2024,eq_score_publichealth,CP,equity,Public Health Insurance: Equity,47.82630423215876,13.79989436751854,-34.02640986464022,lower_better,none,1,acs_ready,PWOD variable pct_cni_19to64_nodis_publichealth confirmed present in national_data from main pipeline ACS run.
09,Connecticut,CT,2024,eq_score_publichealth,CP,equity,Public Health Insurance: Equity,56.24850971060405,16.7616979005286,-39.48681181007545,lower_better,none,1,acs_ready,PWOD variable pct_cni_19to64_nodis_publichealth confirmed present in national_data from main pipeline ACS run.
10,Delaware,DE,2024,eq_score_publichealth,CP,equity,Public Health Insurance: Equity,55.86359358895842,15.714830706787852,-40.14876288217057,lower_better,none,1,acs_ready,PWOD variable pct_cni_19to64_nodis_publichealth confirmed present in national_data from main pipeline ACS run.
11,District of Columbia,DC,2024,eq_score_publichealth,CP,equity,Public Health Insurance: Equity,56.19661600763377,17.230522119916397,-38.96609388771738,lower_better,none,1,acs_ready,PWOD variable pct_cni_19to64_nodis_publichealth confirmed present in national_data from main pipeline ACS run.
12,Florida,FL,2024,eq_score_publichealth,CP,equity,Public Health Insurance: Equity,45.86907788067033,10.820983398626757,-35.048094482043574,lower_better,none,1,acs_ready,PWOD variable pct_cni_19to64_nodis_publichealth confirmed present in national_data from main pipeline ACS run.
13,Georgia,GA,2024,eq_score_publichealth,CP,equity,Public Health Insurance: Equity,44.4331227121948,9.751057708698362,-34.68206500349644,lower_better,none,1,acs_ready,PWOD variable pct_cni_19to64_nodis_publichealth confirmed present in national_data from main pipeline ACS run.
15,Hawaii,HI,2024,eq_score_publichealth,CP,equity,Public Health Insurance: Equity,52.216612872079224,16.594640948627287,-35.62197192345194,lower_better,none,1,acs_ready,PWOD variable pct_cni_19to64_nodis_publichealth confirmed present in national_data from main pipeline ACS run.
16,Idaho,ID,2024,eq_score_publichealth,CP,equity,Public Health Insurance: Equity,48.00125224546993,13.448067835238128,-34.5531844102318,lower_better,none,1,acs_ready,PWOD variable pct_cni_19to64_nodis_publichealth confirmed present in national_data from main pipeline ACS run.
17,Illinois,IL,2024,eq_score_publichealth,CP,equity,Public Health Insurance: Equity,50.26165334096374,14.016773337260657,-36.24488000370308,lower_better,none,1,acs_ready,PWOD variable pct_cni_19to64_nodis_publichealth confirmed present in national_data from main pipeline ACS run.
18,Indiana,IN,2024,eq_score_publichealth,CP,equity,Public Health Insurance: Equity,53.63349321506905,14.32295610973203,-39.31053710533702,lower_better,none,1,acs_ready,PWOD variable pct_cni_19to64_nodis_publichealth confirmed present in national_data from main pipeline ACS run.
19,Iowa,IA,2024,eq_score_publichealth,CP,equity,Public Health Insurance: Equity,53.58674008452535,14.109184565147403,-39.47755551937795,lower_better,none,1,acs_ready,PWOD variable pct_cni_19to64_nodis_publichealth confirmed present in national_data from main pipeline ACS run.
20,Kansas,KS,2024,eq_score_publichealth,CP,equity,Public Health Insurance: Equity,41.17381790602692,7.665726731138878,-33.508091174888044,lower_better,none,1,acs_ready,PWOD variable pct_cni_19to64_nodis_publichealth confirmed present in national_data from main pipeline ACS run.
21,Kentucky,KY,2024,eq_score_publichealth,CP,equity,Public Health Insurance: Equity,64.17733750418215,21.569226079342418,-42.608111424839734,lower_better,none,1,acs_ready,PWOD variable pct_cni_19to64_nodis_publichealth confirmed present in national_data from main pipeline ACS run.
22,Louisiana,LA,2024,eq_score_publichealth,CP,equity,Public Health Insurance: Equity,63.30004335275395,24.039709438785735,-39.26033391396822,lower_better,none,1,acs_ready,PWOD variable pct_cni_19to64_nodis_publichealth confirmed present in national_data from main pipeline ACS run.
23,Maine,ME,2024,eq_score_publichealth,CP,equity,Public Health Insurance: Equity,58.76866894517534,15.110088444668152,-43.65858050050719,lower_better,none,1,acs_ready,PWOD variable pct_cni_19to64_nodis_publichealth confirmed present in national_data from main pipeline ACS run.
24,Maryland,MD,2024,eq_score_publichealth,CP,equity,Public Health Insurance: Equity,51.48628973550109,14.876601810709575,-36.609687924791515,lower_better,none,1,acs_ready,PWOD variable pct_cni_19to64_nodis_publichealth confirmed present in national_data from main pipeline ACS run.
25,Massachusetts,MA,2024,eq_score_publichealth,CP,equity,Public Health Insurance: Equity,59.57736565800701,18.203295594016026,-41.374070063990985,lower_better,none,1,acs_ready,PWOD variable pct_cni_19to64_nodis_publichealth confirmed present in national_data from main pipeline ACS run.
26,Michigan,MI,2024,eq_score_publichealth,CP,equity,Public Health Insurance: Equity,59.904832519674976,18.189531551311777,-41.715300968363195,lower_better,none,1,acs_ready,PWOD variable pct_cni_19to64_nodis_publichealth confirmed present in national_data from main pipeline ACS run.
27,Minnesota,MN,2024,eq_score_publichealth,CP,equity,Public Health Insurance: Equity,53.35786596914194,14.338804737865832,-39.01906123127611,lower_better,none,1,acs_ready,PWOD variable pct_cni_19to64_nodis_publichealth confirmed present in national_data from main pipeline ACS run.
28,Mississippi,MS,2024,eq_score_publichealth,CP,equity,Public Health Insurance: Equity,51.12979744035869,12.892223933112298,-38.237573507246395,lower_better,none,1,acs_ready,PWOD variable pct_cni_19to64_nodis_publichealth confirmed present in national_data from main pipeline ACS run.
29,Missouri,MO,2024,eq_score_publichealth,CP,equity,Public Health Insurance: Equity,49.24138110489259,10.194227614615553,-39.04715349027704,lower_better,none,1,acs_ready,PWOD variable pct_cni_19to64_nodis_publichealth confirmed present in national_data from main pipeline ACS run.
30,Montana,MT,2024,eq_score_publichealth,CP,equity,Public Health Insurance: Equity,54.893655841109315,16.79433098502911,-38.0993248560802,lower_better,none,1,acs_ready,PWOD variable pct_cni_19to64_nodis_publichealth confirmed present in national_data from main pipeline ACS run.
31,Nebraska,NE,2024,eq_score_publichealth,CP,equity,Public Health Insurance: Equity,44.86625087797984,9.915911455652363,-34.950339422327474,lower_better,none,1,acs_ready,PWOD variable pct_cni_19to64_nodis_publichealth confirmed present in national_data from main pipeline ACS run.
32,Nevada,NV,2024,eq_score_publichealth,CP,equity,Public Health Insurance: Equity,48.05952581900465,15.659526161642336,-32.399999657362315,lower_better,none,1,acs_ready,PWOD variable pct_cni_19to64_nodis_publichealth confirmed present in national_data from main pipeline ACS run.
33,New Hampshire,NH,2024,eq_score_publichealth,CP,equity,Public Health Insurance: Equity,48.35744905943159,9.95293981646394,-38.40450924296765,lower_better,none,1,acs_ready,PWOD variable pct_cni_19to64_nodis_publichealth confirmed present in national_data from main pipeline ACS run.
34,New Jersey,NJ,2024,eq_score_publichealth,CP,equity,Public Health Insurance: Equity,48.68342827734299,12.854980446148861,-35.828447831194126,lower_better,none,1,acs_ready,PWOD variable pct_cni_19to64_nodis_publichealth confirmed present in national_data from main pipeline ACS run.
35,New Mexico,NM,2024,eq_score_publichealth,CP,equity,Public Health Insurance: Equity,63.737216553450736,27.876264304171283,-35.86095224927945,lower_better,none,1,acs_ready,PWOD variable pct_cni_19to64_nodis_publichealth confirmed present in national_data from main pipeline ACS run.
36,New York,NY,2024,eq_score_publichealth,CP,equity,Public Health Insurance: Equity,61.05283517175688,22.783941093739855,-38.26889407801703,lower_better,none,1,acs_ready,PWOD variable pct_cni_19to64_nodis_publichealth confirmed present in national_data from main pipeline ACS run.
37,North Carolina,NC,2024,eq_score_publichealth,CP,equity,Public Health Insurance: Equity,49.95097033775677,11.964147603998597,-37.986822733758174,lower_better,none,1,acs_ready,PWOD variable pct_cni_19to64_nodis_publichealth confirmed present in national_data from main pipeline ACS run.
38,North Dakota,ND,2024,eq_score_publichealth,CP,equity,Public Health Insurance: Equity,42.487763120349435,9.67803618212747,-32.809726938221964,lower_better,none,1,acs_ready,PWOD variable pct_cni_19to64_nodis_publichealth confirmed present in national_data from main pipeline ACS run.
39,Ohio,OH,2024,eq_score_publichealth,CP,equity,Public Health Insurance: Equity,57.291242556494446,16.248016822541132,-41.043225733953314,lower_better,none,1,acs_ready,PWOD variable pct_cni_19to64_nodis_publichealth confirmed present in national_data from main pipeline ACS run.
40,Oklahoma,OK,2024,eq_score_publichealth,CP,equity,Public Health Insurance: Equity,46.350732846369084,13.046150431049238,-33.30458241531984,lower_better,none,1,acs_ready,PWOD variable pct_cni_19to64_nodis_publichealth confirmed present in national_data from main pipeline ACS run.
41,Oregon,OR,2024,eq_score_publichealth,CP,equity,Public Health Insurance: Equity,56.887325720580584,18.763456793731525,-38.123868926849056,lower_better,none,1,acs_ready,PWOD variable pct_cni_19to64_nodis_publichealth confirmed present in national_data from main pipeline ACS run.
42,Pennsylvania,PA,2024,eq_score_publichealth,CP,equity,Public Health Insurance: Equity,57.19980683841316,14.733804700073664,-42.4660021383395,lower_better,none,1,acs_ready,PWOD variable pct_cni_19to64_nodis_publichealth confirmed present in national_data from main pipeline ACS run.
44,Rhode Island,RI,2024,eq_score_publichealth,CP,equity,Public Health Insurance: Equity,58.62495130371703,17.7520177579711,-40.87293354574594,lower_better,none,1,acs_ready,PWOD variable pct_cni_19to64_nodis_publichealth confirmed present in national_data from main pipeline ACS run.
45,South Carolina,SC,2024,eq_score_publichealth,CP,equity,Public Health Insurance: Equity,48.7156301553085,12.570239026655042,-36.14539112865346,lower_better,none,1,acs_ready,PWOD variable pct_cni_19to64_nodis_publichealth confirmed present in national_data from main pipeline ACS run.
46,South Dakota,SD,2024,eq_score_publichealth,CP,equity,Public Health Insurance: Equity,44.328738958269874,8.52679128837201,-35.801947669897864,lower_better,none,1,acs_ready,PWOD variable pct_cni_19to64_nodis_publichealth confirmed present in national_data from main pipeline ACS run.
47,Tennessee,TN,2024,eq_score_publichealth,CP,equity,Public Health Insurance: Equity,49.32681002768612,12.27375701808892,-37.0530530095972,lower_better,none,1,acs_ready,PWOD variable pct_cni_19to64_nodis_publichealth confirmed present in national_data from main pipeline ACS run.
48,Texas,TX,2024,eq_score_publichealth,CP,equity,Public Health Insurance: Equity,38.36937628450173,7.895453340397145,-30.473922944104586,lower_better,none,1,acs_ready,PWOD variable pct_cni_19to64_nodis_publichealth confirmed present in national_data from main pipeline ACS run.
49,Utah,UT,2024,eq_score_publichealth,CP,equity,Public Health Insurance: Equity,35.486334822820325,6.943730115231775,-28.542604707588552,lower_better,none,1,acs_ready,PWOD variable pct_cni_19to64_nodis_publichealth confirmed present in national_data from main pipeline ACS run.
50,Vermont,VT,2024,eq_score_publichealth,CP,equity,Public Health Insurance: Equity,60.499393098664825,17.483633657959953,-43.01575944070487,lower_better,none,1,acs_ready,PWOD variable pct_cni_19to64_nodis_publichealth confirmed present in national_data from main pipeline ACS run.
51,Virginia,VA,2024,eq_score_publichealth,CP,equity,Public Health Insurance: Equity,50.73715004669903,13.55738875322696,-37.17976129347207,lower_better,none,1,acs_ready,PWOD variable pct_cni_19to64_nodis_publichealth confirmed present in national_data from main pipeline ACS run.
53,Washington,WA,2024,eq_score_publichealth,CP,equity,Public Health Insurance: Equity,50.97193778083986,14.795379267122774,-36.17655851371708,lower_better,none,1,acs_ready,PWOD variable pct_cni_19to64_nodis_publichealth confirmed present in national_data from main pipeline ACS run.
54,West Virginia,WV,2024,eq_score_publichealth,CP,equity,Public Health Insurance: Equity,65.28370848587281,21.739276549676298,-43.54443193619651,lower_better,none,1,acs_ready,PWOD variable pct_cni_19to64_nodis_publichealth confirmed present in national_data from main pipeline ACS run.
55,Wisconsin,WI,2024,eq_score_publichealth,CP,equity,Public Health Insurance: Equity,53.827101015969284,12.588653057043327,-41.23844795892596,lower_better,none,1,acs_ready,PWOD variable pct_cni_19to64_nodis_publichealth confirmed present in national_data from main pipeline ACS run.
56,Wyoming,WY,2024,eq_score_publichealth,CP,equity,Public Health Insurance: Equity,41.638151690691096,7.384748634649821,-34.25340305604128,lower_better,none,1,acs_ready,PWOD variable pct_cni_19to64_nodis_publichealth confirmed present in national_data from main pipeline ACS run.
72,Puerto Rico,PR,2024,eq_score_publichealth,CP,equity,Public Health Insurance: Equity,71.14855624891935,44.11577356647789,-27.032782682441457,lower_better,none,1,acs_ready,PWOD variable pct_cni_19to64_nodis_publichealth confirmed present in national_data from main pipeline ACS run.
000,United States,USA,2024,rel_score_nohealthins,CP,relative,No Health Insurance: Relative,9.87052517821342,NA,9.87052517821342,lower_better,none,1,acs_ready,Source: ACS B18135_018E (with disability age 19-64 + no health insurance). Denominator: B18135 'with disability 19-64 total' row. Variable already present in national_data from prior pull. Age 19-64 per confirmed B18135 row structure.
01,Alabama,AL,2024,rel_score_nohealthins,CP,relative,No Health Insurance: Relative,13.06821545010927,NA,13.06821545010927,lower_better,none,1,acs_ready,Source: ACS B18135_018E (with disability age 19-64 + no health insurance). Denominator: B18135 'with disability 19-64 total' row. Variable already present in national_data from prior pull. Age 19-64 per confirmed B18135 row structure.
02,Alaska,AK,2024,rel_score_nohealthins,CP,relative,No Health Insurance: Relative,12.657486082625255,NA,12.657486082625255,lower_better,none,1,acs_ready,Source: ACS B18135_018E (with disability age 19-64 + no health insurance). Denominator: B18135 'with disability 19-64 total' row. Variable already present in national_data from prior pull. Age 19-64 per confirmed B18135 row structure.
04,Arizona,AZ,2024,rel_score_nohealthins,CP,relative,No Health Insurance: Relative,11.13620252734705,NA,11.13620252734705,lower_better,none,1,acs_ready,Source: ACS B18135_018E (with disability age 19-64 + no health insurance). Denominator: B18135 'with disability 19-64 total' row. Variable already present in national_data from prior pull. Age 19-64 per confirmed B18135 row structure.
05,Arkansas,AR,2024,rel_score_nohealthins,CP,relative,No Health Insurance: Relative,8.8782390317265,NA,8.8782390317265,lower_better,none,1,acs_ready,Source: ACS B18135_018E (with disability age 19-64 + no health insurance). Denominator: B18135 'with disability 19-64 total' row. Variable already present in national_data from prior pull. Age 19-64 per confirmed B18135 row structure.
06,California,CA,2024,rel_score_nohealthins,CP,relative,No Health Insurance: Relative,7.079316371389497,NA,7.079316371389497,lower_better,none,1,acs_ready,Source: ACS B18135_018E (with disability age 19-64 + no health insurance). Denominator: B18135 'with disability 19-64 total' row. Variable already present in national_data from prior pull. Age 19-64 per confirmed B18135 row structure.
08,Colorado,CO,2024,rel_score_nohealthins,CP,relative,No Health Insurance: Relative,8.561030745397304,NA,8.561030745397304,lower_better,none,1,acs_ready,Source: ACS B18135_018E (with disability age 19-64 + no health insurance). Denominator: B18135 'with disability 19-64 total' row. Variable already present in national_data from prior pull. Age 19-64 per confirmed B18135 row structure.
09,Connecticut,CT,2024,rel_score_nohealthins,CP,relative,No Health Insurance: Relative,5.682321396419413,NA,5.682321396419413,lower_better,none,1,acs_ready,Source: ACS B18135_018E (with disability age 19-64 + no health insurance). Denominator: B18135 'with disability 19-64 total' row. Variable already present in national_data from prior pull. Age 19-64 per confirmed B18135 row structure.
10,Delaware,DE,2024,rel_score_nohealthins,CP,relative,No Health Insurance: Relative,5.27581519709621,NA,5.27581519709621,lower_better,none,1,acs_ready,Source: ACS B18135_018E (with disability age 19-64 + no health insurance). Denominator: B18135 'with disability 19-64 total' row. Variable already present in national_data from prior pull. Age 19-64 per confirmed B18135 row structure.
11,District of Columbia,DC,2024,rel_score_nohealthins,CP,relative,No Health Insurance: Relative,5.206321130169665,NA,5.206321130169665,lower_better,none,1,acs_ready,Source: ACS B18135_018E (with disability age 19-64 + no health insurance). Denominator: B18135 'with disability 19-64 total' row. Variable already present in national_data from prior pull. Age 19-64 per confirmed B18135 row structure.
12,Florida,FL,2024,rel_score_nohealthins,CP,relative,No Health Insurance: Relative,13.698104508235955,NA,13.698104508235955,lower_better,none,1,acs_ready,Source: ACS B18135_018E (with disability age 19-64 + no health insurance). Denominator: B18135 'with disability 19-64 total' row. Variable already present in national_data from prior pull. Age 19-64 per confirmed B18135 row structure.
13,Georgia,GA,2024,rel_score_nohealthins,CP,relative,No Health Insurance: Relative,16.239886585777814,NA,16.239886585777814,lower_better,none,1,acs_ready,Source: ACS B18135_018E (with disability age 19-64 + no health insurance). Denominator: B18135 'with disability 19-64 total' row. Variable already present in national_data from prior pull. Age 19-64 per confirmed B18135 row structure.
15,Hawaii,HI,2024,rel_score_nohealthins,CP,relative,No Health Insurance: Relative,4.5352975254489785,NA,4.5352975254489785,lower_better,none,1,acs_ready,Source: ACS B18135_018E (with disability age 19-64 + no health insurance). Denominator: B18135 'with disability 19-64 total' row. Variable already present in national_data from prior pull. Age 19-64 per confirmed B18135 row structure.
16,Idaho,ID,2024,rel_score_nohealthins,CP,relative,No Health Insurance: Relative,11.153183908645712,NA,11.153183908645712,lower_better,none,1,acs_ready,Source: ACS B18135_018E (with disability age 19-64 + no health insurance). Denominator: B18135 'with disability 19-64 total' row. Variable already present in national_data from prior pull. Age 19-64 per confirmed B18135 row structure.
17,Illinois,IL,2024,rel_score_nohealthins,CP,relative,No Health Insurance: Relative,7.68341871688063,NA,7.68341871688063,lower_better,none,1,acs_ready,Source: ACS B18135_018E (with disability age 19-64 + no health insurance). Denominator: B18135 'with disability 19-64 total' row. Variable already present in national_data from prior pull. Age 19-64 per confirmed B18135 row structure.
18,Indiana,IN,2024,rel_score_nohealthins,CP,relative,No Health Insurance: Relative,8.082865337800381,NA,8.082865337800381,lower_better,none,1,acs_ready,Source: ACS B18135_018E (with disability age 19-64 + no health insurance). Denominator: B18135 'with disability 19-64 total' row. Variable already present in national_data from prior pull. Age 19-64 per confirmed B18135 row structure.
19,Iowa,IA,2024,rel_score_nohealthins,CP,relative,No Health Insurance: Relative,5.752194408322497,NA,5.752194408322497,lower_better,none,1,acs_ready,Source: ACS B18135_018E (with disability age 19-64 + no health insurance). Denominator: B18135 'with disability 19-64 total' row. Variable already present in national_data from prior pull. Age 19-64 per confirmed B18135 row structure.
20,Kansas,KS,2024,rel_score_nohealthins,CP,relative,No Health Insurance: Relative,14.713976048088306,NA,14.713976048088306,lower_better,none,1,acs_ready,Source: ACS B18135_018E (with disability age 19-64 + no health insurance). Denominator: B18135 'with disability 19-64 total' row. Variable already present in national_data from prior pull. Age 19-64 per confirmed B18135 row structure.
21,Kentucky,KY,2024,rel_score_nohealthins,CP,relative,No Health Insurance: Relative,5.758625772383023,NA,5.758625772383023,lower_better,none,1,acs_ready,Source: ACS B18135_018E (with disability age 19-64 + no health insurance). Denominator: B18135 'with disability 19-64 total' row. Variable already present in national_data from prior pull. Age 19-64 per confirmed B18135 row structure.
22,Louisiana,LA,2024,rel_score_nohealthins,CP,relative,No Health Insurance: Relative,7.106415150201431,NA,7.106415150201431,lower_better,none,1,acs_ready,Source: ACS B18135_018E (with disability age 19-64 + no health insurance). Denominator: B18135 'with disability 19-64 total' row. Variable already present in national_data from prior pull. Age 19-64 per confirmed B18135 row structure.
23,Maine,ME,2024,rel_score_nohealthins,CP,relative,No Health Insurance: Relative,6.369212041762255,NA,6.369212041762255,lower_better,none,1,acs_ready,Source: ACS B18135_018E (with disability age 19-64 + no health insurance). Denominator: B18135 'with disability 19-64 total' row. Variable already present in national_data from prior pull. Age 19-64 per confirmed B18135 row structure.
24,Maryland,MD,2024,rel_score_nohealthins,CP,relative,No Health Insurance: Relative,5.62999040917022,NA,5.62999040917022,lower_better,none,1,acs_ready,Source: ACS B18135_018E (with disability age 19-64 + no health insurance). Denominator: B18135 'with disability 19-64 total' row. Variable already present in national_data from prior pull. Age 19-64 per confirmed B18135 row structure.
25,Massachusetts,MA,2024,rel_score_nohealthins,CP,relative,No Health Insurance: Relative,3.053698231270217,NA,3.053698231270217,lower_better,none,1,acs_ready,Source: ACS B18135_018E (with disability age 19-64 + no health insurance). Denominator: B18135 'with disability 19-64 total' row. Variable already present in national_data from prior pull. Age 19-64 per confirmed B18135 row structure.
26,Michigan,MI,2024,rel_score_nohealthins,CP,relative,No Health Insurance: Relative,5.566200687582962,NA,5.566200687582962,lower_better,none,1,acs_ready,Source: ACS B18135_018E (with disability age 19-64 + no health insurance). Denominator: B18135 'with disability 19-64 total' row. Variable already present in national_data from prior pull. Age 19-64 per confirmed B18135 row structure.
27,Minnesota,MN,2024,rel_score_nohealthins,CP,relative,No Health Insurance: Relative,6.49641881095887,NA,6.49641881095887,lower_better,none,1,acs_ready,Source: ACS B18135_018E (with disability age 19-64 + no health insurance). Denominator: B18135 'with disability 19-64 total' row. Variable already present in national_data from prior pull. Age 19-64 per confirmed B18135 row structure.
28,Mississippi,MS,2024,rel_score_nohealthins,CP,relative,No Health Insurance: Relative,14.664155586336,NA,14.664155586336,lower_better,none,1,acs_ready,Source: ACS B18135_018E (with disability age 19-64 + no health insurance). Denominator: B18135 'with disability 19-64 total' row. Variable already present in national_data from prior pull. Age 19-64 per confirmed B18135 row structure.
29,Missouri,MO,2024,rel_score_nohealthins,CP,relative,No Health Insurance: Relative,12.36580240997296,NA,12.36580240997296,lower_better,none,1,acs_ready,Source: ACS B18135_018E (with disability age 19-64 + no health insurance). Denominator: B18135 'with disability 19-64 total' row. Variable already present in national_data from prior pull. Age 19-64 per confirmed B18135 row structure.
30,Montana,MT,2024,rel_score_nohealthins,CP,relative,No Health Insurance: Relative,9.78340197049471,NA,9.78340197049471,lower_better,none,1,acs_ready,Source: ACS B18135_018E (with disability age 19-64 + no health insurance). Denominator: B18135 'with disability 19-64 total' row. Variable already present in national_data from prior pull. Age 19-64 per confirmed B18135 row structure.
31,Nebraska,NE,2024,rel_score_nohealthins,CP,relative,No Health Insurance: Relative,10.13633017119549,NA,10.13633017119549,lower_better,none,1,acs_ready,Source: ACS B18135_018E (with disability age 19-64 + no health insurance). Denominator: B18135 'with disability 19-64 total' row. Variable already present in national_data from prior pull. Age 19-64 per confirmed B18135 row structure.
32,Nevada,NV,2024,rel_score_nohealthins,CP,relative,No Health Insurance: Relative,12.102244991993578,NA,12.102244991993578,lower_better,none,1,acs_ready,Source: ACS B18135_018E (with disability age 19-64 + no health insurance). Denominator: B18135 'with disability 19-64 total' row. Variable already present in national_data from prior pull. Age 19-64 per confirmed B18135 row structure.
33,New Hampshire,NH,2024,rel_score_nohealthins,CP,relative,No Health Insurance: Relative,5.917811842235765,NA,5.917811842235765,lower_better,none,1,acs_ready,Source: ACS B18135_018E (with disability age 19-64 + no health insurance). Denominator: B18135 'with disability 19-64 total' row. Variable already present in national_data from prior pull. Age 19-64 per confirmed B18135 row structure.
34,New Jersey,NJ,2024,rel_score_nohealthins,CP,relative,No Health Insurance: Relative,8.379918010967364,NA,8.379918010967364,lower_better,none,1,acs_ready,Source: ACS B18135_018E (with disability age 19-64 + no health insurance). Denominator: B18135 'with disability 19-64 total' row. Variable already present in national_data from prior pull. Age 19-64 per confirmed B18135 row structure.
35,New Mexico,NM,2024,rel_score_nohealthins,CP,relative,No Health Insurance: Relative,8.87448248933397,NA,8.87448248933397,lower_better,none,1,acs_ready,Source: ACS B18135_018E (with disability age 19-64 + no health insurance). Denominator: B18135 'with disability 19-64 total' row. Variable already present in national_data from prior pull. Age 19-64 per confirmed B18135 row structure.
36,New York,NY,2024,rel_score_nohealthins,CP,relative,No Health Insurance: Relative,4.967723107653256,NA,4.967723107653256,lower_better,none,1,acs_ready,Source: ACS B18135_018E (with disability age 19-64 + no health insurance). Denominator: B18135 'with disability 19-64 total' row. Variable already present in national_data from prior pull. Age 19-64 per confirmed B18135 row structure.
37,North Carolina,NC,2024,rel_score_nohealthins,CP,relative,No Health Insurance: Relative,12.413074201968492,NA,12.413074201968492,lower_better,none,1,acs_ready,Source: ACS B18135_018E (with disability age 19-64 + no health insurance). Denominator: B18135 'with disability 19-64 total' row. Variable already present in national_data from prior pull. Age 19-64 per confirmed B18135 row structure.
38,North Dakota,ND,2024,rel_score_nohealthins,CP,relative,No Health Insurance: Relative,9.743409644636625,NA,9.743409644636625,lower_better,none,1,acs_ready,Source: ACS B18135_018E (with disability age 19-64 + no health insurance). Denominator: B18135 'with disability 19-64 total' row. Variable already present in national_data from prior pull. Age 19-64 per confirmed B18135 row structure.
39,Ohio,OH,2024,rel_score_nohealthins,CP,relative,No Health Insurance: Relative,7.544101505486944,NA,7.544101505486944,lower_better,none,1,acs_ready,Source: ACS B18135_018E (with disability age 19-64 + no health insurance). Denominator: B18135 'with disability 19-64 total' row. Variable already present in national_data from prior pull. Age 19-64 per confirmed B18135 row structure.
40,Oklahoma,OK,2024,rel_score_nohealthins,CP,relative,No Health Insurance: Relative,16.317725818610995,NA,16.317725818610995,lower_better,none,1,acs_ready,Source: ACS B18135_018E (with disability age 19-64 + no health insurance). Denominator: B18135 'with disability 19-64 total' row. Variable already present in national_data from prior pull. Age 19-64 per confirmed B18135 row structure.
41,Oregon,OR,2024,rel_score_nohealthins,CP,relative,No Health Insurance: Relative,6.397912493345764,NA,6.397912493345764,lower_better,none,1,acs_ready,Source: ACS B18135_018E (with disability age 19-64 + no health insurance). Denominator: B18135 'with disability 19-64 total' row. Variable already present in national_data from prior pull. Age 19-64 per confirmed B18135 row structure.
42,Pennsylvania,PA,2024,rel_score_nohealthins,CP,relative,No Health Insurance: Relative,6.27775157223896,NA,6.27775157223896,lower_better,none,1,acs_ready,Source: ACS B18135_018E (with disability age 19-64 + no health insurance). Denominator: B18135 'with disability 19-64 total' row. Variable already present in national_data from prior pull. Age 19-64 per confirmed B18135 row structure.
44,Rhode Island,RI,2024,rel_score_nohealthins,CP,relative,No Health Insurance: Relative,3.7680847919829126,NA,3.7680847919829126,lower_better,none,1,acs_ready,Source: ACS B18135_018E (with disability age 19-64 + no health insurance). Denominator: B18135 'with disability 19-64 total' row. Variable already present in national_data from prior pull. Age 19-64 per confirmed B18135 row structure.
45,South Carolina,SC,2024,rel_score_nohealthins,CP,relative,No Health Insurance: Relative,13.69492145765549,NA,13.69492145765549,lower_better,none,1,acs_ready,Source: ACS B18135_018E (with disability age 19-64 + no health insurance). Denominator: B18135 'with disability 19-64 total' row. Variable already present in national_data from prior pull. Age 19-64 per confirmed B18135 row structure.
46,South Dakota,SD,2024,rel_score_nohealthins,CP,relative,No Health Insurance: Relative,13.419509594882728,NA,13.419509594882728,lower_better,none,1,acs_ready,Source: ACS B18135_018E (with disability age 19-64 + no health insurance). Denominator: B18135 'with disability 19-64 total' row. Variable already present in national_data from prior pull. Age 19-64 per confirmed B18135 row structure.
47,Tennessee,TN,2024,rel_score_nohealthins,CP,relative,No Health Insurance: Relative,13.940721356240756,NA,13.940721356240756,lower_better,none,1,acs_ready,Source: ACS B18135_018E (with disability age 19-64 + no health insurance). Denominator: B18135 'with disability 19-64 total' row. Variable already present in national_data from prior pull. Age 19-64 per confirmed B18135 row structure.
48,Texas,TX,2024,rel_score_nohealthins,CP,relative,No Health Insurance: Relative,19.507272464734218,NA,19.507272464734218,lower_better,none,1,acs_ready,Source: ACS B18135_018E (with disability age 19-64 + no health insurance). Denominator: B18135 'with disability 19-64 total' row. Variable already present in national_data from prior pull. Age 19-64 per confirmed B18135 row structure.
49,Utah,UT,2024,rel_score_nohealthins,CP,relative,No Health Insurance: Relative,10.081055803803388,NA,10.081055803803388,lower_better,none,1,acs_ready,Source: ACS B18135_018E (with disability age 19-64 + no health insurance). Denominator: B18135 'with disability 19-64 total' row. Variable already present in national_data from prior pull. Age 19-64 per confirmed B18135 row structure.
50,Vermont,VT,2024,rel_score_nohealthins,CP,relative,No Health Insurance: Relative,4.168111669845674,NA,4.168111669845674,lower_better,none,1,acs_ready,Source: ACS B18135_018E (with disability age 19-64 + no health insurance). Denominator: B18135 'with disability 19-64 total' row. Variable already present in national_data from prior pull. Age 19-64 per confirmed B18135 row structure.
51,Virginia,VA,2024,rel_score_nohealthins,CP,relative,No Health Insurance: Relative,7.907381534970244,NA,7.907381534970244,lower_better,none,1,acs_ready,Source: ACS B18135_018E (with disability age 19-64 + no health insurance). Denominator: B18135 'with disability 19-64 total' row. Variable already present in national_data from prior pull. Age 19-64 per confirmed B18135 row structure.
53,Washington,WA,2024,rel_score_nohealthins,CP,relative,No Health Insurance: Relative,7.521492411882058,NA,7.521492411882058,lower_better,none,1,acs_ready,Source: ACS B18135_018E (with disability age 19-64 + no health insurance). Denominator: B18135 'with disability 19-64 total' row. Variable already present in national_data from prior pull. Age 19-64 per confirmed B18135 row structure.
54,West Virginia,WV,2024,rel_score_nohealthins,CP,relative,No Health Insurance: Relative,6.090430773457236,NA,6.090430773457236,lower_better,none,1,acs_ready,Source: ACS B18135_018E (with disability age 19-64 + no health insurance). Denominator: B18135 'with disability 19-64 total' row. Variable already present in national_data from prior pull. Age 19-64 per confirmed B18135 row structure.
55,Wisconsin,WI,2024,rel_score_nohealthins,CP,relative,No Health Insurance: Relative,5.751491363552633,NA,5.751491363552633,lower_better,none,1,acs_ready,Source: ACS B18135_018E (with disability age 19-64 + no health insurance). Denominator: B18135 'with disability 19-64 total' row. Variable already present in national_data from prior pull. Age 19-64 per confirmed B18135 row structure.
56,Wyoming,WY,2024,rel_score_nohealthins,CP,relative,No Health Insurance: Relative,15.376532399299474,NA,15.376532399299474,lower_better,none,1,acs_ready,Source: ACS B18135_018E (with disability age 19-64 + no health insurance). Denominator: B18135 'with disability 19-64 total' row. Variable already present in national_data from prior pull. Age 19-64 per confirmed B18135 row structure.
72,Puerto Rico,PR,2024,rel_score_nohealthins,CP,relative,No Health Insurance: Relative,5.233970983511215,NA,5.233970983511215,lower_better,none,1,acs_ready,Source: ACS B18135_018E (with disability age 19-64 + no health insurance). Denominator: B18135 'with disability 19-64 total' row. Variable already present in national_data from prior pull. Age 19-64 per confirmed B18135 row structure.
000,United States,USA,2024,eq_score_nohealthins,CP,equity,No Health Insurance: Equity,9.87052517821342,11.976677752592943,2.1061525743795233,lower_better,none,1,acs_ready,PWOD: B18135 no-disability age 19-64 no-insurance row.
01,Alabama,AL,2024,eq_score_nohealthins,CP,equity,No Health Insurance: Equity,13.06821545010927,14.277499653623973,1.209284203514704,lower_better,none,1,acs_ready,PWOD: B18135 no-disability age 19-64 no-insurance row.
02,Alaska,AK,2024,eq_score_nohealthins,CP,equity,No Health Insurance: Equity,12.657486082625255,14.935849302993699,2.278363220368444,lower_better,none,1,acs_ready,PWOD: B18135 no-disability age 19-64 no-insurance row.
04,Arizona,AZ,2024,eq_score_nohealthins,CP,equity,No Health Insurance: Equity,11.13620252734705,14.722864314795881,3.586661787448831,lower_better,none,1,acs_ready,PWOD: B18135 no-disability age 19-64 no-insurance row.
05,Arkansas,AR,2024,eq_score_nohealthins,CP,equity,No Health Insurance: Equity,8.8782390317265,13.610176966756713,4.7319379350302135,lower_better,none,1,acs_ready,PWOD: B18135 no-disability age 19-64 no-insurance row.
06,California,CA,2024,eq_score_nohealthins,CP,equity,No Health Insurance: Equity,7.079316371389497,9.518784912819168,2.4394685414296706,lower_better,none,1,acs_ready,PWOD: B18135 no-disability age 19-64 no-insurance row.
08,Colorado,CO,2024,eq_score_nohealthins,CP,equity,No Health Insurance: Equity,8.561030745397304,10.656134018652228,2.0951032732549244,lower_better,none,1,acs_ready,PWOD: B18135 no-disability age 19-64 no-insurance row.
09,Connecticut,CT,2024,eq_score_nohealthins,CP,equity,No Health Insurance: Equity,5.682321396419413,7.886477221841915,2.204155825422502,lower_better,none,1,acs_ready,PWOD: B18135 no-disability age 19-64 no-insurance row.
10,Delaware,DE,2024,eq_score_nohealthins,CP,equity,No Health Insurance: Equity,5.27581519709621,9.68878680736088,4.4129716102646706,lower_better,none,1,acs_ready,PWOD: B18135 no-disability age 19-64 no-insurance row.
11,District of Columbia,DC,2024,eq_score_nohealthins,CP,equity,No Health Insurance: Equity,5.206321130169665,4.365285005906667,-0.841036124262998,lower_better,none,1,acs_ready,PWOD: B18135 no-disability age 19-64 no-insurance row.
12,Florida,FL,2024,eq_score_nohealthins,CP,equity,No Health Insurance: Equity,13.698104508235955,17.199541688070234,3.5014371798342783,lower_better,none,1,acs_ready,PWOD: B18135 no-disability age 19-64 no-insurance row.
13,Georgia,GA,2024,eq_score_nohealthins,CP,equity,No Health Insurance: Equity,16.239886585777814,17.615897347764,1.376010761986187,lower_better,none,1,acs_ready,PWOD: B18135 no-disability age 19-64 no-insurance row.
15,Hawaii,HI,2024,eq_score_nohealthins,CP,equity,No Health Insurance: Equity,4.5352975254489785,5.01828453467725,0.482987009228272,lower_better,none,1,acs_ready,PWOD: B18135 no-disability age 19-64 no-insurance row.
16,Idaho,ID,2024,eq_score_nohealthins,CP,equity,No Health Insurance: Equity,11.153183908645712,12.799858397291953,1.6466744886462408,lower_better,none,1,acs_ready,PWOD: B18135 no-disability age 19-64 no-insurance row.
17,Illinois,IL,2024,eq_score_nohealthins,CP,equity,No Health Insurance: Equity,7.68341871688063,10.168588038580035,2.485169321699405,lower_better,none,1,acs_ready,PWOD: B18135 no-disability age 19-64 no-insurance row.
18,Indiana,IN,2024,eq_score_nohealthins,CP,equity,No Health Insurance: Equity,8.082865337800381,10.160456557757076,2.0775912199566946,lower_better,none,1,acs_ready,PWOD: B18135 no-disability age 19-64 no-insurance row.
19,Iowa,IA,2024,eq_score_nohealthins,CP,equity,No Health Insurance: Equity,5.752194408322497,7.336430115439452,1.5842357071169548,lower_better,none,1,acs_ready,PWOD: B18135 no-disability age 19-64 no-insurance row.
20,Kansas,KS,2024,eq_score_nohealthins,CP,equity,No Health Insurance: Equity,14.713976048088306,12.393029470866773,-2.320946577221532,lower_better,none,1,acs_ready,PWOD: B18135 no-disability age 19-64 no-insurance row.
21,Kentucky,KY,2024,eq_score_nohealthins,CP,equity,No Health Insurance: Equity,5.758625772383023,8.832292092443334,3.073666320060311,lower_better,none,1,acs_ready,PWOD: B18135 no-disability age 19-64 no-insurance row.
22,Louisiana,LA,2024,eq_score_nohealthins,CP,equity,No Health Insurance: Equity,7.106415150201431,12.038783063363189,4.932367913161758,lower_better,none,1,acs_ready,PWOD: B18135 no-disability age 19-64 no-insurance row.
23,Maine,ME,2024,eq_score_nohealthins,CP,equity,No Health Insurance: Equity,6.369212041762255,9.446753433522687,3.077541391760432,lower_better,none,1,acs_ready,PWOD: B18135 no-disability age 19-64 no-insurance row.
24,Maryland,MD,2024,eq_score_nohealthins,CP,equity,No Health Insurance: Equity,5.62999040917022,8.734626408456043,3.104635999285823,lower_better,none,1,acs_ready,PWOD: B18135 no-disability age 19-64 no-insurance row.
25,Massachusetts,MA,2024,eq_score_nohealthins,CP,equity,No Health Insurance: Equity,3.053698231270217,3.5538416497694283,0.5001434184992113,lower_better,none,1,acs_ready,PWOD: B18135 no-disability age 19-64 no-insurance row.
26,Michigan,MI,2024,eq_score_nohealthins,CP,equity,No Health Insurance: Equity,5.566200687582962,7.300928595345771,1.7347279077628084,lower_better,none,1,acs_ready,PWOD: B18135 no-disability age 19-64 no-insurance row.
27,Minnesota,MN,2024,eq_score_nohealthins,CP,equity,No Health Insurance: Equity,6.49641881095887,6.43702145707057,-0.0593973538882997,lower_better,none,1,acs_ready,PWOD: B18135 no-disability age 19-64 no-insurance row.
28,Mississippi,MS,2024,eq_score_nohealthins,CP,equity,No Health Insurance: Equity,14.664155586336,16.72900216029658,2.0648465739605815,lower_better,none,1,acs_ready,PWOD: B18135 no-disability age 19-64 no-insurance row.
29,Missouri,MO,2024,eq_score_nohealthins,CP,equity,No Health Insurance: Equity,12.36580240997296,12.339962461756581,-0.025839948216379582,lower_better,none,1,acs_ready,PWOD: B18135 no-disability age 19-64 no-insurance row.
30,Montana,MT,2024,eq_score_nohealthins,CP,equity,No Health Insurance: Equity,9.78340197049471,12.255055327198255,2.471653356703545,lower_better,none,1,acs_ready,PWOD: B18135 no-disability age 19-64 no-insurance row.
31,Nebraska,NE,2024,eq_score_nohealthins,CP,equity,No Health Insurance: Equity,10.13633017119549,10.076032515969628,-0.06029765522586317,lower_better,none,1,acs_ready,PWOD: B18135 no-disability age 19-64 no-insurance row.
32,Nevada,NV,2024,eq_score_nohealthins,CP,equity,No Health Insurance: Equity,12.102244991993578,16.056245381479982,3.9540003894864046,lower_better,none,1,acs_ready,PWOD: B18135 no-disability age 19-64 no-insurance row.
33,New Hampshire,NH,2024,eq_score_nohealthins,CP,equity,No Health Insurance: Equity,5.917811842235765,7.631384746908693,1.7135729046729278,lower_better,none,1,acs_ready,PWOD: B18135 no-disability age 19-64 no-insurance row.
34,New Jersey,NJ,2024,eq_score_nohealthins,CP,equity,No Health Insurance: Equity,8.379918010967364,10.704243939094013,2.3243259281266493,lower_better,none,1,acs_ready,PWOD: B18135 no-disability age 19-64 no-insurance row.
35,New Mexico,NM,2024,eq_score_nohealthins,CP,equity,No Health Insurance: Equity,8.87448248933397,14.99840039374923,6.123917904415261,lower_better,none,1,acs_ready,PWOD: B18135 no-disability age 19-64 no-insurance row.
36,New York,NY,2024,eq_score_nohealthins,CP,equity,No Health Insurance: Equity,4.967723107653256,7.383554432659642,2.415831325006385,lower_better,none,1,acs_ready,PWOD: B18135 no-disability age 19-64 no-insurance row.
37,North Carolina,NC,2024,eq_score_nohealthins,CP,equity,No Health Insurance: Equity,12.413074201968492,14.476759090553587,2.0636848885850956,lower_better,none,1,acs_ready,PWOD: B18135 no-disability age 19-64 no-insurance row.
38,North Dakota,ND,2024,eq_score_nohealthins,CP,equity,No Health Insurance: Equity,9.743409644636625,8.19747445273601,-1.5459351919006146,lower_better,none,1,acs_ready,PWOD: B18135 no-disability age 19-64 no-insurance row.
39,Ohio,OH,2024,eq_score_nohealthins,CP,equity,No Health Insurance: Equity,7.544101505486944,9.005171975952953,1.4610704704660087,lower_better,none,1,acs_ready,PWOD: B18135 no-disability age 19-64 no-insurance row.
40,Oklahoma,OK,2024,eq_score_nohealthins,CP,equity,No Health Insurance: Equity,16.317725818610995,18.671729373067382,2.354003554456387,lower_better,none,1,acs_ready,PWOD: B18135 no-disability age 19-64 no-insurance row.
41,Oregon,OR,2024,eq_score_nohealthins,CP,equity,No Health Insurance: Equity,6.397912493345764,8.947298001396424,2.54938550805066,lower_better,none,1,acs_ready,PWOD: B18135 no-disability age 19-64 no-insurance row.
42,Pennsylvania,PA,2024,eq_score_nohealthins,CP,equity,No Health Insurance: Equity,6.27775157223896,7.6623555445534866,1.384603972314527,lower_better,none,1,acs_ready,PWOD: B18135 no-disability age 19-64 no-insurance row.
44,Rhode Island,RI,2024,eq_score_nohealthins,CP,equity,No Health Insurance: Equity,3.7680847919829126,6.2792457965147435,2.511161004531831,lower_better,none,1,acs_ready,PWOD: B18135 no-disability age 19-64 no-insurance row.
45,South Carolina,SC,2024,eq_score_nohealthins,CP,equity,No Health Insurance: Equity,13.69492145765549,14.29471648010737,0.5997950224518807,lower_better,none,1,acs_ready,PWOD: B18135 no-disability age 19-64 no-insurance row.
46,South Dakota,SD,2024,eq_score_nohealthins,CP,equity,No Health Insurance: Equity,13.419509594882728,12.375140466974653,-1.044369127908075,lower_better,none,1,acs_ready,PWOD: B18135 no-disability age 19-64 no-insurance row.
47,Tennessee,TN,2024,eq_score_nohealthins,CP,equity,No Health Insurance: Equity,13.940721356240756,14.420181650352825,0.47946029411206936,lower_better,none,1,acs_ready,PWOD: B18135 no-disability age 19-64 no-insurance row.
48,Texas,TX,2024,eq_score_nohealthins,CP,equity,No Health Insurance: Equity,19.507272464734218,23.225906532323684,3.7186340675894662,lower_better,none,1,acs_ready,PWOD: B18135 no-disability age 19-64 no-insurance row.
49,Utah,UT,2024,eq_score_nohealthins,CP,equity,No Health Insurance: Equity,10.081055803803388,10.89564316076515,0.8145873569617628,lower_better,none,1,acs_ready,PWOD: B18135 no-disability age 19-64 no-insurance row.
50,Vermont,VT,2024,eq_score_nohealthins,CP,equity,No Health Insurance: Equity,4.168111669845674,6.070397772617355,1.902286102771681,lower_better,none,1,acs_ready,PWOD: B18135 no-disability age 19-64 no-insurance row.
51,Virginia,VA,2024,eq_score_nohealthins,CP,equity,No Health Insurance: Equity,7.907381534970244,9.677062242420641,1.769680707450397,lower_better,none,1,acs_ready,PWOD: B18135 no-disability age 19-64 no-insurance row.
53,Washington,WA,2024,eq_score_nohealthins,CP,equity,No Health Insurance: Equity,7.521492411882058,9.26901334363584,1.7475209317537832,lower_better,none,1,acs_ready,PWOD: B18135 no-disability age 19-64 no-insurance row.
54,West Virginia,WV,2024,eq_score_nohealthins,CP,equity,No Health Insurance: Equity,6.090430773457236,9.885690143955523,3.7952593704982878,lower_better,none,1,acs_ready,PWOD: B18135 no-disability age 19-64 no-insurance row.
55,Wisconsin,WI,2024,eq_score_nohealthins,CP,equity,No Health Insurance: Equity,5.751491363552633,7.387468401291762,1.6359770377391287,lower_better,none,1,acs_ready,PWOD: B18135 no-disability age 19-64 no-insurance row.
56,Wyoming,WY,2024,eq_score_nohealthins,CP,equity,No Health Insurance: Equity,15.376532399299474,15.769665682537608,0.393133283238134,lower_better,none,1,acs_ready,PWOD: B18135 no-disability age 19-64 no-insurance row.
72,Puerto Rico,PR,2024,eq_score_nohealthins,CP,equity,No Health Insurance: Equity,5.233970983511215,9.269463380815356,4.035492397304141,lower_better,none,1,acs_ready,PWOD: B18135 no-disability age 19-64 no-insurance row.
000,United States,USA,2024,rel_score_propertycrime,CP,relative,Property Crime Rate: Relative,NA,NA,NA,lower_better,none,1,external_ready,"Source: FBI NIBRS 2024 — Table 28 (Crimes Against Property). Downloaded to external_data/. Variable: property_crime_rate = (Burglary + Larceny/Theft + Motor Vehicle Theft) / Population Covered × 100,000. Arson excluded. Rate denominator = population covered by NIBRS-reporting agencies (NOT total state pop). 2024 low-participation states: FL (~62% covered), PA (~51% covered), AK (~61% covered) — flagged in fbi_crime_2024.csv via fbi_coverage_note column. Data added to national_data via 01b Section B + INTEGRATION (April 2026). Source status corrected from acs_ready to external_ready on 7 August 2026; this is FBI NIBRS data merged by 01b_pull_external_data.R, not an ACS variable."
01,Alabama,AL,2024,rel_score_propertycrime,CP,relative,Property Crime Rate: Relative,1641.4364665031496,NA,1641.4364665031496,lower_better,none,1,external_ready,"Source: FBI NIBRS 2024 — Table 28 (Crimes Against Property). Downloaded to external_data/. Variable: property_crime_rate = (Burglary + Larceny/Theft + Motor Vehicle Theft) / Population Covered × 100,000. Arson excluded. Rate denominator = population covered by NIBRS-reporting agencies (NOT total state pop). 2024 low-participation states: FL (~62% covered), PA (~51% covered), AK (~61% covered) — flagged in fbi_crime_2024.csv via fbi_coverage_note column. Data added to national_data via 01b Section B + INTEGRATION (April 2026). Source status corrected from acs_ready to external_ready on 7 August 2026; this is FBI NIBRS data merged by 01b_pull_external_data.R, not an ACS variable."
02,Alaska,AK,2024,rel_score_propertycrime,CP,relative,Property Crime Rate: Relative,1073.1908624576226,NA,1073.1908624576226,lower_better,none,1,external_ready,"Source: FBI NIBRS 2024 — Table 28 (Crimes Against Property). Downloaded to external_data/. Variable: property_crime_rate = (Burglary + Larceny/Theft + Motor Vehicle Theft) / Population Covered × 100,000. Arson excluded. Rate denominator = population covered by NIBRS-reporting agencies (NOT total state pop). 2024 low-participation states: FL (~62% covered), PA (~51% covered), AK (~61% covered) — flagged in fbi_crime_2024.csv via fbi_coverage_note column. Data added to national_data via 01b Section B + INTEGRATION (April 2026). Source status corrected from acs_ready to external_ready on 7 August 2026; this is FBI NIBRS data merged by 01b_pull_external_data.R, not an ACS variable."
04,Arizona,AZ,2024,rel_score_propertycrime,CP,relative,Property Crime Rate: Relative,1698.8633483883257,NA,1698.8633483883257,lower_better,none,1,external_ready,"Source: FBI NIBRS 2024 — Table 28 (Crimes Against Property). Downloaded to external_data/. Variable: property_crime_rate = (Burglary + Larceny/Theft + Motor Vehicle Theft) / Population Covered × 100,000. Arson excluded. Rate denominator = population covered by NIBRS-reporting agencies (NOT total state pop). 2024 low-participation states: FL (~62% covered), PA (~51% covered), AK (~61% covered) — flagged in fbi_crime_2024.csv via fbi_coverage_note column. Data added to national_data via 01b Section B + INTEGRATION (April 2026). Source status corrected from acs_ready to external_ready on 7 August 2026; this is FBI NIBRS data merged by 01b_pull_external_data.R, not an ACS variable."
05,Arkansas,AR,2024,rel_score_propertycrime,CP,relative,Property Crime Rate: Relative,2004.3686184384485,NA,2004.3686184384485,lower_better,none,1,external_ready,"Source: FBI NIBRS 2024 — Table 28 (Crimes Against Property). Downloaded to external_data/. Variable: property_crime_rate = (Burglary + Larceny/Theft + Motor Vehicle Theft) / Population Covered × 100,000. Arson excluded. Rate denominator = population covered by NIBRS-reporting agencies (NOT total state pop). 2024 low-participation states: FL (~62% covered), PA (~51% covered), AK (~61% covered) — flagged in fbi_crime_2024.csv via fbi_coverage_note column. Data added to national_data via 01b Section B + INTEGRATION (April 2026). Source status corrected from acs_ready to external_ready on 7 August 2026; this is FBI NIBRS data merged by 01b_pull_external_data.R, not an ACS variable."
06,California,CA,2024,rel_score_propertycrime,CP,relative,Property Crime Rate: Relative,1747.2840143559442,NA,1747.2840143559442,lower_better,none,1,external_ready,"Source: FBI NIBRS 2024 — Table 28 (Crimes Against Property). Downloaded to external_data/. Variable: property_crime_rate = (Burglary + Larceny/Theft + Motor Vehicle Theft) / Population Covered × 100,000. Arson excluded. Rate denominator = population covered by NIBRS-reporting agencies (NOT total state pop). 2024 low-participation states: FL (~62% covered), PA (~51% covered), AK (~61% covered) — flagged in fbi_crime_2024.csv via fbi_coverage_note column. Data added to national_data via 01b Section B + INTEGRATION (April 2026). Source status corrected from acs_ready to external_ready on 7 August 2026; this is FBI NIBRS data merged by 01b_pull_external_data.R, not an ACS variable."
08,Colorado,CO,2024,rel_score_propertycrime,CP,relative,Property Crime Rate: Relative,2653.1977718901244,NA,2653.1977718901244,lower_better,none,1,external_ready,"Source: FBI NIBRS 2024 — Table 28 (Crimes Against Property). Downloaded to external_data/. Variable: property_crime_rate = (Burglary + Larceny/Theft + Motor Vehicle Theft) / Population Covered × 100,000. Arson excluded. Rate denominator = population covered by NIBRS-reporting agencies (NOT total state pop). 2024 low-participation states: FL (~62% covered), PA (~51% covered), AK (~61% covered) — flagged in fbi_crime_2024.csv via fbi_coverage_note column. Data added to national_data via 01b Section B + INTEGRATION (April 2026). Source status corrected from acs_ready to external_ready on 7 August 2026; this is FBI NIBRS data merged by 01b_pull_external_data.R, not an ACS variable."
09,Connecticut,CT,2024,rel_score_propertycrime,CP,relative,Property Crime Rate: Relative,1373.389179903833,NA,1373.389179903833,lower_better,none,1,external_ready,"Source: FBI NIBRS 2024 — Table 28 (Crimes Against Property). Downloaded to external_data/. Variable: property_crime_rate = (Burglary + Larceny/Theft + Motor Vehicle Theft) / Population Covered × 100,000. Arson excluded. Rate denominator = population covered by NIBRS-reporting agencies (NOT total state pop). 2024 low-participation states: FL (~62% covered), PA (~51% covered), AK (~61% covered) — flagged in fbi_crime_2024.csv via fbi_coverage_note column. Data added to national_data via 01b Section B + INTEGRATION (April 2026). Source status corrected from acs_ready to external_ready on 7 August 2026; this is FBI NIBRS data merged by 01b_pull_external_data.R, not an ACS variable."
10,Delaware,DE,2024,rel_score_propertycrime,CP,relative,Property Crime Rate: Relative,1792.7269927190073,NA,1792.7269927190073,lower_better,none,1,external_ready,"Source: FBI NIBRS 2024 — Table 28 (Crimes Against Property). Downloaded to external_data/. Variable: property_crime_rate = (Burglary + Larceny/Theft + Motor Vehicle Theft) / Population Covered × 100,000. Arson excluded. Rate denominator = population covered by NIBRS-reporting agencies (NOT total state pop). 2024 low-participation states: FL (~62% covered), PA (~51% covered), AK (~61% covered) — flagged in fbi_crime_2024.csv via fbi_coverage_note column. Data added to national_data via 01b Section B + INTEGRATION (April 2026). Source status corrected from acs_ready to external_ready on 7 August 2026; this is FBI NIBRS data merged by 01b_pull_external_data.R, not an ACS variable."
11,District of Columbia,DC,2024,rel_score_propertycrime,CP,relative,Property Crime Rate: Relative,3727.4474902100383,NA,3727.4474902100383,lower_better,none,1,external_ready,"Source: FBI NIBRS 2024 — Table 28 (Crimes Against Property). Downloaded to external_data/. Variable: property_crime_rate = (Burglary + Larceny/Theft + Motor Vehicle Theft) / Population Covered × 100,000. Arson excluded. Rate denominator = population covered by NIBRS-reporting agencies (NOT total state pop). 2024 low-participation states: FL (~62% covered), PA (~51% covered), AK (~61% covered) — flagged in fbi_crime_2024.csv via fbi_coverage_note column. Data added to national_data via 01b Section B + INTEGRATION (April 2026). Source status corrected from acs_ready to external_ready on 7 August 2026; this is FBI NIBRS data merged by 01b_pull_external_data.R, not an ACS variable."
12,Florida,FL,2024,rel_score_propertycrime,CP,relative,Property Crime Rate: Relative,1219.364888133436,NA,1219.364888133436,lower_better,none,1,external_ready,"Source: FBI NIBRS 2024 — Table 28 (Crimes Against Property). Downloaded to external_data/. Variable: property_crime_rate = (Burglary + Larceny/Theft + Motor Vehicle Theft) / Population Covered × 100,000. Arson excluded. Rate denominator = population covered by NIBRS-reporting agencies (NOT total state pop). 2024 low-participation states: FL (~62% covered), PA (~51% covered), AK (~61% covered) — flagged in fbi_crime_2024.csv via fbi_coverage_note column. Data added to national_data via 01b Section B + INTEGRATION (April 2026). Source status corrected from acs_ready to external_ready on 7 August 2026; this is FBI NIBRS data merged by 01b_pull_external_data.R, not an ACS variable."
13,Georgia,GA,2024,rel_score_propertycrime,CP,relative,Property Crime Rate: Relative,1590.3312413065858,NA,1590.3312413065858,lower_better,none,1,external_ready,"Source: FBI NIBRS 2024 — Table 28 (Crimes Against Property). Downloaded to external_data/. Variable: property_crime_rate = (Burglary + Larceny/Theft + Motor Vehicle Theft) / Population Covered × 100,000. Arson excluded. Rate denominator = population covered by NIBRS-reporting agencies (NOT total state pop). 2024 low-participation states: FL (~62% covered), PA (~51% covered), AK (~61% covered) — flagged in fbi_crime_2024.csv via fbi_coverage_note column. Data added to national_data via 01b Section B + INTEGRATION (April 2026). Source status corrected from acs_ready to external_ready on 7 August 2026; this is FBI NIBRS data merged by 01b_pull_external_data.R, not an ACS variable."
15,Hawaii,HI,2024,rel_score_propertycrime,CP,relative,Property Crime Rate: Relative,1462.0238897040824,NA,1462.0238897040824,lower_better,none,1,external_ready,"Source: FBI NIBRS 2024 — Table 28 (Crimes Against Property). Downloaded to external_data/. Variable: property_crime_rate = (Burglary + Larceny/Theft + Motor Vehicle Theft) / Population Covered × 100,000. Arson excluded. Rate denominator = population covered by NIBRS-reporting agencies (NOT total state pop). 2024 low-participation states: FL (~62% covered), PA (~51% covered), AK (~61% covered) — flagged in fbi_crime_2024.csv via fbi_coverage_note column. Data added to national_data via 01b Section B + INTEGRATION (April 2026). Source status corrected from acs_ready to external_ready on 7 August 2026; this is FBI NIBRS data merged by 01b_pull_external_data.R, not an ACS variable."
16,Idaho,ID,2024,rel_score_propertycrime,CP,relative,Property Crime Rate: Relative,740.9420806746868,NA,740.9420806746868,lower_better,none,1,external_ready,"Source: FBI NIBRS 2024 — Table 28 (Crimes Against Property). Downloaded to external_data/. Variable: property_crime_rate = (Burglary + Larceny/Theft + Motor Vehicle Theft) / Population Covered × 100,000. Arson excluded. Rate denominator = population covered by NIBRS-reporting agencies (NOT total state pop). 2024 low-participation states: FL (~62% covered), PA (~51% covered), AK (~61% covered) — flagged in fbi_crime_2024.csv via fbi_coverage_note column. Data added to national_data via 01b Section B + INTEGRATION (April 2026). Source status corrected from acs_ready to external_ready on 7 August 2026; this is FBI NIBRS data merged by 01b_pull_external_data.R, not an ACS variable."
17,Illinois,IL,2024,rel_score_propertycrime,CP,relative,Property Crime Rate: Relative,1764.1053033001783,NA,1764.1053033001783,lower_better,none,1,external_ready,"Source: FBI NIBRS 2024 — Table 28 (Crimes Against Property). Downloaded to external_data/. Variable: property_crime_rate = (Burglary + Larceny/Theft + Motor Vehicle Theft) / Population Covered × 100,000. Arson excluded. Rate denominator = population covered by NIBRS-reporting agencies (NOT total state pop). 2024 low-participation states: FL (~62% covered), PA (~51% covered), AK (~61% covered) — flagged in fbi_crime_2024.csv via fbi_coverage_note column. Data added to national_data via 01b Section B + INTEGRATION (April 2026). Source status corrected from acs_ready to external_ready on 7 August 2026; this is FBI NIBRS data merged by 01b_pull_external_data.R, not an ACS variable."
18,Indiana,IN,2024,rel_score_propertycrime,CP,relative,Property Crime Rate: Relative,1466.588910699069,NA,1466.588910699069,lower_better,none,1,external_ready,"Source: FBI NIBRS 2024 — Table 28 (Crimes Against Property). Downloaded to external_data/. Variable: property_crime_rate = (Burglary + Larceny/Theft + Motor Vehicle Theft) / Population Covered × 100,000. Arson excluded. Rate denominator = population covered by NIBRS-reporting agencies (NOT total state pop). 2024 low-participation states: FL (~62% covered), PA (~51% covered), AK (~61% covered) — flagged in fbi_crime_2024.csv via fbi_coverage_note column. Data added to national_data via 01b Section B + INTEGRATION (April 2026). Source status corrected from acs_ready to external_ready on 7 August 2026; this is FBI NIBRS data merged by 01b_pull_external_data.R, not an ACS variable."
19,Iowa,IA,2024,rel_score_propertycrime,CP,relative,Property Crime Rate: Relative,1343.7237072689927,NA,1343.7237072689927,lower_better,none,1,external_ready,"Source: FBI NIBRS 2024 — Table 28 (Crimes Against Property). Downloaded to external_data/. Variable: property_crime_rate = (Burglary + Larceny/Theft + Motor Vehicle Theft) / Population Covered × 100,000. Arson excluded. Rate denominator = population covered by NIBRS-reporting agencies (NOT total state pop). 2024 low-participation states: FL (~62% covered), PA (~51% covered), AK (~61% covered) — flagged in fbi_crime_2024.csv via fbi_coverage_note column. Data added to national_data via 01b Section B + INTEGRATION (April 2026). Source status corrected from acs_ready to external_ready on 7 August 2026; this is FBI NIBRS data merged by 01b_pull_external_data.R, not an ACS variable."
20,Kansas,KS,2024,rel_score_propertycrime,CP,relative,Property Crime Rate: Relative,1700.2812307589904,NA,1700.2812307589904,lower_better,none,1,external_ready,"Source: FBI NIBRS 2024 — Table 28 (Crimes Against Property). Downloaded to external_data/. Variable: property_crime_rate = (Burglary + Larceny/Theft + Motor Vehicle Theft) / Population Covered × 100,000. Arson excluded. Rate denominator = population covered by NIBRS-reporting agencies (NOT total state pop). 2024 low-participation states: FL (~62% covered), PA (~51% covered), AK (~61% covered) — flagged in fbi_crime_2024.csv via fbi_coverage_note column. Data added to national_data via 01b Section B + INTEGRATION (April 2026). Source status corrected from acs_ready to external_ready on 7 August 2026; this is FBI NIBRS data merged by 01b_pull_external_data.R, not an ACS variable."
21,Kentucky,KY,2024,rel_score_propertycrime,CP,relative,Property Crime Rate: Relative,1407.5362677655603,NA,1407.5362677655603,lower_better,none,1,external_ready,"Source: FBI NIBRS 2024 — Table 28 (Crimes Against Property). Downloaded to external_data/. Variable: property_crime_rate = (Burglary + Larceny/Theft + Motor Vehicle Theft) / Population Covered × 100,000. Arson excluded. Rate denominator = population covered by NIBRS-reporting agencies (NOT total state pop). 2024 low-participation states: FL (~62% covered), PA (~51% covered), AK (~61% covered) — flagged in fbi_crime_2024.csv via fbi_coverage_note column. Data added to national_data via 01b Section B + INTEGRATION (April 2026). Source status corrected from acs_ready to external_ready on 7 August 2026; this is FBI NIBRS data merged by 01b_pull_external_data.R, not an ACS variable."
22,Louisiana,LA,2024,rel_score_propertycrime,CP,relative,Property Crime Rate: Relative,2086.116041980339,NA,2086.116041980339,lower_better,none,1,external_ready,"Source: FBI NIBRS 2024 — Table 28 (Crimes Against Property). Downloaded to external_data/. Variable: property_crime_rate = (Burglary + Larceny/Theft + Motor Vehicle Theft) / Population Covered × 100,000. Arson excluded. Rate denominator = population covered by NIBRS-reporting agencies (NOT total state pop). 2024 low-participation states: FL (~62% covered), PA (~51% covered), AK (~61% covered) — flagged in fbi_crime_2024.csv via fbi_coverage_note column. Data added to national_data via 01b Section B + INTEGRATION (April 2026). Source status corrected from acs_ready to external_ready on 7 August 2026; this is FBI NIBRS data merged by 01b_pull_external_data.R, not an ACS variable."
23,Maine,ME,2024,rel_score_propertycrime,CP,relative,Property Crime Rate: Relative,1163.5167598746586,NA,1163.5167598746586,lower_better,none,1,external_ready,"Source: FBI NIBRS 2024 — Table 28 (Crimes Against Property). Downloaded to external_data/. Variable: property_crime_rate = (Burglary + Larceny/Theft + Motor Vehicle Theft) / Population Covered × 100,000. Arson excluded. Rate denominator = population covered by NIBRS-reporting agencies (NOT total state pop). 2024 low-participation states: FL (~62% covered), PA (~51% covered), AK (~61% covered) — flagged in fbi_crime_2024.csv via fbi_coverage_note column. Data added to national_data via 01b Section B + INTEGRATION (April 2026). Source status corrected from acs_ready to external_ready on 7 August 2026; this is FBI NIBRS data merged by 01b_pull_external_data.R, not an ACS variable."
24,Maryland,MD,2024,rel_score_propertycrime,CP,relative,Property Crime Rate: Relative,2099.291289861436,NA,2099.291289861436,lower_better,none,1,external_ready,"Source: FBI NIBRS 2024 — Table 28 (Crimes Against Property). Downloaded to external_data/. Variable: property_crime_rate = (Burglary + Larceny/Theft + Motor Vehicle Theft) / Population Covered × 100,000. Arson excluded. Rate denominator = population covered by NIBRS-reporting agencies (NOT total state pop). 2024 low-participation states: FL (~62% covered), PA (~51% covered), AK (~61% covered) — flagged in fbi_crime_2024.csv via fbi_coverage_note column. Data added to national_data via 01b Section B + INTEGRATION (April 2026). Source status corrected from acs_ready to external_ready on 7 August 2026; this is FBI NIBRS data merged by 01b_pull_external_data.R, not an ACS variable."
25,Massachusetts,MA,2024,rel_score_propertycrime,CP,relative,Property Crime Rate: Relative,1093.4233031538795,NA,1093.4233031538795,lower_better,none,1,external_ready,"Source: FBI NIBRS 2024 — Table 28 (Crimes Against Property). Downloaded to external_data/. Variable: property_crime_rate = (Burglary + Larceny/Theft + Motor Vehicle Theft) / Population Covered × 100,000. Arson excluded. Rate denominator = population covered by NIBRS-reporting agencies (NOT total state pop). 2024 low-participation states: FL (~62% covered), PA (~51% covered), AK (~61% covered) — flagged in fbi_crime_2024.csv via fbi_coverage_note column. Data added to national_data via 01b Section B + INTEGRATION (April 2026). Source status corrected from acs_ready to external_ready on 7 August 2026; this is FBI NIBRS data merged by 01b_pull_external_data.R, not an ACS variable."
26,Michigan,MI,2024,rel_score_propertycrime,CP,relative,Property Crime Rate: Relative,1394.626008599811,NA,1394.626008599811,lower_better,none,1,external_ready,"Source: FBI NIBRS 2024 — Table 28 (Crimes Against Property). Downloaded to external_data/. Variable: property_crime_rate = (Burglary + Larceny/Theft + Motor Vehicle Theft) / Population Covered × 100,000. Arson excluded. Rate denominator = population covered by NIBRS-reporting agencies (NOT total state pop). 2024 low-participation states: FL (~62% covered), PA (~51% covered), AK (~61% covered) — flagged in fbi_crime_2024.csv via fbi_coverage_note column. Data added to national_data via 01b Section B + INTEGRATION (April 2026). Source status corrected from acs_ready to external_ready on 7 August 2026; this is FBI NIBRS data merged by 01b_pull_external_data.R, not an ACS variable."
27,Minnesota,MN,2024,rel_score_propertycrime,CP,relative,Property Crime Rate: Relative,1622.9020705974065,NA,1622.9020705974065,lower_better,none,1,external_ready,"Source: FBI NIBRS 2024 — Table 28 (Crimes Against Property). Downloaded to external_data/. Variable: property_crime_rate = (Burglary + Larceny/Theft + Motor Vehicle Theft) / Population Covered × 100,000. Arson excluded. Rate denominator = population covered by NIBRS-reporting agencies (NOT total state pop). 2024 low-participation states: FL (~62% covered), PA (~51% covered), AK (~61% covered) — flagged in fbi_crime_2024.csv via fbi_coverage_note column. Data added to national_data via 01b Section B + INTEGRATION (April 2026). Source status corrected from acs_ready to external_ready on 7 August 2026; this is FBI NIBRS data merged by 01b_pull_external_data.R, not an ACS variable."
28,Mississippi,MS,2024,rel_score_propertycrime,CP,relative,Property Crime Rate: Relative,1280.7541118167433,NA,1280.7541118167433,lower_better,none,1,external_ready,"Source: FBI NIBRS 2024 — Table 28 (Crimes Against Property). Downloaded to external_data/. Variable: property_crime_rate = (Burglary + Larceny/Theft + Motor Vehicle Theft) / Population Covered × 100,000. Arson excluded. Rate denominator = population covered by NIBRS-reporting agencies (NOT total state pop). 2024 low-participation states: FL (~62% covered), PA (~51% covered), AK (~61% covered) — flagged in fbi_crime_2024.csv via fbi_coverage_note column. Data added to national_data via 01b Section B + INTEGRATION (April 2026). Source status corrected from acs_ready to external_ready on 7 August 2026; this is FBI NIBRS data merged by 01b_pull_external_data.R, not an ACS variable."
29,Missouri,MO,2024,rel_score_propertycrime,CP,relative,Property Crime Rate: Relative,1987.0647502705713,NA,1987.0647502705713,lower_better,none,1,external_ready,"Source: FBI NIBRS 2024 — Table 28 (Crimes Against Property). Downloaded to external_data/. Variable: property_crime_rate = (Burglary + Larceny/Theft + Motor Vehicle Theft) / Population Covered × 100,000. Arson excluded. Rate denominator = population covered by NIBRS-reporting agencies (NOT total state pop). 2024 low-participation states: FL (~62% covered), PA (~51% covered), AK (~61% covered) — flagged in fbi_crime_2024.csv via fbi_coverage_note column. Data added to national_data via 01b Section B + INTEGRATION (April 2026). Source status corrected from acs_ready to external_ready on 7 August 2026; this is FBI NIBRS data merged by 01b_pull_external_data.R, not an ACS variable."
30,Montana,MT,2024,rel_score_propertycrime,CP,relative,Property Crime Rate: Relative,1681.5603442733684,NA,1681.5603442733684,lower_better,none,1,external_ready,"Source: FBI NIBRS 2024 — Table 28 (Crimes Against Property). Downloaded to external_data/. Variable: property_crime_rate = (Burglary + Larceny/Theft + Motor Vehicle Theft) / Population Covered × 100,000. Arson excluded. Rate denominator = population covered by NIBRS-reporting agencies (NOT total state pop). 2024 low-participation states: FL (~62% covered), PA (~51% covered), AK (~61% covered) — flagged in fbi_crime_2024.csv via fbi_coverage_note column. Data added to national_data via 01b Section B + INTEGRATION (April 2026). Source status corrected from acs_ready to external_ready on 7 August 2026; this is FBI NIBRS data merged by 01b_pull_external_data.R, not an ACS variable."
31,Nebraska,NE,2024,rel_score_propertycrime,CP,relative,Property Crime Rate: Relative,1639.7813020180024,NA,1639.7813020180024,lower_better,none,1,external_ready,"Source: FBI NIBRS 2024 — Table 28 (Crimes Against Property). Downloaded to external_data/. Variable: property_crime_rate = (Burglary + Larceny/Theft + Motor Vehicle Theft) / Population Covered × 100,000. Arson excluded. Rate denominator = population covered by NIBRS-reporting agencies (NOT total state pop). 2024 low-participation states: FL (~62% covered), PA (~51% covered), AK (~61% covered) — flagged in fbi_crime_2024.csv via fbi_coverage_note column. Data added to national_data via 01b Section B + INTEGRATION (April 2026). Source status corrected from acs_ready to external_ready on 7 August 2026; this is FBI NIBRS data merged by 01b_pull_external_data.R, not an ACS variable."
32,Nevada,NV,2024,rel_score_propertycrime,CP,relative,Property Crime Rate: Relative,2252.0615910090523,NA,2252.0615910090523,lower_better,none,1,external_ready,"Source: FBI NIBRS 2024 — Table 28 (Crimes Against Property). Downloaded to external_data/. Variable: property_crime_rate = (Burglary + Larceny/Theft + Motor Vehicle Theft) / Population Covered × 100,000. Arson excluded. Rate denominator = population covered by NIBRS-reporting agencies (NOT total state pop). 2024 low-participation states: FL (~62% covered), PA (~51% covered), AK (~61% covered) — flagged in fbi_crime_2024.csv via fbi_coverage_note column. Data added to national_data via 01b Section B + INTEGRATION (April 2026). Source status corrected from acs_ready to external_ready on 7 August 2026; this is FBI NIBRS data merged by 01b_pull_external_data.R, not an ACS variable."
33,New Hampshire,NH,2024,rel_score_propertycrime,CP,relative,Property Crime Rate: Relative,928.8672215638884,NA,928.8672215638884,lower_better,none,1,external_ready,"Source: FBI NIBRS 2024 — Table 28 (Crimes Against Property). Downloaded to external_data/. Variable: property_crime_rate = (Burglary + Larceny/Theft + Motor Vehicle Theft) / Population Covered × 100,000. Arson excluded. Rate denominator = population covered by NIBRS-reporting agencies (NOT total state pop). 2024 low-participation states: FL (~62% covered), PA (~51% covered), AK (~61% covered) — flagged in fbi_crime_2024.csv via fbi_coverage_note column. Data added to national_data via 01b Section B + INTEGRATION (April 2026). Source status corrected from acs_ready to external_ready on 7 August 2026; this is FBI NIBRS data merged by 01b_pull_external_data.R, not an ACS variable."
34,New Jersey,NJ,2024,rel_score_propertycrime,CP,relative,Property Crime Rate: Relative,1508.616589387265,NA,1508.616589387265,lower_better,none,1,external_ready,"Source: FBI NIBRS 2024 — Table 28 (Crimes Against Property). Downloaded to external_data/. Variable: property_crime_rate = (Burglary + Larceny/Theft + Motor Vehicle Theft) / Population Covered × 100,000. Arson excluded. Rate denominator = population covered by NIBRS-reporting agencies (NOT total state pop). 2024 low-participation states: FL (~62% covered), PA (~51% covered), AK (~61% covered) — flagged in fbi_crime_2024.csv via fbi_coverage_note column. Data added to national_data via 01b Section B + INTEGRATION (April 2026). Source status corrected from acs_ready to external_ready on 7 August 2026; this is FBI NIBRS data merged by 01b_pull_external_data.R, not an ACS variable."
35,New Mexico,NM,2024,rel_score_propertycrime,CP,relative,Property Crime Rate: Relative,2965.84589303066,NA,2965.84589303066,lower_better,none,1,external_ready,"Source: FBI NIBRS 2024 — Table 28 (Crimes Against Property). Downloaded to external_data/. Variable: property_crime_rate = (Burglary + Larceny/Theft + Motor Vehicle Theft) / Population Covered × 100,000. Arson excluded. Rate denominator = population covered by NIBRS-reporting agencies (NOT total state pop). 2024 low-participation states: FL (~62% covered), PA (~51% covered), AK (~61% covered) — flagged in fbi_crime_2024.csv via fbi_coverage_note column. Data added to national_data via 01b Section B + INTEGRATION (April 2026). Source status corrected from acs_ready to external_ready on 7 August 2026; this is FBI NIBRS data merged by 01b_pull_external_data.R, not an ACS variable."
36,New York,NY,2024,rel_score_propertycrime,CP,relative,Property Crime Rate: Relative,2018.4879518203968,NA,2018.4879518203968,lower_better,none,1,external_ready,"Source: FBI NIBRS 2024 — Table 28 (Crimes Against Property). Downloaded to external_data/. Variable: property_crime_rate = (Burglary + Larceny/Theft + Motor Vehicle Theft) / Population Covered × 100,000. Arson excluded. Rate denominator = population covered by NIBRS-reporting agencies (NOT total state pop). 2024 low-participation states: FL (~62% covered), PA (~51% covered), AK (~61% covered) — flagged in fbi_crime_2024.csv via fbi_coverage_note column. Data added to national_data via 01b Section B + INTEGRATION (April 2026). Source status corrected from acs_ready to external_ready on 7 August 2026; this is FBI NIBRS data merged by 01b_pull_external_data.R, not an ACS variable."
37,North Carolina,NC,2024,rel_score_propertycrime,CP,relative,Property Crime Rate: Relative,1995.3566623207696,NA,1995.3566623207696,lower_better,none,1,external_ready,"Source: FBI NIBRS 2024 — Table 28 (Crimes Against Property). Downloaded to external_data/. Variable: property_crime_rate = (Burglary + Larceny/Theft + Motor Vehicle Theft) / Population Covered × 100,000. Arson excluded. Rate denominator = population covered by NIBRS-reporting agencies (NOT total state pop). 2024 low-participation states: FL (~62% covered), PA (~51% covered), AK (~61% covered) — flagged in fbi_crime_2024.csv via fbi_coverage_note column. Data added to national_data via 01b Section B + INTEGRATION (April 2026). Source status corrected from acs_ready to external_ready on 7 August 2026; this is FBI NIBRS data merged by 01b_pull_external_data.R, not an ACS variable."
38,North Dakota,ND,2024,rel_score_propertycrime,CP,relative,Property Crime Rate: Relative,1721.0254854368932,NA,1721.0254854368932,lower_better,none,1,external_ready,"Source: FBI NIBRS 2024 — Table 28 (Crimes Against Property). Downloaded to external_data/. Variable: property_crime_rate = (Burglary + Larceny/Theft + Motor Vehicle Theft) / Population Covered × 100,000. Arson excluded. Rate denominator = population covered by NIBRS-reporting agencies (NOT total state pop). 2024 low-participation states: FL (~62% covered), PA (~51% covered), AK (~61% covered) — flagged in fbi_crime_2024.csv via fbi_coverage_note column. Data added to national_data via 01b Section B + INTEGRATION (April 2026). Source status corrected from acs_ready to external_ready on 7 August 2026; this is FBI NIBRS data merged by 01b_pull_external_data.R, not an ACS variable."
39,Ohio,OH,2024,rel_score_propertycrime,CP,relative,Property Crime Rate: Relative,1602.4829861307849,NA,1602.4829861307849,lower_better,none,1,external_ready,"Source: FBI NIBRS 2024 — Table 28 (Crimes Against Property). Downloaded to external_data/. Variable: property_crime_rate = (Burglary + Larceny/Theft + Motor Vehicle Theft) / Population Covered × 100,000. Arson excluded. Rate denominator = population covered by NIBRS-reporting agencies (NOT total state pop). 2024 low-participation states: FL (~62% covered), PA (~51% covered), AK (~61% covered) — flagged in fbi_crime_2024.csv via fbi_coverage_note column. Data added to national_data via 01b Section B + INTEGRATION (April 2026). Source status corrected from acs_ready to external_ready on 7 August 2026; this is FBI NIBRS data merged by 01b_pull_external_data.R, not an ACS variable."
40,Oklahoma,OK,2024,rel_score_propertycrime,CP,relative,Property Crime Rate: Relative,2005.228802217516,NA,2005.228802217516,lower_better,none,1,external_ready,"Source: FBI NIBRS 2024 — Table 28 (Crimes Against Property). Downloaded to external_data/. Variable: property_crime_rate = (Burglary + Larceny/Theft + Motor Vehicle Theft) / Population Covered × 100,000. Arson excluded. Rate denominator = population covered by NIBRS-reporting agencies (NOT total state pop). 2024 low-participation states: FL (~62% covered), PA (~51% covered), AK (~61% covered) — flagged in fbi_crime_2024.csv via fbi_coverage_note column. Data added to national_data via 01b Section B + INTEGRATION (April 2026). Source status corrected from acs_ready to external_ready on 7 August 2026; this is FBI NIBRS data merged by 01b_pull_external_data.R, not an ACS variable."
41,Oregon,OR,2024,rel_score_propertycrime,CP,relative,Property Crime Rate: Relative,2436.4587270536354,NA,2436.4587270536354,lower_better,none,1,external_ready,"Source: FBI NIBRS 2024 — Table 28 (Crimes Against Property). Downloaded to external_data/. Variable: property_crime_rate = (Burglary + Larceny/Theft + Motor Vehicle Theft) / Population Covered × 100,000. Arson excluded. Rate denominator = population covered by NIBRS-reporting agencies (NOT total state pop). 2024 low-participation states: FL (~62% covered), PA (~51% covered), AK (~61% covered) — flagged in fbi_crime_2024.csv via fbi_coverage_note column. Data added to national_data via 01b Section B + INTEGRATION (April 2026). Source status corrected from acs_ready to external_ready on 7 August 2026; this is FBI NIBRS data merged by 01b_pull_external_data.R, not an ACS variable."
42,Pennsylvania,PA,2024,rel_score_propertycrime,CP,relative,Property Crime Rate: Relative,1795.358149980479,NA,1795.358149980479,lower_better,none,1,external_ready,"Source: FBI NIBRS 2024 — Table 28 (Crimes Against Property). Downloaded to external_data/. Variable: property_crime_rate = (Burglary + Larceny/Theft + Motor Vehicle Theft) / Population Covered × 100,000. Arson excluded. Rate denominator = population covered by NIBRS-reporting agencies (NOT total state pop). 2024 low-participation states: FL (~62% covered), PA (~51% covered), AK (~61% covered) — flagged in fbi_crime_2024.csv via fbi_coverage_note column. Data added to national_data via 01b Section B + INTEGRATION (April 2026). Source status corrected from acs_ready to external_ready on 7 August 2026; this is FBI NIBRS data merged by 01b_pull_external_data.R, not an ACS variable."
44,Rhode Island,RI,2024,rel_score_propertycrime,CP,relative,Property Crime Rate: Relative,1045.2945989811708,NA,1045.2945989811708,lower_better,none,1,external_ready,"Source: FBI NIBRS 2024 — Table 28 (Crimes Against Property). Downloaded to external_data/. Variable: property_crime_rate = (Burglary + Larceny/Theft + Motor Vehicle Theft) / Population Covered × 100,000. Arson excluded. Rate denominator = population covered by NIBRS-reporting agencies (NOT total state pop). 2024 low-participation states: FL (~62% covered), PA (~51% covered), AK (~61% covered) — flagged in fbi_crime_2024.csv via fbi_coverage_note column. Data added to national_data via 01b Section B + INTEGRATION (April 2026). Source status corrected from acs_ready to external_ready on 7 August 2026; this is FBI NIBRS data merged by 01b_pull_external_data.R, not an ACS variable."
45,South Carolina,SC,2024,rel_score_propertycrime,CP,relative,Property Crime Rate: Relative,1994.8257117935725,NA,1994.8257117935725,lower_better,none,1,external_ready,"Source: FBI NIBRS 2024 — Table 28 (Crimes Against Property). Downloaded to external_data/. Variable: property_crime_rate = (Burglary + Larceny/Theft + Motor Vehicle Theft) / Population Covered × 100,000. Arson excluded. Rate denominator = population covered by NIBRS-reporting agencies (NOT total state pop). 2024 low-participation states: FL (~62% covered), PA (~51% covered), AK (~61% covered) — flagged in fbi_crime_2024.csv via fbi_coverage_note column. Data added to national_data via 01b Section B + INTEGRATION (April 2026). Source status corrected from acs_ready to external_ready on 7 August 2026; this is FBI NIBRS data merged by 01b_pull_external_data.R, not an ACS variable."
46,South Dakota,SD,2024,rel_score_propertycrime,CP,relative,Property Crime Rate: Relative,1770.3153899738174,NA,1770.3153899738174,lower_better,none,1,external_ready,"Source: FBI NIBRS 2024 — Table 28 (Crimes Against Property). Downloaded to external_data/. Variable: property_crime_rate = (Burglary + Larceny/Theft + Motor Vehicle Theft) / Population Covered × 100,000. Arson excluded. Rate denominator = population covered by NIBRS-reporting agencies (NOT total state pop). 2024 low-participation states: FL (~62% covered), PA (~51% covered), AK (~61% covered) — flagged in fbi_crime_2024.csv via fbi_coverage_note column. Data added to national_data via 01b Section B + INTEGRATION (April 2026). Source status corrected from acs_ready to external_ready on 7 August 2026; this is FBI NIBRS data merged by 01b_pull_external_data.R, not an ACS variable."
47,Tennessee,TN,2024,rel_score_propertycrime,CP,relative,Property Crime Rate: Relative,2056.2550518578923,NA,2056.2550518578923,lower_better,none,1,external_ready,"Source: FBI NIBRS 2024 — Table 28 (Crimes Against Property). Downloaded to external_data/. Variable: property_crime_rate = (Burglary + Larceny/Theft + Motor Vehicle Theft) / Population Covered × 100,000. Arson excluded. Rate denominator = population covered by NIBRS-reporting agencies (NOT total state pop). 2024 low-participation states: FL (~62% covered), PA (~51% covered), AK (~61% covered) — flagged in fbi_crime_2024.csv via fbi_coverage_note column. Data added to national_data via 01b Section B + INTEGRATION (April 2026). Source status corrected from acs_ready to external_ready on 7 August 2026; this is FBI NIBRS data merged by 01b_pull_external_data.R, not an ACS variable."
48,Texas,TX,2024,rel_score_propertycrime,CP,relative,Property Crime Rate: Relative,2060.4406293448105,NA,2060.4406293448105,lower_better,none,1,external_ready,"Source: FBI NIBRS 2024 — Table 28 (Crimes Against Property). Downloaded to external_data/. Variable: property_crime_rate = (Burglary + Larceny/Theft + Motor Vehicle Theft) / Population Covered × 100,000. Arson excluded. Rate denominator = population covered by NIBRS-reporting agencies (NOT total state pop). 2024 low-participation states: FL (~62% covered), PA (~51% covered), AK (~61% covered) — flagged in fbi_crime_2024.csv via fbi_coverage_note column. Data added to national_data via 01b Section B + INTEGRATION (April 2026). Source status corrected from acs_ready to external_ready on 7 August 2026; this is FBI NIBRS data merged by 01b_pull_external_data.R, not an ACS variable."
49,Utah,UT,2024,rel_score_propertycrime,CP,relative,Property Crime Rate: Relative,1465.4705745881988,NA,1465.4705745881988,lower_better,none,1,external_ready,"Source: FBI NIBRS 2024 — Table 28 (Crimes Against Property). Downloaded to external_data/. Variable: property_crime_rate = (Burglary + Larceny/Theft + Motor Vehicle Theft) / Population Covered × 100,000. Arson excluded. Rate denominator = population covered by NIBRS-reporting agencies (NOT total state pop). 2024 low-participation states: FL (~62% covered), PA (~51% covered), AK (~61% covered) — flagged in fbi_crime_2024.csv via fbi_coverage_note column. Data added to national_data via 01b Section B + INTEGRATION (April 2026). Source status corrected from acs_ready to external_ready on 7 August 2026; this is FBI NIBRS data merged by 01b_pull_external_data.R, not an ACS variable."
50,Vermont,VT,2024,rel_score_propertycrime,CP,relative,Property Crime Rate: Relative,1653.8343513345558,NA,1653.8343513345558,lower_better,none,1,external_ready,"Source: FBI NIBRS 2024 — Table 28 (Crimes Against Property). Downloaded to external_data/. Variable: property_crime_rate = (Burglary + Larceny/Theft + Motor Vehicle Theft) / Population Covered × 100,000. Arson excluded. Rate denominator = population covered by NIBRS-reporting agencies (NOT total state pop). 2024 low-participation states: FL (~62% covered), PA (~51% covered), AK (~61% covered) — flagged in fbi_crime_2024.csv via fbi_coverage_note column. Data added to national_data via 01b Section B + INTEGRATION (April 2026). Source status corrected from acs_ready to external_ready on 7 August 2026; this is FBI NIBRS data merged by 01b_pull_external_data.R, not an ACS variable."
51,Virginia,VA,2024,rel_score_propertycrime,CP,relative,Property Crime Rate: Relative,1589.640552367655,NA,1589.640552367655,lower_better,none,1,external_ready,"Source: FBI NIBRS 2024 — Table 28 (Crimes Against Property). Downloaded to external_data/. Variable: property_crime_rate = (Burglary + Larceny/Theft + Motor Vehicle Theft) / Population Covered × 100,000. Arson excluded. Rate denominator = population covered by NIBRS-reporting agencies (NOT total state pop). 2024 low-participation states: FL (~62% covered), PA (~51% covered), AK (~61% covered) — flagged in fbi_crime_2024.csv via fbi_coverage_note column. Data added to national_data via 01b Section B + INTEGRATION (April 2026). Source status corrected from acs_ready to external_ready on 7 August 2026; this is FBI NIBRS data merged by 01b_pull_external_data.R, not an ACS variable."
53,Washington,WA,2024,rel_score_propertycrime,CP,relative,Property Crime Rate: Relative,2576.1316903601896,NA,2576.1316903601896,lower_better,none,1,external_ready,"Source: FBI NIBRS 2024 — Table 28 (Crimes Against Property). Downloaded to external_data/. Variable: property_crime_rate = (Burglary + Larceny/Theft + Motor Vehicle Theft) / Population Covered × 100,000. Arson excluded. Rate denominator = population covered by NIBRS-reporting agencies (NOT total state pop). 2024 low-participation states: FL (~62% covered), PA (~51% covered), AK (~61% covered) — flagged in fbi_crime_2024.csv via fbi_coverage_note column. Data added to national_data via 01b Section B + INTEGRATION (April 2026). Source status corrected from acs_ready to external_ready on 7 August 2026; this is FBI NIBRS data merged by 01b_pull_external_data.R, not an ACS variable."
54,West Virginia,WV,2024,rel_score_propertycrime,CP,relative,Property Crime Rate: Relative,1139.5264398286904,NA,1139.5264398286904,lower_better,none,1,external_ready,"Source: FBI NIBRS 2024 — Table 28 (Crimes Against Property). Downloaded to external_data/. Variable: property_crime_rate = (Burglary + Larceny/Theft + Motor Vehicle Theft) / Population Covered × 100,000. Arson excluded. Rate denominator = population covered by NIBRS-reporting agencies (NOT total state pop). 2024 low-participation states: FL (~62% covered), PA (~51% covered), AK (~61% covered) — flagged in fbi_crime_2024.csv via fbi_coverage_note column. Data added to national_data via 01b Section B + INTEGRATION (April 2026). Source status corrected from acs_ready to external_ready on 7 August 2026; this is FBI NIBRS data merged by 01b_pull_external_data.R, not an ACS variable."
55,Wisconsin,WI,2024,rel_score_propertycrime,CP,relative,Property Crime Rate: Relative,1160.66321169094,NA,1160.66321169094,lower_better,none,1,external_ready,"Source: FBI NIBRS 2024 — Table 28 (Crimes Against Property). Downloaded to external_data/. Variable: property_crime_rate = (Burglary + Larceny/Theft + Motor Vehicle Theft) / Population Covered × 100,000. Arson excluded. Rate denominator = population covered by NIBRS-reporting agencies (NOT total state pop). 2024 low-participation states: FL (~62% covered), PA (~51% covered), AK (~61% covered) — flagged in fbi_crime_2024.csv via fbi_coverage_note column. Data added to national_data via 01b Section B + INTEGRATION (April 2026). Source status corrected from acs_ready to external_ready on 7 August 2026; this is FBI NIBRS data merged by 01b_pull_external_data.R, not an ACS variable."
56,Wyoming,WY,2024,rel_score_propertycrime,CP,relative,Property Crime Rate: Relative,1306.930841654458,NA,1306.930841654458,lower_better,none,1,external_ready,"Source: FBI NIBRS 2024 — Table 28 (Crimes Against Property). Downloaded to external_data/. Variable: property_crime_rate = (Burglary + Larceny/Theft + Motor Vehicle Theft) / Population Covered × 100,000. Arson excluded. Rate denominator = population covered by NIBRS-reporting agencies (NOT total state pop). 2024 low-participation states: FL (~62% covered), PA (~51% covered), AK (~61% covered) — flagged in fbi_crime_2024.csv via fbi_coverage_note column. Data added to national_data via 01b Section B + INTEGRATION (April 2026). Source status corrected from acs_ready to external_ready on 7 August 2026; this is FBI NIBRS data merged by 01b_pull_external_data.R, not an ACS variable."
72,Puerto Rico,PR,2024,rel_score_propertycrime,CP,relative,Property Crime Rate: Relative,NA,NA,NA,lower_better,none,1,external_ready,"Source: FBI NIBRS 2024 — Table 28 (Crimes Against Property). Downloaded to external_data/. Variable: property_crime_rate = (Burglary + Larceny/Theft + Motor Vehicle Theft) / Population Covered × 100,000. Arson excluded. Rate denominator = population covered by NIBRS-reporting agencies (NOT total state pop). 2024 low-participation states: FL (~62% covered), PA (~51% covered), AK (~61% covered) — flagged in fbi_crime_2024.csv via fbi_coverage_note column. Data added to national_data via 01b Section B + INTEGRATION (April 2026). Source status corrected from acs_ready to external_ready on 7 August 2026; this is FBI NIBRS data merged by 01b_pull_external_data.R, not an ACS variable."
000,United States,USA,2024,rel_score_violentcrime,CP,relative,Violent Crime Rate: Relative,NA,NA,NA,lower_better,none,1,external_ready,"Source: FBI NIBRS 2024 — Table 27 (Crimes Against Persons) + Table 28 (robbery). Variable: violent_crime_rate = (Assault + Homicide + Sex Offenses [T27] + Robbery [T28]) / Population Covered × 100,000. Note: NIBRS Assault Offenses includes all assault levels (not just aggravated); Sex Offenses is broader than legacy UCR rape. Same 2024 low-participation caveats as property crime (FL, PA, AK). Data added to national_data via 01b Section B + INTEGRATION (April 2026). Source status corrected from acs_ready to external_ready on 7 August 2026; this is FBI NIBRS data merged by 01b_pull_external_data.R, not an ACS variable."
01,Alabama,AL,2024,rel_score_violentcrime,CP,relative,Violent Crime Rate: Relative,1665.5150532887735,NA,1665.5150532887735,lower_better,none,1,external_ready,"Source: FBI NIBRS 2024 — Table 27 (Crimes Against Persons) + Table 28 (robbery). Variable: violent_crime_rate = (Assault + Homicide + Sex Offenses [T27] + Robbery [T28]) / Population Covered × 100,000. Note: NIBRS Assault Offenses includes all assault levels (not just aggravated); Sex Offenses is broader than legacy UCR rape. Same 2024 low-participation caveats as property crime (FL, PA, AK). Data added to national_data via 01b Section B + INTEGRATION (April 2026). Source status corrected from acs_ready to external_ready on 7 August 2026; this is FBI NIBRS data merged by 01b_pull_external_data.R, not an ACS variable."
02,Alaska,AK,2024,rel_score_violentcrime,CP,relative,Violent Crime Rate: Relative,1690.6583361437015,NA,1690.6583361437015,lower_better,none,1,external_ready,"Source: FBI NIBRS 2024 — Table 27 (Crimes Against Persons) + Table 28 (robbery). Variable: violent_crime_rate = (Assault + Homicide + Sex Offenses [T27] + Robbery [T28]) / Population Covered × 100,000. Note: NIBRS Assault Offenses includes all assault levels (not just aggravated); Sex Offenses is broader than legacy UCR rape. Same 2024 low-participation caveats as property crime (FL, PA, AK). Data added to national_data via 01b Section B + INTEGRATION (April 2026). Source status corrected from acs_ready to external_ready on 7 August 2026; this is FBI NIBRS data merged by 01b_pull_external_data.R, not an ACS variable."
04,Arizona,AZ,2024,rel_score_violentcrime,CP,relative,Violent Crime Rate: Relative,1469.5810458958392,NA,1469.5810458958392,lower_better,none,1,external_ready,"Source: FBI NIBRS 2024 — Table 27 (Crimes Against Persons) + Table 28 (robbery). Variable: violent_crime_rate = (Assault + Homicide + Sex Offenses [T27] + Robbery [T28]) / Population Covered × 100,000. Note: NIBRS Assault Offenses includes all assault levels (not just aggravated); Sex Offenses is broader than legacy UCR rape. Same 2024 low-participation caveats as property crime (FL, PA, AK). Data added to national_data via 01b Section B + INTEGRATION (April 2026). Source status corrected from acs_ready to external_ready on 7 August 2026; this is FBI NIBRS data merged by 01b_pull_external_data.R, not an ACS variable."
05,Arkansas,AR,2024,rel_score_violentcrime,CP,relative,Violent Crime Rate: Relative,2082.8677467944262,NA,2082.8677467944262,lower_better,none,1,external_ready,"Source: FBI NIBRS 2024 — Table 27 (Crimes Against Persons) + Table 28 (robbery). Variable: violent_crime_rate = (Assault + Homicide + Sex Offenses [T27] + Robbery [T28]) / Population Covered × 100,000. Note: NIBRS Assault Offenses includes all assault levels (not just aggravated); Sex Offenses is broader than legacy UCR rape. Same 2024 low-participation caveats as property crime (FL, PA, AK). Data added to national_data via 01b Section B + INTEGRATION (April 2026). Source status corrected from acs_ready to external_ready on 7 August 2026; this is FBI NIBRS data merged by 01b_pull_external_data.R, not an ACS variable."
06,California,CA,2024,rel_score_violentcrime,CP,relative,Violent Crime Rate: Relative,1220.8258444059031,NA,1220.8258444059031,lower_better,none,1,external_ready,"Source: FBI NIBRS 2024 — Table 27 (Crimes Against Persons) + Table 28 (robbery). Variable: violent_crime_rate = (Assault + Homicide + Sex Offenses [T27] + Robbery [T28]) / Population Covered × 100,000. Note: NIBRS Assault Offenses includes all assault levels (not just aggravated); Sex Offenses is broader than legacy UCR rape. Same 2024 low-participation caveats as property crime (FL, PA, AK). Data added to national_data via 01b Section B + INTEGRATION (April 2026). Source status corrected from acs_ready to external_ready on 7 August 2026; this is FBI NIBRS data merged by 01b_pull_external_data.R, not an ACS variable."
08,Colorado,CO,2024,rel_score_violentcrime,CP,relative,Violent Crime Rate: Relative,1271.0702999676532,NA,1271.0702999676532,lower_better,none,1,external_ready,"Source: FBI NIBRS 2024 — Table 27 (Crimes Against Persons) + Table 28 (robbery). Variable: violent_crime_rate = (Assault + Homicide + Sex Offenses [T27] + Robbery [T28]) / Population Covered × 100,000. Note: NIBRS Assault Offenses includes all assault levels (not just aggravated); Sex Offenses is broader than legacy UCR rape. Same 2024 low-participation caveats as property crime (FL, PA, AK). Data added to national_data via 01b Section B + INTEGRATION (April 2026). Source status corrected from acs_ready to external_ready on 7 August 2026; this is FBI NIBRS data merged by 01b_pull_external_data.R, not an ACS variable."
09,Connecticut,CT,2024,rel_score_violentcrime,CP,relative,Violent Crime Rate: Relative,843.1678425629559,NA,843.1678425629559,lower_better,none,1,external_ready,"Source: FBI NIBRS 2024 — Table 27 (Crimes Against Persons) + Table 28 (robbery). Variable: violent_crime_rate = (Assault + Homicide + Sex Offenses [T27] + Robbery [T28]) / Population Covered × 100,000. Note: NIBRS Assault Offenses includes all assault levels (not just aggravated); Sex Offenses is broader than legacy UCR rape. Same 2024 low-participation caveats as property crime (FL, PA, AK). Data added to national_data via 01b Section B + INTEGRATION (April 2026). Source status corrected from acs_ready to external_ready on 7 August 2026; this is FBI NIBRS data merged by 01b_pull_external_data.R, not an ACS variable."
10,Delaware,DE,2024,rel_score_violentcrime,CP,relative,Violent Crime Rate: Relative,1674.846969865493,NA,1674.846969865493,lower_better,none,1,external_ready,"Source: FBI NIBRS 2024 — Table 27 (Crimes Against Persons) + Table 28 (robbery). Variable: violent_crime_rate = (Assault + Homicide + Sex Offenses [T27] + Robbery [T28]) / Population Covered × 100,000. Note: NIBRS Assault Offenses includes all assault levels (not just aggravated); Sex Offenses is broader than legacy UCR rape. Same 2024 low-participation caveats as property crime (FL, PA, AK). Data added to national_data via 01b Section B + INTEGRATION (April 2026). Source status corrected from acs_ready to external_ready on 7 August 2026; this is FBI NIBRS data merged by 01b_pull_external_data.R, not an ACS variable."
11,District of Columbia,DC,2024,rel_score_violentcrime,CP,relative,Violent Crime Rate: Relative,3653.969384122463,NA,3653.969384122463,lower_better,none,1,external_ready,"Source: FBI NIBRS 2024 — Table 27 (Crimes Against Persons) + Table 28 (robbery). Variable: violent_crime_rate = (Assault + Homicide + Sex Offenses [T27] + Robbery [T28]) / Population Covered × 100,000. Note: NIBRS Assault Offenses includes all assault levels (not just aggravated); Sex Offenses is broader than legacy UCR rape. Same 2024 low-participation caveats as property crime (FL, PA, AK). Data added to national_data via 01b Section B + INTEGRATION (April 2026). Source status corrected from acs_ready to external_ready on 7 August 2026; this is FBI NIBRS data merged by 01b_pull_external_data.R, not an ACS variable."
12,Florida,FL,2024,rel_score_violentcrime,CP,relative,Violent Crime Rate: Relative,1007.0212077407476,NA,1007.0212077407476,lower_better,none,1,external_ready,"Source: FBI NIBRS 2024 — Table 27 (Crimes Against Persons) + Table 28 (robbery). Variable: violent_crime_rate = (Assault + Homicide + Sex Offenses [T27] + Robbery [T28]) / Population Covered × 100,000. Note: NIBRS Assault Offenses includes all assault levels (not just aggravated); Sex Offenses is broader than legacy UCR rape. Same 2024 low-participation caveats as property crime (FL, PA, AK). Data added to national_data via 01b Section B + INTEGRATION (April 2026). Source status corrected from acs_ready to external_ready on 7 August 2026; this is FBI NIBRS data merged by 01b_pull_external_data.R, not an ACS variable."
13,Georgia,GA,2024,rel_score_violentcrime,CP,relative,Violent Crime Rate: Relative,1323.3791438807498,NA,1323.3791438807498,lower_better,none,1,external_ready,"Source: FBI NIBRS 2024 — Table 27 (Crimes Against Persons) + Table 28 (robbery). Variable: violent_crime_rate = (Assault + Homicide + Sex Offenses [T27] + Robbery [T28]) / Population Covered × 100,000. Note: NIBRS Assault Offenses includes all assault levels (not just aggravated); Sex Offenses is broader than legacy UCR rape. Same 2024 low-participation caveats as property crime (FL, PA, AK). Data added to national_data via 01b Section B + INTEGRATION (April 2026). Source status corrected from acs_ready to external_ready on 7 August 2026; this is FBI NIBRS data merged by 01b_pull_external_data.R, not an ACS variable."
15,Hawaii,HI,2024,rel_score_violentcrime,CP,relative,Violent Crime Rate: Relative,877.0898650620338,NA,877.0898650620338,lower_better,none,1,external_ready,"Source: FBI NIBRS 2024 — Table 27 (Crimes Against Persons) + Table 28 (robbery). Variable: violent_crime_rate = (Assault + Homicide + Sex Offenses [T27] + Robbery [T28]) / Population Covered × 100,000. Note: NIBRS Assault Offenses includes all assault levels (not just aggravated); Sex Offenses is broader than legacy UCR rape. Same 2024 low-participation caveats as property crime (FL, PA, AK). Data added to national_data via 01b Section B + INTEGRATION (April 2026). Source status corrected from acs_ready to external_ready on 7 August 2026; this is FBI NIBRS data merged by 01b_pull_external_data.R, not an ACS variable."
16,Idaho,ID,2024,rel_score_violentcrime,CP,relative,Violent Crime Rate: Relative,933.160536950244,NA,933.160536950244,lower_better,none,1,external_ready,"Source: FBI NIBRS 2024 — Table 27 (Crimes Against Persons) + Table 28 (robbery). Variable: violent_crime_rate = (Assault + Homicide + Sex Offenses [T27] + Robbery [T28]) / Population Covered × 100,000. Note: NIBRS Assault Offenses includes all assault levels (not just aggravated); Sex Offenses is broader than legacy UCR rape. Same 2024 low-participation caveats as property crime (FL, PA, AK). Data added to national_data via 01b Section B + INTEGRATION (April 2026). Source status corrected from acs_ready to external_ready on 7 August 2026; this is FBI NIBRS data merged by 01b_pull_external_data.R, not an ACS variable."
17,Illinois,IL,2024,rel_score_violentcrime,CP,relative,Violent Crime Rate: Relative,1770.267209907944,NA,1770.267209907944,lower_better,none,1,external_ready,"Source: FBI NIBRS 2024 — Table 27 (Crimes Against Persons) + Table 28 (robbery). Variable: violent_crime_rate = (Assault + Homicide + Sex Offenses [T27] + Robbery [T28]) / Population Covered × 100,000. Note: NIBRS Assault Offenses includes all assault levels (not just aggravated); Sex Offenses is broader than legacy UCR rape. Same 2024 low-participation caveats as property crime (FL, PA, AK). Data added to national_data via 01b Section B + INTEGRATION (April 2026). Source status corrected from acs_ready to external_ready on 7 August 2026; this is FBI NIBRS data merged by 01b_pull_external_data.R, not an ACS variable."
18,Indiana,IN,2024,rel_score_violentcrime,CP,relative,Violent Crime Rate: Relative,1345.8282153213345,NA,1345.8282153213345,lower_better,none,1,external_ready,"Source: FBI NIBRS 2024 — Table 27 (Crimes Against Persons) + Table 28 (robbery). Variable: violent_crime_rate = (Assault + Homicide + Sex Offenses [T27] + Robbery [T28]) / Population Covered × 100,000. Note: NIBRS Assault Offenses includes all assault levels (not just aggravated); Sex Offenses is broader than legacy UCR rape. Same 2024 low-participation caveats as property crime (FL, PA, AK). Data added to national_data via 01b Section B + INTEGRATION (April 2026). Source status corrected from acs_ready to external_ready on 7 August 2026; this is FBI NIBRS data merged by 01b_pull_external_data.R, not an ACS variable."
19,Iowa,IA,2024,rel_score_violentcrime,CP,relative,Violent Crime Rate: Relative,1131.3554444900162,NA,1131.3554444900162,lower_better,none,1,external_ready,"Source: FBI NIBRS 2024 — Table 27 (Crimes Against Persons) + Table 28 (robbery). Variable: violent_crime_rate = (Assault + Homicide + Sex Offenses [T27] + Robbery [T28]) / Population Covered × 100,000. Note: NIBRS Assault Offenses includes all assault levels (not just aggravated); Sex Offenses is broader than legacy UCR rape. Same 2024 low-participation caveats as property crime (FL, PA, AK). Data added to national_data via 01b Section B + INTEGRATION (April 2026). Source status corrected from acs_ready to external_ready on 7 August 2026; this is FBI NIBRS data merged by 01b_pull_external_data.R, not an ACS variable."
20,Kansas,KS,2024,rel_score_violentcrime,CP,relative,Violent Crime Rate: Relative,1528.152197427321,NA,1528.152197427321,lower_better,none,1,external_ready,"Source: FBI NIBRS 2024 — Table 27 (Crimes Against Persons) + Table 28 (robbery). Variable: violent_crime_rate = (Assault + Homicide + Sex Offenses [T27] + Robbery [T28]) / Population Covered × 100,000. Note: NIBRS Assault Offenses includes all assault levels (not just aggravated); Sex Offenses is broader than legacy UCR rape. Same 2024 low-participation caveats as property crime (FL, PA, AK). Data added to national_data via 01b Section B + INTEGRATION (April 2026). Source status corrected from acs_ready to external_ready on 7 August 2026; this is FBI NIBRS data merged by 01b_pull_external_data.R, not an ACS variable."
21,Kentucky,KY,2024,rel_score_violentcrime,CP,relative,Violent Crime Rate: Relative,1088.250909037018,NA,1088.250909037018,lower_better,none,1,external_ready,"Source: FBI NIBRS 2024 — Table 27 (Crimes Against Persons) + Table 28 (robbery). Variable: violent_crime_rate = (Assault + Homicide + Sex Offenses [T27] + Robbery [T28]) / Population Covered × 100,000. Note: NIBRS Assault Offenses includes all assault levels (not just aggravated); Sex Offenses is broader than legacy UCR rape. Same 2024 low-participation caveats as property crime (FL, PA, AK). Data added to national_data via 01b Section B + INTEGRATION (April 2026). Source status corrected from acs_ready to external_ready on 7 August 2026; this is FBI NIBRS data merged by 01b_pull_external_data.R, not an ACS variable."
22,Louisiana,LA,2024,rel_score_violentcrime,CP,relative,Violent Crime Rate: Relative,1630.6227438069775,NA,1630.6227438069775,lower_better,none,1,external_ready,"Source: FBI NIBRS 2024 — Table 27 (Crimes Against Persons) + Table 28 (robbery). Variable: violent_crime_rate = (Assault + Homicide + Sex Offenses [T27] + Robbery [T28]) / Population Covered × 100,000. Note: NIBRS Assault Offenses includes all assault levels (not just aggravated); Sex Offenses is broader than legacy UCR rape. Same 2024 low-participation caveats as property crime (FL, PA, AK). Data added to national_data via 01b Section B + INTEGRATION (April 2026). Source status corrected from acs_ready to external_ready on 7 August 2026; this is FBI NIBRS data merged by 01b_pull_external_data.R, not an ACS variable."
23,Maine,ME,2024,rel_score_violentcrime,CP,relative,Violent Crime Rate: Relative,910.7404138907984,NA,910.7404138907984,lower_better,none,1,external_ready,"Source: FBI NIBRS 2024 — Table 27 (Crimes Against Persons) + Table 28 (robbery). Variable: violent_crime_rate = (Assault + Homicide + Sex Offenses [T27] + Robbery [T28]) / Population Covered × 100,000. Note: NIBRS Assault Offenses includes all assault levels (not just aggravated); Sex Offenses is broader than legacy UCR rape. Same 2024 low-participation caveats as property crime (FL, PA, AK). Data added to national_data via 01b Section B + INTEGRATION (April 2026). Source status corrected from acs_ready to external_ready on 7 August 2026; this is FBI NIBRS data merged by 01b_pull_external_data.R, not an ACS variable."
24,Maryland,MD,2024,rel_score_violentcrime,CP,relative,Violent Crime Rate: Relative,1489.403037200825,NA,1489.403037200825,lower_better,none,1,external_ready,"Source: FBI NIBRS 2024 — Table 27 (Crimes Against Persons) + Table 28 (robbery). Variable: violent_crime_rate = (Assault + Homicide + Sex Offenses [T27] + Robbery [T28]) / Population Covered × 100,000. Note: NIBRS Assault Offenses includes all assault levels (not just aggravated); Sex Offenses is broader than legacy UCR rape. Same 2024 low-participation caveats as property crime (FL, PA, AK). Data added to national_data via 01b Section B + INTEGRATION (April 2026). Source status corrected from acs_ready to external_ready on 7 August 2026; this is FBI NIBRS data merged by 01b_pull_external_data.R, not an ACS variable."
25,Massachusetts,MA,2024,rel_score_violentcrime,CP,relative,Violent Crime Rate: Relative,1082.057185760573,NA,1082.057185760573,lower_better,none,1,external_ready,"Source: FBI NIBRS 2024 — Table 27 (Crimes Against Persons) + Table 28 (robbery). Variable: violent_crime_rate = (Assault + Homicide + Sex Offenses [T27] + Robbery [T28]) / Population Covered × 100,000. Note: NIBRS Assault Offenses includes all assault levels (not just aggravated); Sex Offenses is broader than legacy UCR rape. Same 2024 low-participation caveats as property crime (FL, PA, AK). Data added to national_data via 01b Section B + INTEGRATION (April 2026). Source status corrected from acs_ready to external_ready on 7 August 2026; this is FBI NIBRS data merged by 01b_pull_external_data.R, not an ACS variable."
26,Michigan,MI,2024,rel_score_violentcrime,CP,relative,Violent Crime Rate: Relative,1666.5371514421522,NA,1666.5371514421522,lower_better,none,1,external_ready,"Source: FBI NIBRS 2024 — Table 27 (Crimes Against Persons) + Table 28 (robbery). Variable: violent_crime_rate = (Assault + Homicide + Sex Offenses [T27] + Robbery [T28]) / Population Covered × 100,000. Note: NIBRS Assault Offenses includes all assault levels (not just aggravated); Sex Offenses is broader than legacy UCR rape. Same 2024 low-participation caveats as property crime (FL, PA, AK). Data added to national_data via 01b Section B + INTEGRATION (April 2026). Source status corrected from acs_ready to external_ready on 7 August 2026; this is FBI NIBRS data merged by 01b_pull_external_data.R, not an ACS variable."
27,Minnesota,MN,2024,rel_score_violentcrime,CP,relative,Violent Crime Rate: Relative,894.6995968271387,NA,894.6995968271387,lower_better,none,1,external_ready,"Source: FBI NIBRS 2024 — Table 27 (Crimes Against Persons) + Table 28 (robbery). Variable: violent_crime_rate = (Assault + Homicide + Sex Offenses [T27] + Robbery [T28]) / Population Covered × 100,000. Note: NIBRS Assault Offenses includes all assault levels (not just aggravated); Sex Offenses is broader than legacy UCR rape. Same 2024 low-participation caveats as property crime (FL, PA, AK). Data added to national_data via 01b Section B + INTEGRATION (April 2026). Source status corrected from acs_ready to external_ready on 7 August 2026; this is FBI NIBRS data merged by 01b_pull_external_data.R, not an ACS variable."
28,Mississippi,MS,2024,rel_score_violentcrime,CP,relative,Violent Crime Rate: Relative,1221.5055191932229,NA,1221.5055191932229,lower_better,none,1,external_ready,"Source: FBI NIBRS 2024 — Table 27 (Crimes Against Persons) + Table 28 (robbery). Variable: violent_crime_rate = (Assault + Homicide + Sex Offenses [T27] + Robbery [T28]) / Population Covered × 100,000. Note: NIBRS Assault Offenses includes all assault levels (not just aggravated); Sex Offenses is broader than legacy UCR rape. Same 2024 low-participation caveats as property crime (FL, PA, AK). Data added to national_data via 01b Section B + INTEGRATION (April 2026). Source status corrected from acs_ready to external_ready on 7 August 2026; this is FBI NIBRS data merged by 01b_pull_external_data.R, not an ACS variable."
29,Missouri,MO,2024,rel_score_violentcrime,CP,relative,Violent Crime Rate: Relative,1512.00378000945,NA,1512.00378000945,lower_better,none,1,external_ready,"Source: FBI NIBRS 2024 — Table 27 (Crimes Against Persons) + Table 28 (robbery). Variable: violent_crime_rate = (Assault + Homicide + Sex Offenses [T27] + Robbery [T28]) / Population Covered × 100,000. Note: NIBRS Assault Offenses includes all assault levels (not just aggravated); Sex Offenses is broader than legacy UCR rape. Same 2024 low-participation caveats as property crime (FL, PA, AK). Data added to national_data via 01b Section B + INTEGRATION (April 2026). Source status corrected from acs_ready to external_ready on 7 August 2026; this is FBI NIBRS data merged by 01b_pull_external_data.R, not an ACS variable."
30,Montana,MT,2024,rel_score_violentcrime,CP,relative,Violent Crime Rate: Relative,1329.5546515918636,NA,1329.5546515918636,lower_better,none,1,external_ready,"Source: FBI NIBRS 2024 — Table 27 (Crimes Against Persons) + Table 28 (robbery). Variable: violent_crime_rate = (Assault + Homicide + Sex Offenses [T27] + Robbery [T28]) / Population Covered × 100,000. Note: NIBRS Assault Offenses includes all assault levels (not just aggravated); Sex Offenses is broader than legacy UCR rape. Same 2024 low-participation caveats as property crime (FL, PA, AK). Data added to national_data via 01b Section B + INTEGRATION (April 2026). Source status corrected from acs_ready to external_ready on 7 August 2026; this is FBI NIBRS data merged by 01b_pull_external_data.R, not an ACS variable."
31,Nebraska,NE,2024,rel_score_violentcrime,CP,relative,Violent Crime Rate: Relative,1279.8034963657008,NA,1279.8034963657008,lower_better,none,1,external_ready,"Source: FBI NIBRS 2024 — Table 27 (Crimes Against Persons) + Table 28 (robbery). Variable: violent_crime_rate = (Assault + Homicide + Sex Offenses [T27] + Robbery [T28]) / Population Covered × 100,000. Note: NIBRS Assault Offenses includes all assault levels (not just aggravated); Sex Offenses is broader than legacy UCR rape. Same 2024 low-participation caveats as property crime (FL, PA, AK). Data added to national_data via 01b Section B + INTEGRATION (April 2026). Source status corrected from acs_ready to external_ready on 7 August 2026; this is FBI NIBRS data merged by 01b_pull_external_data.R, not an ACS variable."
32,Nevada,NV,2024,rel_score_violentcrime,CP,relative,Violent Crime Rate: Relative,1959.8533407190523,NA,1959.8533407190523,lower_better,none,1,external_ready,"Source: FBI NIBRS 2024 — Table 27 (Crimes Against Persons) + Table 28 (robbery). Variable: violent_crime_rate = (Assault + Homicide + Sex Offenses [T27] + Robbery [T28]) / Population Covered × 100,000. Note: NIBRS Assault Offenses includes all assault levels (not just aggravated); Sex Offenses is broader than legacy UCR rape. Same 2024 low-participation caveats as property crime (FL, PA, AK). Data added to national_data via 01b Section B + INTEGRATION (April 2026). Source status corrected from acs_ready to external_ready on 7 August 2026; this is FBI NIBRS data merged by 01b_pull_external_data.R, not an ACS variable."
33,New Hampshire,NH,2024,rel_score_violentcrime,CP,relative,Violent Crime Rate: Relative,1050.9237459687918,NA,1050.9237459687918,lower_better,none,1,external_ready,"Source: FBI NIBRS 2024 — Table 27 (Crimes Against Persons) + Table 28 (robbery). Variable: violent_crime_rate = (Assault + Homicide + Sex Offenses [T27] + Robbery [T28]) / Population Covered × 100,000. Note: NIBRS Assault Offenses includes all assault levels (not just aggravated); Sex Offenses is broader than legacy UCR rape. Same 2024 low-participation caveats as property crime (FL, PA, AK). Data added to national_data via 01b Section B + INTEGRATION (April 2026). Source status corrected from acs_ready to external_ready on 7 August 2026; this is FBI NIBRS data merged by 01b_pull_external_data.R, not an ACS variable."
34,New Jersey,NJ,2024,rel_score_violentcrime,CP,relative,Violent Crime Rate: Relative,914.4326913875564,NA,914.4326913875564,lower_better,none,1,external_ready,"Source: FBI NIBRS 2024 — Table 27 (Crimes Against Persons) + Table 28 (robbery). Variable: violent_crime_rate = (Assault + Homicide + Sex Offenses [T27] + Robbery [T28]) / Population Covered × 100,000. Note: NIBRS Assault Offenses includes all assault levels (not just aggravated); Sex Offenses is broader than legacy UCR rape. Same 2024 low-participation caveats as property crime (FL, PA, AK). Data added to national_data via 01b Section B + INTEGRATION (April 2026). Source status corrected from acs_ready to external_ready on 7 August 2026; this is FBI NIBRS data merged by 01b_pull_external_data.R, not an ACS variable."
35,New Mexico,NM,2024,rel_score_violentcrime,CP,relative,Violent Crime Rate: Relative,2278.3704438793443,NA,2278.3704438793443,lower_better,none,1,external_ready,"Source: FBI NIBRS 2024 — Table 27 (Crimes Against Persons) + Table 28 (robbery). Variable: violent_crime_rate = (Assault + Homicide + Sex Offenses [T27] + Robbery [T28]) / Population Covered × 100,000. Note: NIBRS Assault Offenses includes all assault levels (not just aggravated); Sex Offenses is broader than legacy UCR rape. Same 2024 low-participation caveats as property crime (FL, PA, AK). Data added to national_data via 01b Section B + INTEGRATION (April 2026). Source status corrected from acs_ready to external_ready on 7 August 2026; this is FBI NIBRS data merged by 01b_pull_external_data.R, not an ACS variable."
36,New York,NY,2024,rel_score_violentcrime,CP,relative,Violent Crime Rate: Relative,2185.226293339753,NA,2185.226293339753,lower_better,none,1,external_ready,"Source: FBI NIBRS 2024 — Table 27 (Crimes Against Persons) + Table 28 (robbery). Variable: violent_crime_rate = (Assault + Homicide + Sex Offenses [T27] + Robbery [T28]) / Population Covered × 100,000. Note: NIBRS Assault Offenses includes all assault levels (not just aggravated); Sex Offenses is broader than legacy UCR rape. Same 2024 low-participation caveats as property crime (FL, PA, AK). Data added to national_data via 01b Section B + INTEGRATION (April 2026). Source status corrected from acs_ready to external_ready on 7 August 2026; this is FBI NIBRS data merged by 01b_pull_external_data.R, not an ACS variable."
37,North Carolina,NC,2024,rel_score_violentcrime,CP,relative,Violent Crime Rate: Relative,1448.572256180668,NA,1448.572256180668,lower_better,none,1,external_ready,"Source: FBI NIBRS 2024 — Table 27 (Crimes Against Persons) + Table 28 (robbery). Variable: violent_crime_rate = (Assault + Homicide + Sex Offenses [T27] + Robbery [T28]) / Population Covered × 100,000. Note: NIBRS Assault Offenses includes all assault levels (not just aggravated); Sex Offenses is broader than legacy UCR rape. Same 2024 low-participation caveats as property crime (FL, PA, AK). Data added to national_data via 01b Section B + INTEGRATION (April 2026). Source status corrected from acs_ready to external_ready on 7 August 2026; this is FBI NIBRS data merged by 01b_pull_external_data.R, not an ACS variable."
38,North Dakota,ND,2024,rel_score_violentcrime,CP,relative,Violent Crime Rate: Relative,1600.045509708738,NA,1600.045509708738,lower_better,none,1,external_ready,"Source: FBI NIBRS 2024 — Table 27 (Crimes Against Persons) + Table 28 (robbery). Variable: violent_crime_rate = (Assault + Homicide + Sex Offenses [T27] + Robbery [T28]) / Population Covered × 100,000. Note: NIBRS Assault Offenses includes all assault levels (not just aggravated); Sex Offenses is broader than legacy UCR rape. Same 2024 low-participation caveats as property crime (FL, PA, AK). Data added to national_data via 01b Section B + INTEGRATION (April 2026). Source status corrected from acs_ready to external_ready on 7 August 2026; this is FBI NIBRS data merged by 01b_pull_external_data.R, not an ACS variable."
39,Ohio,OH,2024,rel_score_violentcrime,CP,relative,Violent Crime Rate: Relative,1451.244595898684,NA,1451.244595898684,lower_better,none,1,external_ready,"Source: FBI NIBRS 2024 — Table 27 (Crimes Against Persons) + Table 28 (robbery). Variable: violent_crime_rate = (Assault + Homicide + Sex Offenses [T27] + Robbery [T28]) / Population Covered × 100,000. Note: NIBRS Assault Offenses includes all assault levels (not just aggravated); Sex Offenses is broader than legacy UCR rape. Same 2024 low-participation caveats as property crime (FL, PA, AK). Data added to national_data via 01b Section B + INTEGRATION (April 2026). Source status corrected from acs_ready to external_ready on 7 August 2026; this is FBI NIBRS data merged by 01b_pull_external_data.R, not an ACS variable."
40,Oklahoma,OK,2024,rel_score_violentcrime,CP,relative,Violent Crime Rate: Relative,1773.2852500358329,NA,1773.2852500358329,lower_better,none,1,external_ready,"Source: FBI NIBRS 2024 — Table 27 (Crimes Against Persons) + Table 28 (robbery). Variable: violent_crime_rate = (Assault + Homicide + Sex Offenses [T27] + Robbery [T28]) / Population Covered × 100,000. Note: NIBRS Assault Offenses includes all assault levels (not just aggravated); Sex Offenses is broader than legacy UCR rape. Same 2024 low-participation caveats as property crime (FL, PA, AK). Data added to national_data via 01b Section B + INTEGRATION (April 2026). Source status corrected from acs_ready to external_ready on 7 August 2026; this is FBI NIBRS data merged by 01b_pull_external_data.R, not an ACS variable."
41,Oregon,OR,2024,rel_score_violentcrime,CP,relative,Violent Crime Rate: Relative,1070.0029266131028,NA,1070.0029266131028,lower_better,none,1,external_ready,"Source: FBI NIBRS 2024 — Table 27 (Crimes Against Persons) + Table 28 (robbery). Variable: violent_crime_rate = (Assault + Homicide + Sex Offenses [T27] + Robbery [T28]) / Population Covered × 100,000. Note: NIBRS Assault Offenses includes all assault levels (not just aggravated); Sex Offenses is broader than legacy UCR rape. Same 2024 low-participation caveats as property crime (FL, PA, AK). Data added to national_data via 01b Section B + INTEGRATION (April 2026). Source status corrected from acs_ready to external_ready on 7 August 2026; this is FBI NIBRS data merged by 01b_pull_external_data.R, not an ACS variable."
42,Pennsylvania,PA,2024,rel_score_violentcrime,CP,relative,Violent Crime Rate: Relative,1329.1696935046978,NA,1329.1696935046978,lower_better,none,1,external_ready,"Source: FBI NIBRS 2024 — Table 27 (Crimes Against Persons) + Table 28 (robbery). Variable: violent_crime_rate = (Assault + Homicide + Sex Offenses [T27] + Robbery [T28]) / Population Covered × 100,000. Note: NIBRS Assault Offenses includes all assault levels (not just aggravated); Sex Offenses is broader than legacy UCR rape. Same 2024 low-participation caveats as property crime (FL, PA, AK). Data added to national_data via 01b Section B + INTEGRATION (April 2026). Source status corrected from acs_ready to external_ready on 7 August 2026; this is FBI NIBRS data merged by 01b_pull_external_data.R, not an ACS variable."
44,Rhode Island,RI,2024,rel_score_violentcrime,CP,relative,Violent Crime Rate: Relative,882.3611487438371,NA,882.3611487438371,lower_better,none,1,external_ready,"Source: FBI NIBRS 2024 — Table 27 (Crimes Against Persons) + Table 28 (robbery). Variable: violent_crime_rate = (Assault + Homicide + Sex Offenses [T27] + Robbery [T28]) / Population Covered × 100,000. Note: NIBRS Assault Offenses includes all assault levels (not just aggravated); Sex Offenses is broader than legacy UCR rape. Same 2024 low-participation caveats as property crime (FL, PA, AK). Data added to national_data via 01b Section B + INTEGRATION (April 2026). Source status corrected from acs_ready to external_ready on 7 August 2026; this is FBI NIBRS data merged by 01b_pull_external_data.R, not an ACS variable."
45,South Carolina,SC,2024,rel_score_violentcrime,CP,relative,Violent Crime Rate: Relative,1778.3988726725618,NA,1778.3988726725618,lower_better,none,1,external_ready,"Source: FBI NIBRS 2024 — Table 27 (Crimes Against Persons) + Table 28 (robbery). Variable: violent_crime_rate = (Assault + Homicide + Sex Offenses [T27] + Robbery [T28]) / Population Covered × 100,000. Note: NIBRS Assault Offenses includes all assault levels (not just aggravated); Sex Offenses is broader than legacy UCR rape. Same 2024 low-participation caveats as property crime (FL, PA, AK). Data added to national_data via 01b Section B + INTEGRATION (April 2026). Source status corrected from acs_ready to external_ready on 7 August 2026; this is FBI NIBRS data merged by 01b_pull_external_data.R, not an ACS variable."
46,South Dakota,SD,2024,rel_score_violentcrime,CP,relative,Violent Crime Rate: Relative,1649.0115538901298,NA,1649.0115538901298,lower_better,none,1,external_ready,"Source: FBI NIBRS 2024 — Table 27 (Crimes Against Persons) + Table 28 (robbery). Variable: violent_crime_rate = (Assault + Homicide + Sex Offenses [T27] + Robbery [T28]) / Population Covered × 100,000. Note: NIBRS Assault Offenses includes all assault levels (not just aggravated); Sex Offenses is broader than legacy UCR rape. Same 2024 low-participation caveats as property crime (FL, PA, AK). Data added to national_data via 01b Section B + INTEGRATION (April 2026). Source status corrected from acs_ready to external_ready on 7 August 2026; this is FBI NIBRS data merged by 01b_pull_external_data.R, not an ACS variable."
47,Tennessee,TN,2024,rel_score_violentcrime,CP,relative,Violent Crime Rate: Relative,2077.958304271012,NA,2077.958304271012,lower_better,none,1,external_ready,"Source: FBI NIBRS 2024 — Table 27 (Crimes Against Persons) + Table 28 (robbery). Variable: violent_crime_rate = (Assault + Homicide + Sex Offenses [T27] + Robbery [T28]) / Population Covered × 100,000. Note: NIBRS Assault Offenses includes all assault levels (not just aggravated); Sex Offenses is broader than legacy UCR rape. Same 2024 low-participation caveats as property crime (FL, PA, AK). Data added to national_data via 01b Section B + INTEGRATION (April 2026). Source status corrected from acs_ready to external_ready on 7 August 2026; this is FBI NIBRS data merged by 01b_pull_external_data.R, not an ACS variable."
48,Texas,TX,2024,rel_score_violentcrime,CP,relative,Violent Crime Rate: Relative,1591.27906913181,NA,1591.27906913181,lower_better,none,1,external_ready,"Source: FBI NIBRS 2024 — Table 27 (Crimes Against Persons) + Table 28 (robbery). Variable: violent_crime_rate = (Assault + Homicide + Sex Offenses [T27] + Robbery [T28]) / Population Covered × 100,000. Note: NIBRS Assault Offenses includes all assault levels (not just aggravated); Sex Offenses is broader than legacy UCR rape. Same 2024 low-participation caveats as property crime (FL, PA, AK). Data added to national_data via 01b Section B + INTEGRATION (April 2026). Source status corrected from acs_ready to external_ready on 7 August 2026; this is FBI NIBRS data merged by 01b_pull_external_data.R, not an ACS variable."
49,Utah,UT,2024,rel_score_violentcrime,CP,relative,Violent Crime Rate: Relative,1198.524499323477,NA,1198.524499323477,lower_better,none,1,external_ready,"Source: FBI NIBRS 2024 — Table 27 (Crimes Against Persons) + Table 28 (robbery). Variable: violent_crime_rate = (Assault + Homicide + Sex Offenses [T27] + Robbery [T28]) / Population Covered × 100,000. Note: NIBRS Assault Offenses includes all assault levels (not just aggravated); Sex Offenses is broader than legacy UCR rape. Same 2024 low-participation caveats as property crime (FL, PA, AK). Data added to national_data via 01b Section B + INTEGRATION (April 2026). Source status corrected from acs_ready to external_ready on 7 August 2026; this is FBI NIBRS data merged by 01b_pull_external_data.R, not an ACS variable."
50,Vermont,VT,2024,rel_score_violentcrime,CP,relative,Violent Crime Rate: Relative,658.141259813136,NA,658.141259813136,lower_better,none,1,external_ready,"Source: FBI NIBRS 2024 — Table 27 (Crimes Against Persons) + Table 28 (robbery). Variable: violent_crime_rate = (Assault + Homicide + Sex Offenses [T27] + Robbery [T28]) / Population Covered × 100,000. Note: NIBRS Assault Offenses includes all assault levels (not just aggravated); Sex Offenses is broader than legacy UCR rape. Same 2024 low-participation caveats as property crime (FL, PA, AK). Data added to national_data via 01b Section B + INTEGRATION (April 2026). Source status corrected from acs_ready to external_ready on 7 August 2026; this is FBI NIBRS data merged by 01b_pull_external_data.R, not an ACS variable."
51,Virginia,VA,2024,rel_score_violentcrime,CP,relative,Violent Crime Rate: Relative,1280.3668829141764,NA,1280.3668829141764,lower_better,none,1,external_ready,"Source: FBI NIBRS 2024 — Table 27 (Crimes Against Persons) + Table 28 (robbery). Variable: violent_crime_rate = (Assault + Homicide + Sex Offenses [T27] + Robbery [T28]) / Population Covered × 100,000. Note: NIBRS Assault Offenses includes all assault levels (not just aggravated); Sex Offenses is broader than legacy UCR rape. Same 2024 low-participation caveats as property crime (FL, PA, AK). Data added to national_data via 01b Section B + INTEGRATION (April 2026). Source status corrected from acs_ready to external_ready on 7 August 2026; this is FBI NIBRS data merged by 01b_pull_external_data.R, not an ACS variable."
53,Washington,WA,2024,rel_score_violentcrime,CP,relative,Violent Crime Rate: Relative,1167.72650883105,NA,1167.72650883105,lower_better,none,1,external_ready,"Source: FBI NIBRS 2024 — Table 27 (Crimes Against Persons) + Table 28 (robbery). Variable: violent_crime_rate = (Assault + Homicide + Sex Offenses [T27] + Robbery [T28]) / Population Covered × 100,000. Note: NIBRS Assault Offenses includes all assault levels (not just aggravated); Sex Offenses is broader than legacy UCR rape. Same 2024 low-participation caveats as property crime (FL, PA, AK). Data added to national_data via 01b Section B + INTEGRATION (April 2026). Source status corrected from acs_ready to external_ready on 7 August 2026; this is FBI NIBRS data merged by 01b_pull_external_data.R, not an ACS variable."
54,West Virginia,WV,2024,rel_score_violentcrime,CP,relative,Violent Crime Rate: Relative,955.0828908520712,NA,955.0828908520712,lower_better,none,1,external_ready,"Source: FBI NIBRS 2024 — Table 27 (Crimes Against Persons) + Table 28 (robbery). Variable: violent_crime_rate = (Assault + Homicide + Sex Offenses [T27] + Robbery [T28]) / Population Covered × 100,000. Note: NIBRS Assault Offenses includes all assault levels (not just aggravated); Sex Offenses is broader than legacy UCR rape. Same 2024 low-participation caveats as property crime (FL, PA, AK). Data added to national_data via 01b Section B + INTEGRATION (April 2026). Source status corrected from acs_ready to external_ready on 7 August 2026; this is FBI NIBRS data merged by 01b_pull_external_data.R, not an ACS variable."
55,Wisconsin,WI,2024,rel_score_violentcrime,CP,relative,Violent Crime Rate: Relative,909.2269399181374,NA,909.2269399181374,lower_better,none,1,external_ready,"Source: FBI NIBRS 2024 — Table 27 (Crimes Against Persons) + Table 28 (robbery). Variable: violent_crime_rate = (Assault + Homicide + Sex Offenses [T27] + Robbery [T28]) / Population Covered × 100,000. Note: NIBRS Assault Offenses includes all assault levels (not just aggravated); Sex Offenses is broader than legacy UCR rape. Same 2024 low-participation caveats as property crime (FL, PA, AK). Data added to national_data via 01b Section B + INTEGRATION (April 2026). Source status corrected from acs_ready to external_ready on 7 August 2026; this is FBI NIBRS data merged by 01b_pull_external_data.R, not an ACS variable."
56,Wyoming,WY,2024,rel_score_violentcrime,CP,relative,Violent Crime Rate: Relative,1225.7049116363178,NA,1225.7049116363178,lower_better,none,1,external_ready,"Source: FBI NIBRS 2024 — Table 27 (Crimes Against Persons) + Table 28 (robbery). Variable: violent_crime_rate = (Assault + Homicide + Sex Offenses [T27] + Robbery [T28]) / Population Covered × 100,000. Note: NIBRS Assault Offenses includes all assault levels (not just aggravated); Sex Offenses is broader than legacy UCR rape. Same 2024 low-participation caveats as property crime (FL, PA, AK). Data added to national_data via 01b Section B + INTEGRATION (April 2026). Source status corrected from acs_ready to external_ready on 7 August 2026; this is FBI NIBRS data merged by 01b_pull_external_data.R, not an ACS variable."
72,Puerto Rico,PR,2024,rel_score_violentcrime,CP,relative,Violent Crime Rate: Relative,NA,NA,NA,lower_better,none,1,external_ready,"Source: FBI NIBRS 2024 — Table 27 (Crimes Against Persons) + Table 28 (robbery). Variable: violent_crime_rate = (Assault + Homicide + Sex Offenses [T27] + Robbery [T28]) / Population Covered × 100,000. Note: NIBRS Assault Offenses includes all assault levels (not just aggravated); Sex Offenses is broader than legacy UCR rape. Same 2024 low-participation caveats as property crime (FL, PA, AK). Data added to national_data via 01b Section B + INTEGRATION (April 2026). Source status corrected from acs_ready to external_ready on 7 August 2026; this is FBI NIBRS data merged by 01b_pull_external_data.R, not an ACS variable."
000,United States,USA,2024,rel_score_noGED,CP,relative,Highest Education Less Than High School: Relative,17,NA,17,lower_better,none,1,acs_ready,ACS S1810. Variable: S1810_C02_009E (pop with disability age 25+ less than HS diploma). Verify column against 2024 S1810 table shell.
01,Alabama,AL,2024,rel_score_noGED,CP,relative,Highest Education Less Than High School: Relative,19.2,NA,19.2,lower_better,none,1,acs_ready,ACS S1810. Variable: S1810_C02_009E (pop with disability age 25+ less than HS diploma). Verify column against 2024 S1810 table shell.
02,Alaska,AK,2024,rel_score_noGED,CP,relative,Highest Education Less Than High School: Relative,11.9,NA,11.9,lower_better,none,1,acs_ready,ACS S1810. Variable: S1810_C02_009E (pop with disability age 25+ less than HS diploma). Verify column against 2024 S1810 table shell.
04,Arizona,AZ,2024,rel_score_noGED,CP,relative,Highest Education Less Than High School: Relative,14.5,NA,14.5,lower_better,none,1,acs_ready,ACS S1810. Variable: S1810_C02_009E (pop with disability age 25+ less than HS diploma). Verify column against 2024 S1810 table shell.
05,Arkansas,AR,2024,rel_score_noGED,CP,relative,Highest Education Less Than High School: Relative,17.6,NA,17.6,lower_better,none,1,acs_ready,ACS S1810. Variable: S1810_C02_009E (pop with disability age 25+ less than HS diploma). Verify column against 2024 S1810 table shell.
06,California,CA,2024,rel_score_noGED,CP,relative,Highest Education Less Than High School: Relative,23,NA,23,lower_better,none,1,acs_ready,ACS S1810. Variable: S1810_C02_009E (pop with disability age 25+ less than HS diploma). Verify column against 2024 S1810 table shell.
08,Colorado,CO,2024,rel_score_noGED,CP,relative,Highest Education Less Than High School: Relative,11,NA,11,lower_better,none,1,acs_ready,ACS S1810. Variable: S1810_C02_009E (pop with disability age 25+ less than HS diploma). Verify column against 2024 S1810 table shell.
09,Connecticut,CT,2024,rel_score_noGED,CP,relative,Highest Education Less Than High School: Relative,17.2,NA,17.2,lower_better,none,1,acs_ready,ACS S1810. Variable: S1810_C02_009E (pop with disability age 25+ less than HS diploma). Verify column against 2024 S1810 table shell.
10,Delaware,DE,2024,rel_score_noGED,CP,relative,Highest Education Less Than High School: Relative,13.2,NA,13.2,lower_better,none,1,acs_ready,ACS S1810. Variable: S1810_C02_009E (pop with disability age 25+ less than HS diploma). Verify column against 2024 S1810 table shell.
11,District of Columbia,DC,2024,rel_score_noGED,CP,relative,Highest Education Less Than High School: Relative,16.7,NA,16.7,lower_better,none,1,acs_ready,ACS S1810. Variable: S1810_C02_009E (pop with disability age 25+ less than HS diploma). Verify column against 2024 S1810 table shell.
12,Florida,FL,2024,rel_score_noGED,CP,relative,Highest Education Less Than High School: Relative,15.8,NA,15.8,lower_better,none,1,acs_ready,ACS S1810. Variable: S1810_C02_009E (pop with disability age 25+ less than HS diploma). Verify column against 2024 S1810 table shell.
13,Georgia,GA,2024,rel_score_noGED,CP,relative,Highest Education Less Than High School: Relative,17.6,NA,17.6,lower_better,none,1,acs_ready,ACS S1810. Variable: S1810_C02_009E (pop with disability age 25+ less than HS diploma). Verify column against 2024 S1810 table shell.
15,Hawaii,HI,2024,rel_score_noGED,CP,relative,Highest Education Less Than High School: Relative,12.2,NA,12.2,lower_better,none,1,acs_ready,ACS S1810. Variable: S1810_C02_009E (pop with disability age 25+ less than HS diploma). Verify column against 2024 S1810 table shell.
16,Idaho,ID,2024,rel_score_noGED,CP,relative,Highest Education Less Than High School: Relative,12.3,NA,12.3,lower_better,none,1,acs_ready,ACS S1810. Variable: S1810_C02_009E (pop with disability age 25+ less than HS diploma). Verify column against 2024 S1810 table shell.
17,Illinois,IL,2024,rel_score_noGED,CP,relative,Highest Education Less Than High School: Relative,15.6,NA,15.6,lower_better,none,1,acs_ready,ACS S1810. Variable: S1810_C02_009E (pop with disability age 25+ less than HS diploma). Verify column against 2024 S1810 table shell.
18,Indiana,IN,2024,rel_score_noGED,CP,relative,Highest Education Less Than High School: Relative,16,NA,16,lower_better,none,1,acs_ready,ACS S1810. Variable: S1810_C02_009E (pop with disability age 25+ less than HS diploma). Verify column against 2024 S1810 table shell.
19,Iowa,IA,2024,rel_score_noGED,CP,relative,Highest Education Less Than High School: Relative,11.1,NA,11.1,lower_better,none,1,acs_ready,ACS S1810. Variable: S1810_C02_009E (pop with disability age 25+ less than HS diploma). Verify column against 2024 S1810 table shell.
20,Kansas,KS,2024,rel_score_noGED,CP,relative,Highest Education Less Than High School: Relative,12.1,NA,12.1,lower_better,none,1,acs_ready,ACS S1810. Variable: S1810_C02_009E (pop with disability age 25+ less than HS diploma). Verify column against 2024 S1810 table shell.
21,Kentucky,KY,2024,rel_score_noGED,CP,relative,Highest Education Less Than High School: Relative,19.6,NA,19.6,lower_better,none,1,acs_ready,ACS S1810. Variable: S1810_C02_009E (pop with disability age 25+ less than HS diploma). Verify column against 2024 S1810 table shell.
22,Louisiana,LA,2024,rel_score_noGED,CP,relative,Highest Education Less Than High School: Relative,20.8,NA,20.8,lower_better,none,1,acs_ready,ACS S1810. Variable: S1810_C02_009E (pop with disability age 25+ less than HS diploma). Verify column against 2024 S1810 table shell.
23,Maine,ME,2024,rel_score_noGED,CP,relative,Highest Education Less Than High School: Relative,10.1,NA,10.1,lower_better,none,1,acs_ready,ACS S1810. Variable: S1810_C02_009E (pop with disability age 25+ less than HS diploma). Verify column against 2024 S1810 table shell.
24,Maryland,MD,2024,rel_score_noGED,CP,relative,Highest Education Less Than High School: Relative,15.4,NA,15.4,lower_better,none,1,acs_ready,ACS S1810. Variable: S1810_C02_009E (pop with disability age 25+ less than HS diploma). Verify column against 2024 S1810 table shell.
25,Massachusetts,MA,2024,rel_score_noGED,CP,relative,Highest Education Less Than High School: Relative,18.4,NA,18.4,lower_better,none,1,acs_ready,ACS S1810. Variable: S1810_C02_009E (pop with disability age 25+ less than HS diploma). Verify column against 2024 S1810 table shell.
26,Michigan,MI,2024,rel_score_noGED,CP,relative,Highest Education Less Than High School: Relative,14.7,NA,14.7,lower_better,none,1,acs_ready,ACS S1810. Variable: S1810_C02_009E (pop with disability age 25+ less than HS diploma). Verify column against 2024 S1810 table shell.
27,Minnesota,MN,2024,rel_score_noGED,CP,relative,Highest Education Less Than High School: Relative,11.5,NA,11.5,lower_better,none,1,acs_ready,ACS S1810. Variable: S1810_C02_009E (pop with disability age 25+ less than HS diploma). Verify column against 2024 S1810 table shell.
28,Mississippi,MS,2024,rel_score_noGED,CP,relative,Highest Education Less Than High School: Relative,20.5,NA,20.5,lower_better,none,1,acs_ready,ACS S1810. Variable: S1810_C02_009E (pop with disability age 25+ less than HS diploma). Verify column against 2024 S1810 table shell.
29,Missouri,MO,2024,rel_score_noGED,CP,relative,Highest Education Less Than High School: Relative,15.1,NA,15.1,lower_better,none,1,acs_ready,ACS S1810. Variable: S1810_C02_009E (pop with disability age 25+ less than HS diploma). Verify column against 2024 S1810 table shell.
30,Montana,MT,2024,rel_score_noGED,CP,relative,Highest Education Less Than High School: Relative,10.1,NA,10.1,lower_better,none,1,acs_ready,ACS S1810. Variable: S1810_C02_009E (pop with disability age 25+ less than HS diploma). Verify column against 2024 S1810 table shell.
31,Nebraska,NE,2024,rel_score_noGED,CP,relative,Highest Education Less Than High School: Relative,12.1,NA,12.1,lower_better,none,1,acs_ready,ACS S1810. Variable: S1810_C02_009E (pop with disability age 25+ less than HS diploma). Verify column against 2024 S1810 table shell.
32,Nevada,NV,2024,rel_score_noGED,CP,relative,Highest Education Less Than High School: Relative,15.9,NA,15.9,lower_better,none,1,acs_ready,ACS S1810. Variable: S1810_C02_009E (pop with disability age 25+ less than HS diploma). Verify column against 2024 S1810 table shell.
33,New Hampshire,NH,2024,rel_score_noGED,CP,relative,Highest Education Less Than High School: Relative,11.4,NA,11.4,lower_better,none,1,acs_ready,ACS S1810. Variable: S1810_C02_009E (pop with disability age 25+ less than HS diploma). Verify column against 2024 S1810 table shell.
34,New Jersey,NJ,2024,rel_score_noGED,CP,relative,Highest Education Less Than High School: Relative,17.1,NA,17.1,lower_better,none,1,acs_ready,ACS S1810. Variable: S1810_C02_009E (pop with disability age 25+ less than HS diploma). Verify column against 2024 S1810 table shell.
35,New Mexico,NM,2024,rel_score_noGED,CP,relative,Highest Education Less Than High School: Relative,17.3,NA,17.3,lower_better,none,1,acs_ready,ACS S1810. Variable: S1810_C02_009E (pop with disability age 25+ less than HS diploma). Verify column against 2024 S1810 table shell.
36,New York,NY,2024,rel_score_noGED,CP,relative,Highest Education Less Than High School: Relative,21.7,NA,21.7,lower_better,none,1,acs_ready,ACS S1810. Variable: S1810_C02_009E (pop with disability age 25+ less than HS diploma). Verify column against 2024 S1810 table shell.
37,North Carolina,NC,2024,rel_score_noGED,CP,relative,Highest Education Less Than High School: Relative,16.9,NA,16.9,lower_better,none,1,acs_ready,ACS S1810. Variable: S1810_C02_009E (pop with disability age 25+ less than HS diploma). Verify column against 2024 S1810 table shell.
38,North Dakota,ND,2024,rel_score_noGED,CP,relative,Highest Education Less Than High School: Relative,11.4,NA,11.4,lower_better,none,1,acs_ready,ACS S1810. Variable: S1810_C02_009E (pop with disability age 25+ less than HS diploma). Verify column against 2024 S1810 table shell.
39,Ohio,OH,2024,rel_score_noGED,CP,relative,Highest Education Less Than High School: Relative,15.1,NA,15.1,lower_better,none,1,acs_ready,ACS S1810. Variable: S1810_C02_009E (pop with disability age 25+ less than HS diploma). Verify column against 2024 S1810 table shell.
40,Oklahoma,OK,2024,rel_score_noGED,CP,relative,Highest Education Less Than High School: Relative,14.9,NA,14.9,lower_better,none,1,acs_ready,ACS S1810. Variable: S1810_C02_009E (pop with disability age 25+ less than HS diploma). Verify column against 2024 S1810 table shell.
41,Oregon,OR,2024,rel_score_noGED,CP,relative,Highest Education Less Than High School: Relative,12,NA,12,lower_better,none,1,acs_ready,ACS S1810. Variable: S1810_C02_009E (pop with disability age 25+ less than HS diploma). Verify column against 2024 S1810 table shell.
42,Pennsylvania,PA,2024,rel_score_noGED,CP,relative,Highest Education Less Than High School: Relative,14.6,NA,14.6,lower_better,none,1,acs_ready,ACS S1810. Variable: S1810_C02_009E (pop with disability age 25+ less than HS diploma). Verify column against 2024 S1810 table shell.
44,Rhode Island,RI,2024,rel_score_noGED,CP,relative,Highest Education Less Than High School: Relative,19.1,NA,19.1,lower_better,none,1,acs_ready,ACS S1810. Variable: S1810_C02_009E (pop with disability age 25+ less than HS diploma). Verify column against 2024 S1810 table shell.
45,South Carolina,SC,2024,rel_score_noGED,CP,relative,Highest Education Less Than High School: Relative,17.5,NA,17.5,lower_better,none,1,acs_ready,ACS S1810. Variable: S1810_C02_009E (pop with disability age 25+ less than HS diploma). Verify column against 2024 S1810 table shell.
46,South Dakota,SD,2024,rel_score_noGED,CP,relative,Highest Education Less Than High School: Relative,11.3,NA,11.3,lower_better,none,1,acs_ready,ACS S1810. Variable: S1810_C02_009E (pop with disability age 25+ less than HS diploma). Verify column against 2024 S1810 table shell.
47,Tennessee,TN,2024,rel_score_noGED,CP,relative,Highest Education Less Than High School: Relative,17.6,NA,17.6,lower_better,none,1,acs_ready,ACS S1810. Variable: S1810_C02_009E (pop with disability age 25+ less than HS diploma). Verify column against 2024 S1810 table shell.
48,Texas,TX,2024,rel_score_noGED,CP,relative,Highest Education Less Than High School: Relative,20.1,NA,20.1,lower_better,none,1,acs_ready,ACS S1810. Variable: S1810_C02_009E (pop with disability age 25+ less than HS diploma). Verify column against 2024 S1810 table shell.
49,Utah,UT,2024,rel_score_noGED,CP,relative,Highest Education Less Than High School: Relative,10.2,NA,10.2,lower_better,none,1,acs_ready,ACS S1810. Variable: S1810_C02_009E (pop with disability age 25+ less than HS diploma). Verify column against 2024 S1810 table shell.
50,Vermont,VT,2024,rel_score_noGED,CP,relative,Highest Education Less Than High School: Relative,11,NA,11,lower_better,none,1,acs_ready,ACS S1810. Variable: S1810_C02_009E (pop with disability age 25+ less than HS diploma). Verify column against 2024 S1810 table shell.
51,Virginia,VA,2024,rel_score_noGED,CP,relative,Highest Education Less Than High School: Relative,15.6,NA,15.6,lower_better,none,1,acs_ready,ACS S1810. Variable: S1810_C02_009E (pop with disability age 25+ less than HS diploma). Verify column against 2024 S1810 table shell.
53,Washington,WA,2024,rel_score_noGED,CP,relative,Highest Education Less Than High School: Relative,12.1,NA,12.1,lower_better,none,1,acs_ready,ACS S1810. Variable: S1810_C02_009E (pop with disability age 25+ less than HS diploma). Verify column against 2024 S1810 table shell.
54,West Virginia,WV,2024,rel_score_noGED,CP,relative,Highest Education Less Than High School: Relative,19.1,NA,19.1,lower_better,none,1,acs_ready,ACS S1810. Variable: S1810_C02_009E (pop with disability age 25+ less than HS diploma). Verify column against 2024 S1810 table shell.
55,Wisconsin,WI,2024,rel_score_noGED,CP,relative,Highest Education Less Than High School: Relative,11.6,NA,11.6,lower_better,none,1,acs_ready,ACS S1810. Variable: S1810_C02_009E (pop with disability age 25+ less than HS diploma). Verify column against 2024 S1810 table shell.
56,Wyoming,WY,2024,rel_score_noGED,CP,relative,Highest Education Less Than High School: Relative,8.5,NA,8.5,lower_better,none,1,acs_ready,ACS S1810. Variable: S1810_C02_009E (pop with disability age 25+ less than HS diploma). Verify column against 2024 S1810 table shell.
72,Puerto Rico,PR,2024,rel_score_noGED,CP,relative,Highest Education Less Than High School: Relative,33.2,NA,33.2,lower_better,none,1,acs_ready,ACS S1810. Variable: S1810_C02_009E (pop with disability age 25+ less than HS diploma). Verify column against 2024 S1810 table shell.
000,United States,USA,2024,eq_score_noGED,CP,equity,Highest Education Less Than High School: Equity,17,8.9,-8.1,lower_better,none,1,acs_ready,NA
01,Alabama,AL,2024,eq_score_noGED,CP,equity,Highest Education Less Than High School: Equity,19.2,8.8,-10.399999999999999,lower_better,none,1,acs_ready,NA
02,Alaska,AK,2024,eq_score_noGED,CP,equity,Highest Education Less Than High School: Equity,11.9,5.4,-6.5,lower_better,none,1,acs_ready,NA
04,Arizona,AZ,2024,eq_score_noGED,CP,equity,Highest Education Less Than High School: Equity,14.5,9.6,-4.9,lower_better,none,1,acs_ready,NA
05,Arkansas,AR,2024,eq_score_noGED,CP,equity,Highest Education Less Than High School: Equity,17.6,9.2,-8.400000000000002,lower_better,none,1,acs_ready,NA
06,California,CA,2024,eq_score_noGED,CP,equity,Highest Education Less Than High School: Equity,23,13.8,-9.2,lower_better,none,1,acs_ready,NA
08,Colorado,CO,2024,eq_score_noGED,CP,equity,Highest Education Less Than High School: Equity,11,6.4,-4.6,lower_better,none,1,acs_ready,NA
09,Connecticut,CT,2024,eq_score_noGED,CP,equity,Highest Education Less Than High School: Equity,17.2,6.8,-10.399999999999999,lower_better,none,1,acs_ready,NA
10,Delaware,DE,2024,eq_score_noGED,CP,equity,Highest Education Less Than High School: Equity,13.2,7.2,-5.999999999999999,lower_better,none,1,acs_ready,NA
11,District of Columbia,DC,2024,eq_score_noGED,CP,equity,Highest Education Less Than High School: Equity,16.7,5.7,-11,lower_better,none,1,acs_ready,NA
12,Florida,FL,2024,eq_score_noGED,CP,equity,Highest Education Less Than High School: Equity,15.8,8.6,-7.200000000000001,lower_better,none,1,acs_ready,NA
13,Georgia,GA,2024,eq_score_noGED,CP,equity,Highest Education Less Than High School: Equity,17.6,9.1,-8.500000000000002,lower_better,none,1,acs_ready,NA
15,Hawaii,HI,2024,eq_score_noGED,CP,equity,Highest Education Less Than High School: Equity,12.2,5.9,-6.299999999999999,lower_better,none,1,acs_ready,NA
16,Idaho,ID,2024,eq_score_noGED,CP,equity,Highest Education Less Than High School: Equity,12.3,7.1,-5.200000000000001,lower_better,none,1,acs_ready,NA
17,Illinois,IL,2024,eq_score_noGED,CP,equity,Highest Education Less Than High School: Equity,15.6,8.2,-7.4,lower_better,none,1,acs_ready,NA
18,Indiana,IN,2024,eq_score_noGED,CP,equity,Highest Education Less Than High School: Equity,16,8,-8,lower_better,none,1,acs_ready,NA
19,Iowa,IA,2024,eq_score_noGED,CP,equity,Highest Education Less Than High School: Equity,11.1,5.7,-5.3999999999999995,lower_better,none,1,acs_ready,NA
20,Kansas,KS,2024,eq_score_noGED,CP,equity,Highest Education Less Than High School: Equity,12.1,7,-5.1,lower_better,none,1,acs_ready,NA
21,Kentucky,KY,2024,eq_score_noGED,CP,equity,Highest Education Less Than High School: Equity,19.6,8.2,-11.400000000000002,lower_better,none,1,acs_ready,NA
22,Louisiana,LA,2024,eq_score_noGED,CP,equity,Highest Education Less Than High School: Equity,20.8,10,-10.8,lower_better,none,1,acs_ready,NA
23,Maine,ME,2024,eq_score_noGED,CP,equity,Highest Education Less Than High School: Equity,10.1,4,-6.1,lower_better,none,1,acs_ready,NA
24,Maryland,MD,2024,eq_score_noGED,CP,equity,Highest Education Less Than High School: Equity,15.4,7.6,-7.800000000000001,lower_better,none,1,acs_ready,NA
25,Massachusetts,MA,2024,eq_score_noGED,CP,equity,Highest Education Less Than High School: Equity,18.4,6.8,-11.599999999999998,lower_better,none,1,acs_ready,NA
26,Michigan,MI,2024,eq_score_noGED,CP,equity,Highest Education Less Than High School: Equity,14.7,6.3,-8.399999999999999,lower_better,none,1,acs_ready,NA
27,Minnesota,MN,2024,eq_score_noGED,CP,equity,Highest Education Less Than High School: Equity,11.5,5,-6.5,lower_better,none,1,acs_ready,NA
28,Mississippi,MS,2024,eq_score_noGED,CP,equity,Highest Education Less Than High School: Equity,20.5,10,-10.5,lower_better,none,1,acs_ready,NA
29,Missouri,MO,2024,eq_score_noGED,CP,equity,Highest Education Less Than High School: Equity,15.1,6.2,-8.899999999999999,lower_better,none,1,acs_ready,NA
30,Montana,MT,2024,eq_score_noGED,CP,equity,Highest Education Less Than High School: Equity,10.1,4.1,-6,lower_better,none,1,acs_ready,NA
31,Nebraska,NE,2024,eq_score_noGED,CP,equity,Highest Education Less Than High School: Equity,12.1,6.8,-5.3,lower_better,none,1,acs_ready,NA
32,Nevada,NV,2024,eq_score_noGED,CP,equity,Highest Education Less Than High School: Equity,15.9,11.8,-4.1,lower_better,none,1,acs_ready,NA
33,New Hampshire,NH,2024,eq_score_noGED,CP,equity,Highest Education Less Than High School: Equity,11.4,4.3,-7.1000000000000005,lower_better,none,1,acs_ready,NA
34,New Jersey,NJ,2024,eq_score_noGED,CP,equity,Highest Education Less Than High School: Equity,17.1,7.9,-9.200000000000001,lower_better,none,1,acs_ready,NA
35,New Mexico,NM,2024,eq_score_noGED,CP,equity,Highest Education Less Than High School: Equity,17.3,10.3,-7,lower_better,none,1,acs_ready,NA
36,New York,NY,2024,eq_score_noGED,CP,equity,Highest Education Less Than High School: Equity,21.7,10,-11.7,lower_better,none,1,acs_ready,NA
37,North Carolina,NC,2024,eq_score_noGED,CP,equity,Highest Education Less Than High School: Equity,16.9,8.2,-8.7,lower_better,none,1,acs_ready,NA
38,North Dakota,ND,2024,eq_score_noGED,CP,equity,Highest Education Less Than High School: Equity,11.4,4.8,-6.6000000000000005,lower_better,none,1,acs_ready,NA
39,Ohio,OH,2024,eq_score_noGED,CP,equity,Highest Education Less Than High School: Equity,15.1,6.4,-8.7,lower_better,none,1,acs_ready,NA
40,Oklahoma,OK,2024,eq_score_noGED,CP,equity,Highest Education Less Than High School: Equity,14.9,9,-5.9,lower_better,none,1,acs_ready,NA
41,Oregon,OR,2024,eq_score_noGED,CP,equity,Highest Education Less Than High School: Equity,12,7.2,-4.8,lower_better,none,1,acs_ready,NA
42,Pennsylvania,PA,2024,eq_score_noGED,CP,equity,Highest Education Less Than High School: Equity,14.6,6.2,-8.399999999999999,lower_better,none,1,acs_ready,NA
44,Rhode Island,RI,2024,eq_score_noGED,CP,equity,Highest Education Less Than High School: Equity,19.1,8.4,-10.700000000000001,lower_better,none,1,acs_ready,NA
45,South Carolina,SC,2024,eq_score_noGED,CP,equity,Highest Education Less Than High School: Equity,17.5,7.9,-9.6,lower_better,none,1,acs_ready,NA
46,South Dakota,SD,2024,eq_score_noGED,CP,equity,Highest Education Less Than High School: Equity,11.3,5.7,-5.6000000000000005,lower_better,none,1,acs_ready,NA
47,Tennessee,TN,2024,eq_score_noGED,CP,equity,Highest Education Less Than High School: Equity,17.6,7.9,-9.700000000000001,lower_better,none,1,acs_ready,NA
48,Texas,TX,2024,eq_score_noGED,CP,equity,Highest Education Less Than High School: Equity,20.1,12.7,-7.400000000000002,lower_better,none,1,acs_ready,NA
49,Utah,UT,2024,eq_score_noGED,CP,equity,Highest Education Less Than High School: Equity,10.2,6,-4.199999999999999,lower_better,none,1,acs_ready,NA
50,Vermont,VT,2024,eq_score_noGED,CP,equity,Highest Education Less Than High School: Equity,11,3.7,-7.3,lower_better,none,1,acs_ready,NA
51,Virginia,VA,2024,eq_score_noGED,CP,equity,Highest Education Less Than High School: Equity,15.6,7,-8.6,lower_better,none,1,acs_ready,NA
53,Washington,WA,2024,eq_score_noGED,CP,equity,Highest Education Less Than High School: Equity,12.1,6.9,-5.199999999999999,lower_better,none,1,acs_ready,NA
54,West Virginia,WV,2024,eq_score_noGED,CP,equity,Highest Education Less Than High School: Equity,19.1,7.6,-11.500000000000002,lower_better,none,1,acs_ready,NA
55,Wisconsin,WI,2024,eq_score_noGED,CP,equity,Highest Education Less Than High School: Equity,11.6,5.4,-6.199999999999999,lower_better,none,1,acs_ready,NA
56,Wyoming,WY,2024,eq_score_noGED,CP,equity,Highest Education Less Than High School: Equity,8.5,5.1,-3.4000000000000004,lower_better,none,1,acs_ready,NA
72,Puerto Rico,PR,2024,eq_score_noGED,CP,equity,Highest Education Less Than High School: Equity,33.2,13.2,-20.000000000000004,lower_better,none,1,acs_ready,NA
000,United States,USA,2024,rel_score_bachelors,CP,relative,Highest Education Bachelors or Greater: Relative,20.9,NA,20.9,higher_better,none,1,acs_ready,ACS S1810. Variable: S1810_C02_012E (pop with disability age 25+ bachelor's or higher). Verify column against 2024 S1810 table shell.
01,Alabama,AL,2024,rel_score_bachelors,CP,relative,Highest Education Bachelors or Greater: Relative,16.8,NA,16.8,higher_better,none,1,acs_ready,ACS S1810. Variable: S1810_C02_012E (pop with disability age 25+ bachelor's or higher). Verify column against 2024 S1810 table shell.
02,Alaska,AK,2024,rel_score_bachelors,CP,relative,Highest Education Bachelors or Greater: Relative,19.4,NA,19.4,higher_better,none,1,acs_ready,ACS S1810. Variable: S1810_C02_012E (pop with disability age 25+ bachelor's or higher). Verify column against 2024 S1810 table shell.
04,Arizona,AZ,2024,rel_score_bachelors,CP,relative,Highest Education Bachelors or Greater: Relative,22.5,NA,22.5,higher_better,none,1,acs_ready,ACS S1810. Variable: S1810_C02_012E (pop with disability age 25+ bachelor's or higher). Verify column against 2024 S1810 table shell.
05,Arkansas,AR,2024,rel_score_bachelors,CP,relative,Highest Education Bachelors or Greater: Relative,14.4,NA,14.4,higher_better,none,1,acs_ready,ACS S1810. Variable: S1810_C02_012E (pop with disability age 25+ bachelor's or higher). Verify column against 2024 S1810 table shell.
06,California,CA,2024,rel_score_bachelors,CP,relative,Highest Education Bachelors or Greater: Relative,23,NA,23,higher_better,none,1,acs_ready,ACS S1810. Variable: S1810_C02_012E (pop with disability age 25+ bachelor's or higher). Verify column against 2024 S1810 table shell.
08,Colorado,CO,2024,rel_score_bachelors,CP,relative,Highest Education Bachelors or Greater: Relative,29.9,NA,29.9,higher_better,none,1,acs_ready,ACS S1810. Variable: S1810_C02_012E (pop with disability age 25+ bachelor's or higher). Verify column against 2024 S1810 table shell.
09,Connecticut,CT,2024,rel_score_bachelors,CP,relative,Highest Education Bachelors or Greater: Relative,23.6,NA,23.6,higher_better,none,1,acs_ready,ACS S1810. Variable: S1810_C02_012E (pop with disability age 25+ bachelor's or higher). Verify column against 2024 S1810 table shell.
10,Delaware,DE,2024,rel_score_bachelors,CP,relative,Highest Education Bachelors or Greater: Relative,22.5,NA,22.5,higher_better,none,1,acs_ready,ACS S1810. Variable: S1810_C02_012E (pop with disability age 25+ bachelor's or higher). Verify column against 2024 S1810 table shell.
11,District of Columbia,DC,2024,rel_score_bachelors,CP,relative,Highest Education Bachelors or Greater: Relative,34,NA,34,higher_better,none,1,acs_ready,ACS S1810. Variable: S1810_C02_012E (pop with disability age 25+ bachelor's or higher). Verify column against 2024 S1810 table shell.
12,Florida,FL,2024,rel_score_bachelors,CP,relative,Highest Education Bachelors or Greater: Relative,23,NA,23,higher_better,none,1,acs_ready,ACS S1810. Variable: S1810_C02_012E (pop with disability age 25+ bachelor's or higher). Verify column against 2024 S1810 table shell.
13,Georgia,GA,2024,rel_score_bachelors,CP,relative,Highest Education Bachelors or Greater: Relative,20.5,NA,20.5,higher_better,none,1,acs_ready,ACS S1810. Variable: S1810_C02_012E (pop with disability age 25+ bachelor's or higher). Verify column against 2024 S1810 table shell.
15,Hawaii,HI,2024,rel_score_bachelors,CP,relative,Highest Education Bachelors or Greater: Relative,24.6,NA,24.6,higher_better,none,1,acs_ready,ACS S1810. Variable: S1810_C02_012E (pop with disability age 25+ bachelor's or higher). Verify column against 2024 S1810 table shell.
16,Idaho,ID,2024,rel_score_bachelors,CP,relative,Highest Education Bachelors or Greater: Relative,20.5,NA,20.5,higher_better,none,1,acs_ready,ACS S1810. Variable: S1810_C02_012E (pop with disability age 25+ bachelor's or higher). Verify column against 2024 S1810 table shell.
17,Illinois,IL,2024,rel_score_bachelors,CP,relative,Highest Education Bachelors or Greater: Relative,21.5,NA,21.5,higher_better,none,1,acs_ready,ACS S1810. Variable: S1810_C02_012E (pop with disability age 25+ bachelor's or higher). Verify column against 2024 S1810 table shell.
18,Indiana,IN,2024,rel_score_bachelors,CP,relative,Highest Education Bachelors or Greater: Relative,15.8,NA,15.8,higher_better,none,1,acs_ready,ACS S1810. Variable: S1810_C02_012E (pop with disability age 25+ bachelor's or higher). Verify column against 2024 S1810 table shell.
19,Iowa,IA,2024,rel_score_bachelors,CP,relative,Highest Education Bachelors or Greater: Relative,17.7,NA,17.7,higher_better,none,1,acs_ready,ACS S1810. Variable: S1810_C02_012E (pop with disability age 25+ bachelor's or higher). Verify column against 2024 S1810 table shell.
20,Kansas,KS,2024,rel_score_bachelors,CP,relative,Highest Education Bachelors or Greater: Relative,20.9,NA,20.9,higher_better,none,1,acs_ready,ACS S1810. Variable: S1810_C02_012E (pop with disability age 25+ bachelor's or higher). Verify column against 2024 S1810 table shell.
21,Kentucky,KY,2024,rel_score_bachelors,CP,relative,Highest Education Bachelors or Greater: Relative,14.3,NA,14.3,higher_better,none,1,acs_ready,ACS S1810. Variable: S1810_C02_012E (pop with disability age 25+ bachelor's or higher). Verify column against 2024 S1810 table shell.
22,Louisiana,LA,2024,rel_score_bachelors,CP,relative,Highest Education Bachelors or Greater: Relative,16.3,NA,16.3,higher_better,none,1,acs_ready,ACS S1810. Variable: S1810_C02_012E (pop with disability age 25+ bachelor's or higher). Verify column against 2024 S1810 table shell.
23,Maine,ME,2024,rel_score_bachelors,CP,relative,Highest Education Bachelors or Greater: Relative,21.3,NA,21.3,higher_better,none,1,acs_ready,ACS S1810. Variable: S1810_C02_012E (pop with disability age 25+ bachelor's or higher). Verify column against 2024 S1810 table shell.
24,Maryland,MD,2024,rel_score_bachelors,CP,relative,Highest Education Bachelors or Greater: Relative,27.8,NA,27.8,higher_better,none,1,acs_ready,ACS S1810. Variable: S1810_C02_012E (pop with disability age 25+ bachelor's or higher). Verify column against 2024 S1810 table shell.
25,Massachusetts,MA,2024,rel_score_bachelors,CP,relative,Highest Education Bachelors or Greater: Relative,25.7,NA,25.7,higher_better,none,1,acs_ready,ACS S1810. Variable: S1810_C02_012E (pop with disability age 25+ bachelor's or higher). Verify column against 2024 S1810 table shell.
26,Michigan,MI,2024,rel_score_bachelors,CP,relative,Highest Education Bachelors or Greater: Relative,18.1,NA,18.1,higher_better,none,1,acs_ready,ACS S1810. Variable: S1810_C02_012E (pop with disability age 25+ bachelor's or higher). Verify column against 2024 S1810 table shell.
27,Minnesota,MN,2024,rel_score_bachelors,CP,relative,Highest Education Bachelors or Greater: Relative,22.3,NA,22.3,higher_better,none,1,acs_ready,ACS S1810. Variable: S1810_C02_012E (pop with disability age 25+ bachelor's or higher). Verify column against 2024 S1810 table shell.
28,Mississippi,MS,2024,rel_score_bachelors,CP,relative,Highest Education Bachelors or Greater: Relative,15.3,NA,15.3,higher_better,none,1,acs_ready,ACS S1810. Variable: S1810_C02_012E (pop with disability age 25+ bachelor's or higher). Verify column against 2024 S1810 table shell.
29,Missouri,MO,2024,rel_score_bachelors,CP,relative,Highest Education Bachelors or Greater: Relative,17.6,NA,17.6,higher_better,none,1,acs_ready,ACS S1810. Variable: S1810_C02_012E (pop with disability age 25+ bachelor's or higher). Verify column against 2024 S1810 table shell.
30,Montana,MT,2024,rel_score_bachelors,CP,relative,Highest Education Bachelors or Greater: Relative,22.6,NA,22.6,higher_better,none,1,acs_ready,ACS S1810. Variable: S1810_C02_012E (pop with disability age 25+ bachelor's or higher). Verify column against 2024 S1810 table shell.
31,Nebraska,NE,2024,rel_score_bachelors,CP,relative,Highest Education Bachelors or Greater: Relative,20.5,NA,20.5,higher_better,none,1,acs_ready,ACS S1810. Variable: S1810_C02_012E (pop with disability age 25+ bachelor's or higher). Verify column against 2024 S1810 table shell.
32,Nevada,NV,2024,rel_score_bachelors,CP,relative,Highest Education Bachelors or Greater: Relative,20,NA,20,higher_better,none,1,acs_ready,ACS S1810. Variable: S1810_C02_012E (pop with disability age 25+ bachelor's or higher). Verify column against 2024 S1810 table shell.
33,New Hampshire,NH,2024,rel_score_bachelors,CP,relative,Highest Education Bachelors or Greater: Relative,24.8,NA,24.8,higher_better,none,1,acs_ready,ACS S1810. Variable: S1810_C02_012E (pop with disability age 25+ bachelor's or higher). Verify column against 2024 S1810 table shell.
34,New Jersey,NJ,2024,rel_score_bachelors,CP,relative,Highest Education Bachelors or Greater: Relative,25,NA,25,higher_better,none,1,acs_ready,ACS S1810. Variable: S1810_C02_012E (pop with disability age 25+ bachelor's or higher). Verify column against 2024 S1810 table shell.
35,New Mexico,NM,2024,rel_score_bachelors,CP,relative,Highest Education Bachelors or Greater: Relative,21.1,NA,21.1,higher_better,none,1,acs_ready,ACS S1810. Variable: S1810_C02_012E (pop with disability age 25+ bachelor's or higher). Verify column against 2024 S1810 table shell.
36,New York,NY,2024,rel_score_bachelors,CP,relative,Highest Education Bachelors or Greater: Relative,22.9,NA,22.9,higher_better,none,1,acs_ready,ACS S1810. Variable: S1810_C02_012E (pop with disability age 25+ bachelor's or higher). Verify column against 2024 S1810 table shell.
37,North Carolina,NC,2024,rel_score_bachelors,CP,relative,Highest Education Bachelors or Greater: Relative,20.5,NA,20.5,higher_better,none,1,acs_ready,ACS S1810. Variable: S1810_C02_012E (pop with disability age 25+ bachelor's or higher). Verify column against 2024 S1810 table shell.
38,North Dakota,ND,2024,rel_score_bachelors,CP,relative,Highest Education Bachelors or Greater: Relative,18.8,NA,18.8,higher_better,none,1,acs_ready,ACS S1810. Variable: S1810_C02_012E (pop with disability age 25+ bachelor's or higher). Verify column against 2024 S1810 table shell.
39,Ohio,OH,2024,rel_score_bachelors,CP,relative,Highest Education Bachelors or Greater: Relative,16.4,NA,16.4,higher_better,none,1,acs_ready,ACS S1810. Variable: S1810_C02_012E (pop with disability age 25+ bachelor's or higher). Verify column against 2024 S1810 table shell.
40,Oklahoma,OK,2024,rel_score_bachelors,CP,relative,Highest Education Bachelors or Greater: Relative,18.1,NA,18.1,higher_better,none,1,acs_ready,ACS S1810. Variable: S1810_C02_012E (pop with disability age 25+ bachelor's or higher). Verify column against 2024 S1810 table shell.
41,Oregon,OR,2024,rel_score_bachelors,CP,relative,Highest Education Bachelors or Greater: Relative,22.4,NA,22.4,higher_better,none,1,acs_ready,ACS S1810. Variable: S1810_C02_012E (pop with disability age 25+ bachelor's or higher). Verify column against 2024 S1810 table shell.
42,Pennsylvania,PA,2024,rel_score_bachelors,CP,relative,Highest Education Bachelors or Greater: Relative,18.6,NA,18.6,higher_better,none,1,acs_ready,ACS S1810. Variable: S1810_C02_012E (pop with disability age 25+ bachelor's or higher). Verify column against 2024 S1810 table shell.
44,Rhode Island,RI,2024,rel_score_bachelors,CP,relative,Highest Education Bachelors or Greater: Relative,21.9,NA,21.9,higher_better,none,1,acs_ready,ACS S1810. Variable: S1810_C02_012E (pop with disability age 25+ bachelor's or higher). Verify column against 2024 S1810 table shell.
45,South Carolina,SC,2024,rel_score_bachelors,CP,relative,Highest Education Bachelors or Greater: Relative,19.1,NA,19.1,higher_better,none,1,acs_ready,ACS S1810. Variable: S1810_C02_012E (pop with disability age 25+ bachelor's or higher). Verify column against 2024 S1810 table shell.
46,South Dakota,SD,2024,rel_score_bachelors,CP,relative,Highest Education Bachelors or Greater: Relative,20.2,NA,20.2,higher_better,none,1,acs_ready,ACS S1810. Variable: S1810_C02_012E (pop with disability age 25+ bachelor's or higher). Verify column against 2024 S1810 table shell.
47,Tennessee,TN,2024,rel_score_bachelors,CP,relative,Highest Education Bachelors or Greater: Relative,17.3,NA,17.3,higher_better,none,1,acs_ready,ACS S1810. Variable: S1810_C02_012E (pop with disability age 25+ bachelor's or higher). Verify column against 2024 S1810 table shell.
48,Texas,TX,2024,rel_score_bachelors,CP,relative,Highest Education Bachelors or Greater: Relative,20.8,NA,20.8,higher_better,none,1,acs_ready,ACS S1810. Variable: S1810_C02_012E (pop with disability age 25+ bachelor's or higher). Verify column against 2024 S1810 table shell.
49,Utah,UT,2024,rel_score_bachelors,CP,relative,Highest Education Bachelors or Greater: Relative,24.4,NA,24.4,higher_better,none,1,acs_ready,ACS S1810. Variable: S1810_C02_012E (pop with disability age 25+ bachelor's or higher). Verify column against 2024 S1810 table shell.
50,Vermont,VT,2024,rel_score_bachelors,CP,relative,Highest Education Bachelors or Greater: Relative,26.5,NA,26.5,higher_better,none,1,acs_ready,ACS S1810. Variable: S1810_C02_012E (pop with disability age 25+ bachelor's or higher). Verify column against 2024 S1810 table shell.
51,Virginia,VA,2024,rel_score_bachelors,CP,relative,Highest Education Bachelors or Greater: Relative,24.5,NA,24.5,higher_better,none,1,acs_ready,ACS S1810. Variable: S1810_C02_012E (pop with disability age 25+ bachelor's or higher). Verify column against 2024 S1810 table shell.
53,Washington,WA,2024,rel_score_bachelors,CP,relative,Highest Education Bachelors or Greater: Relative,24.4,NA,24.4,higher_better,none,1,acs_ready,ACS S1810. Variable: S1810_C02_012E (pop with disability age 25+ bachelor's or higher). Verify column against 2024 S1810 table shell.
54,West Virginia,WV,2024,rel_score_bachelors,CP,relative,Highest Education Bachelors or Greater: Relative,13.2,NA,13.2,higher_better,none,1,acs_ready,ACS S1810. Variable: S1810_C02_012E (pop with disability age 25+ bachelor's or higher). Verify column against 2024 S1810 table shell.
55,Wisconsin,WI,2024,rel_score_bachelors,CP,relative,Highest Education Bachelors or Greater: Relative,19.8,NA,19.8,higher_better,none,1,acs_ready,ACS S1810. Variable: S1810_C02_012E (pop with disability age 25+ bachelor's or higher). Verify column against 2024 S1810 table shell.
56,Wyoming,WY,2024,rel_score_bachelors,CP,relative,Highest Education Bachelors or Greater: Relative,20.7,NA,20.7,higher_better,none,1,acs_ready,ACS S1810. Variable: S1810_C02_012E (pop with disability age 25+ bachelor's or higher). Verify column against 2024 S1810 table shell.
72,Puerto Rico,PR,2024,rel_score_bachelors,CP,relative,Highest Education Bachelors or Greater: Relative,18.1,NA,18.1,higher_better,none,1,acs_ready,ACS S1810. Variable: S1810_C02_012E (pop with disability age 25+ bachelor's or higher). Verify column against 2024 S1810 table shell.
000,United States,USA,2024,eq_score_bachelors,CP,equity,Highest Education Bachelors or Greater: Equity,20.9,39.1,18.200000000000003,lower_better,none,1,acs_ready,NA
01,Alabama,AL,2024,eq_score_bachelors,CP,equity,Highest Education Bachelors or Greater: Equity,16.8,32,15.2,lower_better,none,1,acs_ready,NA
02,Alaska,AK,2024,eq_score_bachelors,CP,equity,Highest Education Bachelors or Greater: Equity,19.4,34.5,15.100000000000001,lower_better,none,1,acs_ready,NA
04,Arizona,AZ,2024,eq_score_bachelors,CP,equity,Highest Education Bachelors or Greater: Equity,22.5,36.1,13.600000000000001,lower_better,none,1,acs_ready,NA
05,Arkansas,AR,2024,eq_score_bachelors,CP,equity,Highest Education Bachelors or Greater: Equity,14.4,29.6,15.200000000000001,lower_better,none,1,acs_ready,NA
06,California,CA,2024,eq_score_bachelors,CP,equity,Highest Education Bachelors or Greater: Equity,23,39.8,16.799999999999997,lower_better,none,1,acs_ready,NA
08,Colorado,CO,2024,eq_score_bachelors,CP,equity,Highest Education Bachelors or Greater: Equity,29.9,48.8,18.9,lower_better,none,1,acs_ready,NA
09,Connecticut,CT,2024,eq_score_bachelors,CP,equity,Highest Education Bachelors or Greater: Equity,23.6,46.2,22.6,lower_better,none,1,acs_ready,NA
10,Delaware,DE,2024,eq_score_bachelors,CP,equity,Highest Education Bachelors or Greater: Equity,22.5,38.9,16.4,lower_better,none,1,acs_ready,NA
11,District of Columbia,DC,2024,eq_score_bachelors,CP,equity,Highest Education Bachelors or Greater: Equity,34,69.5,35.5,lower_better,none,1,acs_ready,NA
12,Florida,FL,2024,eq_score_bachelors,CP,equity,Highest Education Bachelors or Greater: Equity,23,36.8,13.799999999999997,lower_better,none,1,acs_ready,NA
13,Georgia,GA,2024,eq_score_bachelors,CP,equity,Highest Education Bachelors or Greater: Equity,20.5,38.4,17.9,lower_better,none,1,acs_ready,NA
15,Hawaii,HI,2024,eq_score_bachelors,CP,equity,Highest Education Bachelors or Greater: Equity,24.6,38.4,13.799999999999997,lower_better,none,1,acs_ready,NA
16,Idaho,ID,2024,eq_score_bachelors,CP,equity,Highest Education Bachelors or Greater: Equity,20.5,34.7,14.200000000000003,lower_better,none,1,acs_ready,NA
17,Illinois,IL,2024,eq_score_bachelors,CP,equity,Highest Education Bachelors or Greater: Equity,21.5,41.3,19.799999999999997,lower_better,none,1,acs_ready,NA
18,Indiana,IN,2024,eq_score_bachelors,CP,equity,Highest Education Bachelors or Greater: Equity,15.8,33,17.2,lower_better,none,1,acs_ready,NA
19,Iowa,IA,2024,eq_score_bachelors,CP,equity,Highest Education Bachelors or Greater: Equity,17.7,34.4,16.7,lower_better,none,1,acs_ready,NA
20,Kansas,KS,2024,eq_score_bachelors,CP,equity,Highest Education Bachelors or Greater: Equity,20.9,39.2,18.300000000000004,lower_better,none,1,acs_ready,NA
21,Kentucky,KY,2024,eq_score_bachelors,CP,equity,Highest Education Bachelors or Greater: Equity,14.3,32,17.7,lower_better,none,1,acs_ready,NA
22,Louisiana,LA,2024,eq_score_bachelors,CP,equity,Highest Education Bachelors or Greater: Equity,16.3,30.5,14.2,lower_better,none,1,acs_ready,NA
23,Maine,ME,2024,eq_score_bachelors,CP,equity,Highest Education Bachelors or Greater: Equity,21.3,40,18.7,lower_better,none,1,acs_ready,NA
24,Maryland,MD,2024,eq_score_bachelors,CP,equity,Highest Education Bachelors or Greater: Equity,27.8,46.5,18.7,lower_better,none,1,acs_ready,NA
25,Massachusetts,MA,2024,eq_score_bachelors,CP,equity,Highest Education Bachelors or Greater: Equity,25.7,51.4,25.7,lower_better,none,1,acs_ready,NA
26,Michigan,MI,2024,eq_score_bachelors,CP,equity,Highest Education Bachelors or Greater: Equity,18.1,36,17.9,lower_better,none,1,acs_ready,NA
27,Minnesota,MN,2024,eq_score_bachelors,CP,equity,Highest Education Bachelors or Greater: Equity,22.3,42.7,20.400000000000002,lower_better,none,1,acs_ready,NA
28,Mississippi,MS,2024,eq_score_bachelors,CP,equity,Highest Education Bachelors or Greater: Equity,15.3,28.6,13.3,lower_better,none,1,acs_ready,NA
29,Missouri,MO,2024,eq_score_bachelors,CP,equity,Highest Education Bachelors or Greater: Equity,17.6,36.4,18.799999999999997,lower_better,none,1,acs_ready,NA
30,Montana,MT,2024,eq_score_bachelors,CP,equity,Highest Education Bachelors or Greater: Equity,22.6,38.4,15.799999999999997,lower_better,none,1,acs_ready,NA
31,Nebraska,NE,2024,eq_score_bachelors,CP,equity,Highest Education Bachelors or Greater: Equity,20.5,37.7,17.200000000000003,lower_better,none,1,acs_ready,NA
32,Nevada,NV,2024,eq_score_bachelors,CP,equity,Highest Education Bachelors or Greater: Equity,20,29.7,9.7,lower_better,none,1,acs_ready,NA
33,New Hampshire,NH,2024,eq_score_bachelors,CP,equity,Highest Education Bachelors or Greater: Equity,24.8,44,19.2,lower_better,none,1,acs_ready,NA
34,New Jersey,NJ,2024,eq_score_bachelors,CP,equity,Highest Education Bachelors or Greater: Equity,25,47,22,lower_better,none,1,acs_ready,NA
35,New Mexico,NM,2024,eq_score_bachelors,CP,equity,Highest Education Bachelors or Greater: Equity,21.1,34,12.899999999999999,lower_better,none,1,acs_ready,NA
36,New York,NY,2024,eq_score_bachelors,CP,equity,Highest Education Bachelors or Greater: Equity,22.9,43.8,20.9,lower_better,none,1,acs_ready,NA
37,North Carolina,NC,2024,eq_score_bachelors,CP,equity,Highest Education Bachelors or Greater: Equity,20.5,39.2,18.700000000000003,lower_better,none,1,acs_ready,NA
38,North Dakota,ND,2024,eq_score_bachelors,CP,equity,Highest Education Bachelors or Greater: Equity,18.8,35.8,16.999999999999996,lower_better,none,1,acs_ready,NA
39,Ohio,OH,2024,eq_score_bachelors,CP,equity,Highest Education Bachelors or Greater: Equity,16.4,35.2,18.800000000000004,lower_better,none,1,acs_ready,NA
40,Oklahoma,OK,2024,eq_score_bachelors,CP,equity,Highest Education Bachelors or Greater: Equity,18.1,31.9,13.799999999999997,lower_better,none,1,acs_ready,NA
41,Oregon,OR,2024,eq_score_bachelors,CP,equity,Highest Education Bachelors or Greater: Equity,22.4,40.5,18.1,lower_better,none,1,acs_ready,NA
42,Pennsylvania,PA,2024,eq_score_bachelors,CP,equity,Highest Education Bachelors or Greater: Equity,18.6,39.2,20.6,lower_better,none,1,acs_ready,NA
44,Rhode Island,RI,2024,eq_score_bachelors,CP,equity,Highest Education Bachelors or Greater: Equity,21.9,41.2,19.300000000000004,lower_better,none,1,acs_ready,NA
45,South Carolina,SC,2024,eq_score_bachelors,CP,equity,Highest Education Bachelors or Greater: Equity,19.1,35.4,16.299999999999997,lower_better,none,1,acs_ready,NA
46,South Dakota,SD,2024,eq_score_bachelors,CP,equity,Highest Education Bachelors or Greater: Equity,20.2,34.8,14.599999999999998,lower_better,none,1,acs_ready,NA
47,Tennessee,TN,2024,eq_score_bachelors,CP,equity,Highest Education Bachelors or Greater: Equity,17.3,34.6,17.3,lower_better,none,1,acs_ready,NA
48,Texas,TX,2024,eq_score_bachelors,CP,equity,Highest Education Bachelors or Greater: Equity,20.8,36.8,15.999999999999996,lower_better,none,1,acs_ready,NA
49,Utah,UT,2024,eq_score_bachelors,CP,equity,Highest Education Bachelors or Greater: Equity,24.4,40.1,15.700000000000003,lower_better,none,1,acs_ready,NA
50,Vermont,VT,2024,eq_score_bachelors,CP,equity,Highest Education Bachelors or Greater: Equity,26.5,47.7,21.200000000000003,lower_better,none,1,acs_ready,NA
51,Virginia,VA,2024,eq_score_bachelors,CP,equity,Highest Education Bachelors or Greater: Equity,24.5,45.9,21.4,lower_better,none,1,acs_ready,NA
53,Washington,WA,2024,eq_score_bachelors,CP,equity,Highest Education Bachelors or Greater: Equity,24.4,42.9,18.5,lower_better,none,1,acs_ready,NA
54,West Virginia,WV,2024,eq_score_bachelors,CP,equity,Highest Education Bachelors or Greater: Equity,13.2,28.1,14.900000000000002,lower_better,none,1,acs_ready,NA
55,Wisconsin,WI,2024,eq_score_bachelors,CP,equity,Highest Education Bachelors or Greater: Equity,19.8,36.2,16.400000000000002,lower_better,none,1,acs_ready,NA
56,Wyoming,WY,2024,eq_score_bachelors,CP,equity,Highest Education Bachelors or Greater: Equity,20.7,33.1,12.400000000000002,lower_better,none,1,acs_ready,NA
72,Puerto Rico,PR,2024,eq_score_bachelors,CP,equity,Highest Education Bachelors or Greater: Equity,18.1,34.4,16.299999999999997,lower_better,none,1,acs_ready,NA
000,United States,USA,2024,rel_score_transit,CP,relative,Commute to Work By Public Transit: Relative,3.8,NA,3.8,higher_better,none,1,acs_ready,ACS PUMS: JWTRNS=04-09 (transit modes) DIS=1 AGEP 16+ ESR=1or2 (employed). Denominator = all employed civilians with disability 16+. B08301 lacks disability cross-tab; PUMS required.
01,Alabama,AL,2024,rel_score_transit,CP,relative,Commute to Work By Public Transit: Relative,0.4,NA,0.4,higher_better,none,1,acs_ready,ACS PUMS: JWTRNS=04-09 (transit modes) DIS=1 AGEP 16+ ESR=1or2 (employed). Denominator = all employed civilians with disability 16+. B08301 lacks disability cross-tab; PUMS required.
02,Alaska,AK,2024,rel_score_transit,CP,relative,Commute to Work By Public Transit: Relative,1.7,NA,1.7,higher_better,none,1,acs_ready,ACS PUMS: JWTRNS=04-09 (transit modes) DIS=1 AGEP 16+ ESR=1or2 (employed). Denominator = all employed civilians with disability 16+. B08301 lacks disability cross-tab; PUMS required.
04,Arizona,AZ,2024,rel_score_transit,CP,relative,Commute to Work By Public Transit: Relative,1.7,NA,1.7,higher_better,none,1,acs_ready,ACS PUMS: JWTRNS=04-09 (transit modes) DIS=1 AGEP 16+ ESR=1or2 (employed). Denominator = all employed civilians with disability 16+. B08301 lacks disability cross-tab; PUMS required.
05,Arkansas,AR,2024,rel_score_transit,CP,relative,Commute to Work By Public Transit: Relative,0.5,NA,0.5,higher_better,none,1,acs_ready,ACS PUMS: JWTRNS=04-09 (transit modes) DIS=1 AGEP 16+ ESR=1or2 (employed). Denominator = all employed civilians with disability 16+. B08301 lacks disability cross-tab; PUMS required.
06,California,CA,2024,rel_score_transit,CP,relative,Commute to Work By Public Transit: Relative,4.2,NA,4.2,higher_better,none,1,acs_ready,ACS PUMS: JWTRNS=04-09 (transit modes) DIS=1 AGEP 16+ ESR=1or2 (employed). Denominator = all employed civilians with disability 16+. B08301 lacks disability cross-tab; PUMS required.
08,Colorado,CO,2024,rel_score_transit,CP,relative,Commute to Work By Public Transit: Relative,2.8,NA,2.8,higher_better,none,1,acs_ready,ACS PUMS: JWTRNS=04-09 (transit modes) DIS=1 AGEP 16+ ESR=1or2 (employed). Denominator = all employed civilians with disability 16+. B08301 lacks disability cross-tab; PUMS required.
09,Connecticut,CT,2024,rel_score_transit,CP,relative,Commute to Work By Public Transit: Relative,4.6,NA,4.6,higher_better,none,1,acs_ready,ACS PUMS: JWTRNS=04-09 (transit modes) DIS=1 AGEP 16+ ESR=1or2 (employed). Denominator = all employed civilians with disability 16+. B08301 lacks disability cross-tab; PUMS required.
10,Delaware,DE,2024,rel_score_transit,CP,relative,Commute to Work By Public Transit: Relative,2.6,NA,2.6,higher_better,none,1,acs_ready,ACS PUMS: JWTRNS=04-09 (transit modes) DIS=1 AGEP 16+ ESR=1or2 (employed). Denominator = all employed civilians with disability 16+. B08301 lacks disability cross-tab; PUMS required.
11,District of Columbia,DC,2024,rel_score_transit,CP,relative,Commute to Work By Public Transit: Relative,27.4,NA,27.4,higher_better,none,1,acs_ready,ACS PUMS: JWTRNS=04-09 (transit modes) DIS=1 AGEP 16+ ESR=1or2 (employed). Denominator = all employed civilians with disability 16+. B08301 lacks disability cross-tab; PUMS required.
12,Florida,FL,2024,rel_score_transit,CP,relative,Commute to Work By Public Transit: Relative,1.7,NA,1.7,higher_better,none,1,acs_ready,ACS PUMS: JWTRNS=04-09 (transit modes) DIS=1 AGEP 16+ ESR=1or2 (employed). Denominator = all employed civilians with disability 16+. B08301 lacks disability cross-tab; PUMS required.
13,Georgia,GA,2024,rel_score_transit,CP,relative,Commute to Work By Public Transit: Relative,1.5,NA,1.5,higher_better,none,1,acs_ready,ACS PUMS: JWTRNS=04-09 (transit modes) DIS=1 AGEP 16+ ESR=1or2 (employed). Denominator = all employed civilians with disability 16+. B08301 lacks disability cross-tab; PUMS required.
15,Hawaii,HI,2024,rel_score_transit,CP,relative,Commute to Work By Public Transit: Relative,6.8,NA,6.8,higher_better,none,1,acs_ready,ACS PUMS: JWTRNS=04-09 (transit modes) DIS=1 AGEP 16+ ESR=1or2 (employed). Denominator = all employed civilians with disability 16+. B08301 lacks disability cross-tab; PUMS required.
16,Idaho,ID,2024,rel_score_transit,CP,relative,Commute to Work By Public Transit: Relative,1.1,NA,1.1,higher_better,none,1,acs_ready,ACS PUMS: JWTRNS=04-09 (transit modes) DIS=1 AGEP 16+ ESR=1or2 (employed). Denominator = all employed civilians with disability 16+. B08301 lacks disability cross-tab; PUMS required.
17,Illinois,IL,2024,rel_score_transit,CP,relative,Commute to Work By Public Transit: Relative,7.1,NA,7.1,higher_better,none,1,acs_ready,ACS PUMS: JWTRNS=04-09 (transit modes) DIS=1 AGEP 16+ ESR=1or2 (employed). Denominator = all employed civilians with disability 16+. B08301 lacks disability cross-tab; PUMS required.
18,Indiana,IN,2024,rel_score_transit,CP,relative,Commute to Work By Public Transit: Relative,1.2,NA,1.2,higher_better,none,1,acs_ready,ACS PUMS: JWTRNS=04-09 (transit modes) DIS=1 AGEP 16+ ESR=1or2 (employed). Denominator = all employed civilians with disability 16+. B08301 lacks disability cross-tab; PUMS required.
19,Iowa,IA,2024,rel_score_transit,CP,relative,Commute to Work By Public Transit: Relative,1.5,NA,1.5,higher_better,none,1,acs_ready,ACS PUMS: JWTRNS=04-09 (transit modes) DIS=1 AGEP 16+ ESR=1or2 (employed). Denominator = all employed civilians with disability 16+. B08301 lacks disability cross-tab; PUMS required.
20,Kansas,KS,2024,rel_score_transit,CP,relative,Commute to Work By Public Transit: Relative,1.3,NA,1.3,higher_better,none,1,acs_ready,ACS PUMS: JWTRNS=04-09 (transit modes) DIS=1 AGEP 16+ ESR=1or2 (employed). Denominator = all employed civilians with disability 16+. B08301 lacks disability cross-tab; PUMS required.
21,Kentucky,KY,2024,rel_score_transit,CP,relative,Commute to Work By Public Transit: Relative,1.2,NA,1.2,higher_better,none,1,acs_ready,ACS PUMS: JWTRNS=04-09 (transit modes) DIS=1 AGEP 16+ ESR=1or2 (employed). Denominator = all employed civilians with disability 16+. B08301 lacks disability cross-tab; PUMS required.
22,Louisiana,LA,2024,rel_score_transit,CP,relative,Commute to Work By Public Transit: Relative,1.5,NA,1.5,higher_better,none,1,acs_ready,ACS PUMS: JWTRNS=04-09 (transit modes) DIS=1 AGEP 16+ ESR=1or2 (employed). Denominator = all employed civilians with disability 16+. B08301 lacks disability cross-tab; PUMS required.
23,Maine,ME,2024,rel_score_transit,CP,relative,Commute to Work By Public Transit: Relative,0.9,NA,0.9,higher_better,none,1,acs_ready,ACS PUMS: JWTRNS=04-09 (transit modes) DIS=1 AGEP 16+ ESR=1or2 (employed). Denominator = all employed civilians with disability 16+. B08301 lacks disability cross-tab; PUMS required.
24,Maryland,MD,2024,rel_score_transit,CP,relative,Commute to Work By Public Transit: Relative,5.3,NA,5.3,higher_better,none,1,acs_ready,ACS PUMS: JWTRNS=04-09 (transit modes) DIS=1 AGEP 16+ ESR=1or2 (employed). Denominator = all employed civilians with disability 16+. B08301 lacks disability cross-tab; PUMS required.
25,Massachusetts,MA,2024,rel_score_transit,CP,relative,Commute to Work By Public Transit: Relative,7,NA,7,higher_better,none,1,acs_ready,ACS PUMS: JWTRNS=04-09 (transit modes) DIS=1 AGEP 16+ ESR=1or2 (employed). Denominator = all employed civilians with disability 16+. B08301 lacks disability cross-tab; PUMS required.
26,Michigan,MI,2024,rel_score_transit,CP,relative,Commute to Work By Public Transit: Relative,2.1,NA,2.1,higher_better,none,1,acs_ready,ACS PUMS: JWTRNS=04-09 (transit modes) DIS=1 AGEP 16+ ESR=1or2 (employed). Denominator = all employed civilians with disability 16+. B08301 lacks disability cross-tab; PUMS required.
27,Minnesota,MN,2024,rel_score_transit,CP,relative,Commute to Work By Public Transit: Relative,4.2,NA,4.2,higher_better,none,1,acs_ready,ACS PUMS: JWTRNS=04-09 (transit modes) DIS=1 AGEP 16+ ESR=1or2 (employed). Denominator = all employed civilians with disability 16+. B08301 lacks disability cross-tab; PUMS required.
28,Mississippi,MS,2024,rel_score_transit,CP,relative,Commute to Work By Public Transit: Relative,0.5,NA,0.5,higher_better,none,1,acs_ready,ACS PUMS: JWTRNS=04-09 (transit modes) DIS=1 AGEP 16+ ESR=1or2 (employed). Denominator = all employed civilians with disability 16+. B08301 lacks disability cross-tab; PUMS required.
29,Missouri,MO,2024,rel_score_transit,CP,relative,Commute to Work By Public Transit: Relative,2,NA,2,higher_better,none,1,acs_ready,ACS PUMS: JWTRNS=04-09 (transit modes) DIS=1 AGEP 16+ ESR=1or2 (employed). Denominator = all employed civilians with disability 16+. B08301 lacks disability cross-tab; PUMS required.
30,Montana,MT,2024,rel_score_transit,CP,relative,Commute to Work By Public Transit: Relative,1.4,NA,1.4,higher_better,none,1,acs_ready,ACS PUMS: JWTRNS=04-09 (transit modes) DIS=1 AGEP 16+ ESR=1or2 (employed). Denominator = all employed civilians with disability 16+. B08301 lacks disability cross-tab; PUMS required.
31,Nebraska,NE,2024,rel_score_transit,CP,relative,Commute to Work By Public Transit: Relative,0.9,NA,0.9,higher_better,none,1,acs_ready,ACS PUMS: JWTRNS=04-09 (transit modes) DIS=1 AGEP 16+ ESR=1or2 (employed). Denominator = all employed civilians with disability 16+. B08301 lacks disability cross-tab; PUMS required.
32,Nevada,NV,2024,rel_score_transit,CP,relative,Commute to Work By Public Transit: Relative,3.7,NA,3.7,higher_better,none,1,acs_ready,ACS PUMS: JWTRNS=04-09 (transit modes) DIS=1 AGEP 16+ ESR=1or2 (employed). Denominator = all employed civilians with disability 16+. B08301 lacks disability cross-tab; PUMS required.
33,New Hampshire,NH,2024,rel_score_transit,CP,relative,Commute to Work By Public Transit: Relative,0.7,NA,0.7,higher_better,none,1,acs_ready,ACS PUMS: JWTRNS=04-09 (transit modes) DIS=1 AGEP 16+ ESR=1or2 (employed). Denominator = all employed civilians with disability 16+. B08301 lacks disability cross-tab; PUMS required.
34,New Jersey,NJ,2024,rel_score_transit,CP,relative,Commute to Work By Public Transit: Relative,7.6,NA,7.6,higher_better,none,1,acs_ready,ACS PUMS: JWTRNS=04-09 (transit modes) DIS=1 AGEP 16+ ESR=1or2 (employed). Denominator = all employed civilians with disability 16+. B08301 lacks disability cross-tab; PUMS required.
35,New Mexico,NM,2024,rel_score_transit,CP,relative,Commute to Work By Public Transit: Relative,0.9,NA,0.9,higher_better,none,1,acs_ready,ACS PUMS: JWTRNS=04-09 (transit modes) DIS=1 AGEP 16+ ESR=1or2 (employed). Denominator = all employed civilians with disability 16+. B08301 lacks disability cross-tab; PUMS required.
36,New York,NY,2024,rel_score_transit,CP,relative,Commute to Work By Public Transit: Relative,21.2,NA,21.2,higher_better,none,1,acs_ready,ACS PUMS: JWTRNS=04-09 (transit modes) DIS=1 AGEP 16+ ESR=1or2 (employed). Denominator = all employed civilians with disability 16+. B08301 lacks disability cross-tab; PUMS required.
37,North Carolina,NC,2024,rel_score_transit,CP,relative,Commute to Work By Public Transit: Relative,1.2,NA,1.2,higher_better,none,1,acs_ready,ACS PUMS: JWTRNS=04-09 (transit modes) DIS=1 AGEP 16+ ESR=1or2 (employed). Denominator = all employed civilians with disability 16+. B08301 lacks disability cross-tab; PUMS required.
38,North Dakota,ND,2024,rel_score_transit,CP,relative,Commute to Work By Public Transit: Relative,1,NA,1,higher_better,none,1,acs_ready,ACS PUMS: JWTRNS=04-09 (transit modes) DIS=1 AGEP 16+ ESR=1or2 (employed). Denominator = all employed civilians with disability 16+. B08301 lacks disability cross-tab; PUMS required.
39,Ohio,OH,2024,rel_score_transit,CP,relative,Commute to Work By Public Transit: Relative,2.6,NA,2.6,higher_better,none,1,acs_ready,ACS PUMS: JWTRNS=04-09 (transit modes) DIS=1 AGEP 16+ ESR=1or2 (employed). Denominator = all employed civilians with disability 16+. B08301 lacks disability cross-tab; PUMS required.
40,Oklahoma,OK,2024,rel_score_transit,CP,relative,Commute to Work By Public Transit: Relative,0.5,NA,0.5,higher_better,none,1,acs_ready,ACS PUMS: JWTRNS=04-09 (transit modes) DIS=1 AGEP 16+ ESR=1or2 (employed). Denominator = all employed civilians with disability 16+. B08301 lacks disability cross-tab; PUMS required.
41,Oregon,OR,2024,rel_score_transit,CP,relative,Commute to Work By Public Transit: Relative,4.5,NA,4.5,higher_better,none,1,acs_ready,ACS PUMS: JWTRNS=04-09 (transit modes) DIS=1 AGEP 16+ ESR=1or2 (employed). Denominator = all employed civilians with disability 16+. B08301 lacks disability cross-tab; PUMS required.
42,Pennsylvania,PA,2024,rel_score_transit,CP,relative,Commute to Work By Public Transit: Relative,5.5,NA,5.5,higher_better,none,1,acs_ready,ACS PUMS: JWTRNS=04-09 (transit modes) DIS=1 AGEP 16+ ESR=1or2 (employed). Denominator = all employed civilians with disability 16+. B08301 lacks disability cross-tab; PUMS required.
44,Rhode Island,RI,2024,rel_score_transit,CP,relative,Commute to Work By Public Transit: Relative,3.4,NA,3.4,higher_better,none,1,acs_ready,ACS PUMS: JWTRNS=04-09 (transit modes) DIS=1 AGEP 16+ ESR=1or2 (employed). Denominator = all employed civilians with disability 16+. B08301 lacks disability cross-tab; PUMS required.
45,South Carolina,SC,2024,rel_score_transit,CP,relative,Commute to Work By Public Transit: Relative,0.6,NA,0.6,higher_better,none,1,acs_ready,ACS PUMS: JWTRNS=04-09 (transit modes) DIS=1 AGEP 16+ ESR=1or2 (employed). Denominator = all employed civilians with disability 16+. B08301 lacks disability cross-tab; PUMS required.
46,South Dakota,SD,2024,rel_score_transit,CP,relative,Commute to Work By Public Transit: Relative,2.1,NA,2.1,higher_better,none,1,acs_ready,ACS PUMS: JWTRNS=04-09 (transit modes) DIS=1 AGEP 16+ ESR=1or2 (employed). Denominator = all employed civilians with disability 16+. B08301 lacks disability cross-tab; PUMS required.
47,Tennessee,TN,2024,rel_score_transit,CP,relative,Commute to Work By Public Transit: Relative,0.9,NA,0.9,higher_better,none,1,acs_ready,ACS PUMS: JWTRNS=04-09 (transit modes) DIS=1 AGEP 16+ ESR=1or2 (employed). Denominator = all employed civilians with disability 16+. B08301 lacks disability cross-tab; PUMS required.
48,Texas,TX,2024,rel_score_transit,CP,relative,Commute to Work By Public Transit: Relative,1.5,NA,1.5,higher_better,none,1,acs_ready,ACS PUMS: JWTRNS=04-09 (transit modes) DIS=1 AGEP 16+ ESR=1or2 (employed). Denominator = all employed civilians with disability 16+. B08301 lacks disability cross-tab; PUMS required.
49,Utah,UT,2024,rel_score_transit,CP,relative,Commute to Work By Public Transit: Relative,2.8,NA,2.8,higher_better,none,1,acs_ready,ACS PUMS: JWTRNS=04-09 (transit modes) DIS=1 AGEP 16+ ESR=1or2 (employed). Denominator = all employed civilians with disability 16+. B08301 lacks disability cross-tab; PUMS required.
50,Vermont,VT,2024,rel_score_transit,CP,relative,Commute to Work By Public Transit: Relative,1.7,NA,1.7,higher_better,none,1,acs_ready,ACS PUMS: JWTRNS=04-09 (transit modes) DIS=1 AGEP 16+ ESR=1or2 (employed). Denominator = all employed civilians with disability 16+. B08301 lacks disability cross-tab; PUMS required.
51,Virginia,VA,2024,rel_score_transit,CP,relative,Commute to Work By Public Transit: Relative,2.4,NA,2.4,higher_better,none,1,acs_ready,ACS PUMS: JWTRNS=04-09 (transit modes) DIS=1 AGEP 16+ ESR=1or2 (employed). Denominator = all employed civilians with disability 16+. B08301 lacks disability cross-tab; PUMS required.
53,Washington,WA,2024,rel_score_transit,CP,relative,Commute to Work By Public Transit: Relative,5.3,NA,5.3,higher_better,none,1,acs_ready,ACS PUMS: JWTRNS=04-09 (transit modes) DIS=1 AGEP 16+ ESR=1or2 (employed). Denominator = all employed civilians with disability 16+. B08301 lacks disability cross-tab; PUMS required.
54,West Virginia,WV,2024,rel_score_transit,CP,relative,Commute to Work By Public Transit: Relative,1.5,NA,1.5,higher_better,none,1,acs_ready,ACS PUMS: JWTRNS=04-09 (transit modes) DIS=1 AGEP 16+ ESR=1or2 (employed). Denominator = all employed civilians with disability 16+. B08301 lacks disability cross-tab; PUMS required.
55,Wisconsin,WI,2024,rel_score_transit,CP,relative,Commute to Work By Public Transit: Relative,2.9,NA,2.9,higher_better,none,1,acs_ready,ACS PUMS: JWTRNS=04-09 (transit modes) DIS=1 AGEP 16+ ESR=1or2 (employed). Denominator = all employed civilians with disability 16+. B08301 lacks disability cross-tab; PUMS required.
56,Wyoming,WY,2024,rel_score_transit,CP,relative,Commute to Work By Public Transit: Relative,1.5,NA,1.5,higher_better,none,1,acs_ready,ACS PUMS: JWTRNS=04-09 (transit modes) DIS=1 AGEP 16+ ESR=1or2 (employed). Denominator = all employed civilians with disability 16+. B08301 lacks disability cross-tab; PUMS required.
72,Puerto Rico,PR,2024,rel_score_transit,CP,relative,Commute to Work By Public Transit: Relative,1.2,NA,1.2,higher_better,none,1,acs_ready,ACS PUMS: JWTRNS=04-09 (transit modes) DIS=1 AGEP 16+ ESR=1or2 (employed). Denominator = all employed civilians with disability 16+. B08301 lacks disability cross-tab; PUMS required.
000,United States,USA,2024,eq_score_transit,CP,equity,Commute to Work By Public Transit: Equity,3.8,3.2,-0.5999999999999996,lower_better,none,1,acs_ready,NA
01,Alabama,AL,2024,eq_score_transit,CP,equity,Commute to Work By Public Transit: Equity,0.4,0.3,-0.10000000000000003,lower_better,none,1,acs_ready,NA
02,Alaska,AK,2024,eq_score_transit,CP,equity,Commute to Work By Public Transit: Equity,1.7,0.9,-0.7999999999999999,lower_better,none,1,acs_ready,NA
04,Arizona,AZ,2024,eq_score_transit,CP,equity,Commute to Work By Public Transit: Equity,1.7,1,-0.7,lower_better,none,1,acs_ready,NA
05,Arkansas,AR,2024,eq_score_transit,CP,equity,Commute to Work By Public Transit: Equity,0.5,0.2,-0.3,lower_better,none,1,acs_ready,NA
06,California,CA,2024,eq_score_transit,CP,equity,Commute to Work By Public Transit: Equity,4.2,2.8,-1.4000000000000004,lower_better,none,1,acs_ready,NA
08,Colorado,CO,2024,eq_score_transit,CP,equity,Commute to Work By Public Transit: Equity,2.8,1.6,-1.1999999999999997,lower_better,none,1,acs_ready,NA
09,Connecticut,CT,2024,eq_score_transit,CP,equity,Commute to Work By Public Transit: Equity,4.6,3.2,-1.3999999999999995,lower_better,none,1,acs_ready,NA
10,Delaware,DE,2024,eq_score_transit,CP,equity,Commute to Work By Public Transit: Equity,2.6,1.8,-0.8,lower_better,none,1,acs_ready,NA
11,District of Columbia,DC,2024,eq_score_transit,CP,equity,Commute to Work By Public Transit: Equity,27.4,19.9,-7.5,lower_better,none,1,acs_ready,NA
12,Florida,FL,2024,eq_score_transit,CP,equity,Commute to Work By Public Transit: Equity,1.7,1.2,-0.5,lower_better,none,1,acs_ready,NA
13,Georgia,GA,2024,eq_score_transit,CP,equity,Commute to Work By Public Transit: Equity,1.5,1.1,-0.3999999999999999,lower_better,none,1,acs_ready,NA
15,Hawaii,HI,2024,eq_score_transit,CP,equity,Commute to Work By Public Transit: Equity,6.8,3.9,-2.9,lower_better,none,1,acs_ready,NA
16,Idaho,ID,2024,eq_score_transit,CP,equity,Commute to Work By Public Transit: Equity,1.1,0.5,-0.6000000000000001,lower_better,none,1,acs_ready,NA
17,Illinois,IL,2024,eq_score_transit,CP,equity,Commute to Work By Public Transit: Equity,7.1,5.8,-1.2999999999999998,lower_better,none,1,acs_ready,NA
18,Indiana,IN,2024,eq_score_transit,CP,equity,Commute to Work By Public Transit: Equity,1.2,0.6,-0.6,lower_better,none,1,acs_ready,NA
19,Iowa,IA,2024,eq_score_transit,CP,equity,Commute to Work By Public Transit: Equity,1.5,0.6,-0.9,lower_better,none,1,acs_ready,NA
20,Kansas,KS,2024,eq_score_transit,CP,equity,Commute to Work By Public Transit: Equity,1.3,0.3,-1,lower_better,none,1,acs_ready,NA
21,Kentucky,KY,2024,eq_score_transit,CP,equity,Commute to Work By Public Transit: Equity,1.2,0.6,-0.6,lower_better,none,1,acs_ready,NA
22,Louisiana,LA,2024,eq_score_transit,CP,equity,Commute to Work By Public Transit: Equity,1.5,0.8,-0.7,lower_better,none,1,acs_ready,NA
23,Maine,ME,2024,eq_score_transit,CP,equity,Commute to Work By Public Transit: Equity,0.9,0.4,-0.5,lower_better,none,1,acs_ready,NA
24,Maryland,MD,2024,eq_score_transit,CP,equity,Commute to Work By Public Transit: Equity,5.3,4.2,-1.0999999999999996,lower_better,none,1,acs_ready,NA
25,Massachusetts,MA,2024,eq_score_transit,CP,equity,Commute to Work By Public Transit: Equity,7,6.5,-0.5,lower_better,none,1,acs_ready,NA
26,Michigan,MI,2024,eq_score_transit,CP,equity,Commute to Work By Public Transit: Equity,2.1,0.9,-1.2000000000000002,lower_better,none,1,acs_ready,NA
27,Minnesota,MN,2024,eq_score_transit,CP,equity,Commute to Work By Public Transit: Equity,4.2,1.6,-2.6,lower_better,none,1,acs_ready,NA
28,Mississippi,MS,2024,eq_score_transit,CP,equity,Commute to Work By Public Transit: Equity,0.5,0.2,-0.3,lower_better,none,1,acs_ready,NA
29,Missouri,MO,2024,eq_score_transit,CP,equity,Commute to Work By Public Transit: Equity,2,0.7,-1.3,lower_better,none,1,acs_ready,NA
30,Montana,MT,2024,eq_score_transit,CP,equity,Commute to Work By Public Transit: Equity,1.4,0.6,-0.7999999999999999,lower_better,none,1,acs_ready,NA
31,Nebraska,NE,2024,eq_score_transit,CP,equity,Commute to Work By Public Transit: Equity,0.9,0.4,-0.5,lower_better,none,1,acs_ready,NA
32,Nevada,NV,2024,eq_score_transit,CP,equity,Commute to Work By Public Transit: Equity,3.7,2.1,-1.6,lower_better,none,1,acs_ready,NA
33,New Hampshire,NH,2024,eq_score_transit,CP,equity,Commute to Work By Public Transit: Equity,0.7,0.5,-0.19999999999999996,lower_better,none,1,acs_ready,NA
34,New Jersey,NJ,2024,eq_score_transit,CP,equity,Commute to Work By Public Transit: Equity,7.6,8.2,0.5999999999999996,lower_better,none,1,acs_ready,NA
35,New Mexico,NM,2024,eq_score_transit,CP,equity,Commute to Work By Public Transit: Equity,0.9,0.5,-0.4,lower_better,none,1,acs_ready,NA
36,New York,NY,2024,eq_score_transit,CP,equity,Commute to Work By Public Transit: Equity,21.2,21.7,0.5,lower_better,none,1,acs_ready,NA
37,North Carolina,NC,2024,eq_score_transit,CP,equity,Commute to Work By Public Transit: Equity,1.2,0.6,-0.6,lower_better,none,1,acs_ready,NA
38,North Dakota,ND,2024,eq_score_transit,CP,equity,Commute to Work By Public Transit: Equity,1,0.3,-0.7,lower_better,none,1,acs_ready,NA
39,Ohio,OH,2024,eq_score_transit,CP,equity,Commute to Work By Public Transit: Equity,2.6,0.9,-1.7000000000000002,lower_better,none,1,acs_ready,NA
40,Oklahoma,OK,2024,eq_score_transit,CP,equity,Commute to Work By Public Transit: Equity,0.5,0.2,-0.3,lower_better,none,1,acs_ready,NA
41,Oregon,OR,2024,eq_score_transit,CP,equity,Commute to Work By Public Transit: Equity,4.5,2,-2.5,lower_better,none,1,acs_ready,NA
42,Pennsylvania,PA,2024,eq_score_transit,CP,equity,Commute to Work By Public Transit: Equity,5.5,3.4,-2.1,lower_better,none,1,acs_ready,NA
44,Rhode Island,RI,2024,eq_score_transit,CP,equity,Commute to Work By Public Transit: Equity,3.4,1.6,-1.7999999999999998,lower_better,none,1,acs_ready,NA
45,South Carolina,SC,2024,eq_score_transit,CP,equity,Commute to Work By Public Transit: Equity,0.6,0.3,-0.3,lower_better,none,1,acs_ready,NA
46,South Dakota,SD,2024,eq_score_transit,CP,equity,Commute to Work By Public Transit: Equity,2.1,0.4,-1.7000000000000002,lower_better,none,1,acs_ready,NA
47,Tennessee,TN,2024,eq_score_transit,CP,equity,Commute to Work By Public Transit: Equity,0.9,0.4,-0.5,lower_better,none,1,acs_ready,NA
48,Texas,TX,2024,eq_score_transit,CP,equity,Commute to Work By Public Transit: Equity,1.5,0.8,-0.7,lower_better,none,1,acs_ready,NA
49,Utah,UT,2024,eq_score_transit,CP,equity,Commute to Work By Public Transit: Equity,2.8,1.5,-1.2999999999999998,lower_better,none,1,acs_ready,NA
50,Vermont,VT,2024,eq_score_transit,CP,equity,Commute to Work By Public Transit: Equity,1.7,0.7,-1,lower_better,none,1,acs_ready,NA
51,Virginia,VA,2024,eq_score_transit,CP,equity,Commute to Work By Public Transit: Equity,2.4,2.3,-0.10000000000000009,lower_better,none,1,acs_ready,NA
53,Washington,WA,2024,eq_score_transit,CP,equity,Commute to Work By Public Transit: Equity,5.3,3.3,-2,lower_better,none,1,acs_ready,NA
54,West Virginia,WV,2024,eq_score_transit,CP,equity,Commute to Work By Public Transit: Equity,1.5,0.4,-1.1,lower_better,none,1,acs_ready,NA
55,Wisconsin,WI,2024,eq_score_transit,CP,equity,Commute to Work By Public Transit: Equity,2.9,1,-1.9,lower_better,none,1,acs_ready,NA
56,Wyoming,WY,2024,eq_score_transit,CP,equity,Commute to Work By Public Transit: Equity,1.5,0.9,-0.6,lower_better,none,1,acs_ready,NA
72,Puerto Rico,PR,2024,eq_score_transit,CP,equity,Commute to Work By Public Transit: Equity,1.2,0.9,-0.29999999999999993,lower_better,none,1,acs_ready,NA
000,United States,USA,2024,rel_score_drivealone,CP,relative,Commute to Work By Driving Alone: Relative,65.4,NA,65.4,lower_better,none,1,acs_ready,ACS PUMS: JWTRNS=01 (drove alone) DIS=1 AGEP 16+ ESR=1or2. Higher driving alone = negative (lacks transit access).
01,Alabama,AL,2024,rel_score_drivealone,CP,relative,Commute to Work By Driving Alone: Relative,77.3,NA,77.3,lower_better,none,1,acs_ready,ACS PUMS: JWTRNS=01 (drove alone) DIS=1 AGEP 16+ ESR=1or2. Higher driving alone = negative (lacks transit access).
02,Alaska,AK,2024,rel_score_drivealone,CP,relative,Commute to Work By Driving Alone: Relative,61,NA,61,lower_better,none,1,acs_ready,ACS PUMS: JWTRNS=01 (drove alone) DIS=1 AGEP 16+ ESR=1or2. Higher driving alone = negative (lacks transit access).
04,Arizona,AZ,2024,rel_score_drivealone,CP,relative,Commute to Work By Driving Alone: Relative,61,NA,61,lower_better,none,1,acs_ready,ACS PUMS: JWTRNS=01 (drove alone) DIS=1 AGEP 16+ ESR=1or2. Higher driving alone = negative (lacks transit access).
05,Arkansas,AR,2024,rel_score_drivealone,CP,relative,Commute to Work By Driving Alone: Relative,75,NA,75,lower_better,none,1,acs_ready,ACS PUMS: JWTRNS=01 (drove alone) DIS=1 AGEP 16+ ESR=1or2. Higher driving alone = negative (lacks transit access).
06,California,CA,2024,rel_score_drivealone,CP,relative,Commute to Work By Driving Alone: Relative,61,NA,61,lower_better,none,1,acs_ready,ACS PUMS: JWTRNS=01 (drove alone) DIS=1 AGEP 16+ ESR=1or2. Higher driving alone = negative (lacks transit access).
08,Colorado,CO,2024,rel_score_drivealone,CP,relative,Commute to Work By Driving Alone: Relative,62.6,NA,62.6,lower_better,none,1,acs_ready,ACS PUMS: JWTRNS=01 (drove alone) DIS=1 AGEP 16+ ESR=1or2. Higher driving alone = negative (lacks transit access).
09,Connecticut,CT,2024,rel_score_drivealone,CP,relative,Commute to Work By Driving Alone: Relative,64.2,NA,64.2,lower_better,none,1,acs_ready,ACS PUMS: JWTRNS=01 (drove alone) DIS=1 AGEP 16+ ESR=1or2. Higher driving alone = negative (lacks transit access).
10,Delaware,DE,2024,rel_score_drivealone,CP,relative,Commute to Work By Driving Alone: Relative,68.3,NA,68.3,lower_better,none,1,acs_ready,ACS PUMS: JWTRNS=01 (drove alone) DIS=1 AGEP 16+ ESR=1or2. Higher driving alone = negative (lacks transit access).
11,District of Columbia,DC,2024,rel_score_drivealone,CP,relative,Commute to Work By Driving Alone: Relative,27.2,NA,27.2,lower_better,none,1,acs_ready,ACS PUMS: JWTRNS=01 (drove alone) DIS=1 AGEP 16+ ESR=1or2. Higher driving alone = negative (lacks transit access).
12,Florida,FL,2024,rel_score_drivealone,CP,relative,Commute to Work By Driving Alone: Relative,66.2,NA,66.2,lower_better,none,1,acs_ready,ACS PUMS: JWTRNS=01 (drove alone) DIS=1 AGEP 16+ ESR=1or2. Higher driving alone = negative (lacks transit access).
13,Georgia,GA,2024,rel_score_drivealone,CP,relative,Commute to Work By Driving Alone: Relative,68.3,NA,68.3,lower_better,none,1,acs_ready,ACS PUMS: JWTRNS=01 (drove alone) DIS=1 AGEP 16+ ESR=1or2. Higher driving alone = negative (lacks transit access).
15,Hawaii,HI,2024,rel_score_drivealone,CP,relative,Commute to Work By Driving Alone: Relative,60.2,NA,60.2,lower_better,none,1,acs_ready,ACS PUMS: JWTRNS=01 (drove alone) DIS=1 AGEP 16+ ESR=1or2. Higher driving alone = negative (lacks transit access).
16,Idaho,ID,2024,rel_score_drivealone,CP,relative,Commute to Work By Driving Alone: Relative,69.3,NA,69.3,lower_better,none,1,acs_ready,ACS PUMS: JWTRNS=01 (drove alone) DIS=1 AGEP 16+ ESR=1or2. Higher driving alone = negative (lacks transit access).
17,Illinois,IL,2024,rel_score_drivealone,CP,relative,Commute to Work By Driving Alone: Relative,62.3,NA,62.3,lower_better,none,1,acs_ready,ACS PUMS: JWTRNS=01 (drove alone) DIS=1 AGEP 16+ ESR=1or2. Higher driving alone = negative (lacks transit access).
18,Indiana,IN,2024,rel_score_drivealone,CP,relative,Commute to Work By Driving Alone: Relative,72.1,NA,72.1,lower_better,none,1,acs_ready,ACS PUMS: JWTRNS=01 (drove alone) DIS=1 AGEP 16+ ESR=1or2. Higher driving alone = negative (lacks transit access).
19,Iowa,IA,2024,rel_score_drivealone,CP,relative,Commute to Work By Driving Alone: Relative,69.6,NA,69.6,lower_better,none,1,acs_ready,ACS PUMS: JWTRNS=01 (drove alone) DIS=1 AGEP 16+ ESR=1or2. Higher driving alone = negative (lacks transit access).
20,Kansas,KS,2024,rel_score_drivealone,CP,relative,Commute to Work By Driving Alone: Relative,68.9,NA,68.9,lower_better,none,1,acs_ready,ACS PUMS: JWTRNS=01 (drove alone) DIS=1 AGEP 16+ ESR=1or2. Higher driving alone = negative (lacks transit access).
21,Kentucky,KY,2024,rel_score_drivealone,CP,relative,Commute to Work By Driving Alone: Relative,71.5,NA,71.5,lower_better,none,1,acs_ready,ACS PUMS: JWTRNS=01 (drove alone) DIS=1 AGEP 16+ ESR=1or2. Higher driving alone = negative (lacks transit access).
22,Louisiana,LA,2024,rel_score_drivealone,CP,relative,Commute to Work By Driving Alone: Relative,73.2,NA,73.2,lower_better,none,1,acs_ready,ACS PUMS: JWTRNS=01 (drove alone) DIS=1 AGEP 16+ ESR=1or2. Higher driving alone = negative (lacks transit access).
23,Maine,ME,2024,rel_score_drivealone,CP,relative,Commute to Work By Driving Alone: Relative,66.3,NA,66.3,lower_better,none,1,acs_ready,ACS PUMS: JWTRNS=01 (drove alone) DIS=1 AGEP 16+ ESR=1or2. Higher driving alone = negative (lacks transit access).
24,Maryland,MD,2024,rel_score_drivealone,CP,relative,Commute to Work By Driving Alone: Relative,60.6,NA,60.6,lower_better,none,1,acs_ready,ACS PUMS: JWTRNS=01 (drove alone) DIS=1 AGEP 16+ ESR=1or2. Higher driving alone = negative (lacks transit access).
25,Massachusetts,MA,2024,rel_score_drivealone,CP,relative,Commute to Work By Driving Alone: Relative,57,NA,57,lower_better,none,1,acs_ready,ACS PUMS: JWTRNS=01 (drove alone) DIS=1 AGEP 16+ ESR=1or2. Higher driving alone = negative (lacks transit access).
26,Michigan,MI,2024,rel_score_drivealone,CP,relative,Commute to Work By Driving Alone: Relative,68.8,NA,68.8,lower_better,none,1,acs_ready,ACS PUMS: JWTRNS=01 (drove alone) DIS=1 AGEP 16+ ESR=1or2. Higher driving alone = negative (lacks transit access).
27,Minnesota,MN,2024,rel_score_drivealone,CP,relative,Commute to Work By Driving Alone: Relative,63,NA,63,lower_better,none,1,acs_ready,ACS PUMS: JWTRNS=01 (drove alone) DIS=1 AGEP 16+ ESR=1or2. Higher driving alone = negative (lacks transit access).
28,Mississippi,MS,2024,rel_score_drivealone,CP,relative,Commute to Work By Driving Alone: Relative,78,NA,78,lower_better,none,1,acs_ready,ACS PUMS: JWTRNS=01 (drove alone) DIS=1 AGEP 16+ ESR=1or2. Higher driving alone = negative (lacks transit access).
29,Missouri,MO,2024,rel_score_drivealone,CP,relative,Commute to Work By Driving Alone: Relative,69.2,NA,69.2,lower_better,none,1,acs_ready,ACS PUMS: JWTRNS=01 (drove alone) DIS=1 AGEP 16+ ESR=1or2. Higher driving alone = negative (lacks transit access).
30,Montana,MT,2024,rel_score_drivealone,CP,relative,Commute to Work By Driving Alone: Relative,67,NA,67,lower_better,none,1,acs_ready,ACS PUMS: JWTRNS=01 (drove alone) DIS=1 AGEP 16+ ESR=1or2. Higher driving alone = negative (lacks transit access).
31,Nebraska,NE,2024,rel_score_drivealone,CP,relative,Commute to Work By Driving Alone: Relative,69.8,NA,69.8,lower_better,none,1,acs_ready,ACS PUMS: JWTRNS=01 (drove alone) DIS=1 AGEP 16+ ESR=1or2. Higher driving alone = negative (lacks transit access).
32,Nevada,NV,2024,rel_score_drivealone,CP,relative,Commute to Work By Driving Alone: Relative,64.9,NA,64.9,lower_better,none,1,acs_ready,ACS PUMS: JWTRNS=01 (drove alone) DIS=1 AGEP 16+ ESR=1or2. Higher driving alone = negative (lacks transit access).
33,New Hampshire,NH,2024,rel_score_drivealone,CP,relative,Commute to Work By Driving Alone: Relative,66.7,NA,66.7,lower_better,none,1,acs_ready,ACS PUMS: JWTRNS=01 (drove alone) DIS=1 AGEP 16+ ESR=1or2. Higher driving alone = negative (lacks transit access).
34,New Jersey,NJ,2024,rel_score_drivealone,CP,relative,Commute to Work By Driving Alone: Relative,61.7,NA,61.7,lower_better,none,1,acs_ready,ACS PUMS: JWTRNS=01 (drove alone) DIS=1 AGEP 16+ ESR=1or2. Higher driving alone = negative (lacks transit access).
35,New Mexico,NM,2024,rel_score_drivealone,CP,relative,Commute to Work By Driving Alone: Relative,68.5,NA,68.5,lower_better,none,1,acs_ready,ACS PUMS: JWTRNS=01 (drove alone) DIS=1 AGEP 16+ ESR=1or2. Higher driving alone = negative (lacks transit access).
36,New York,NY,2024,rel_score_drivealone,CP,relative,Commute to Work By Driving Alone: Relative,46.4,NA,46.4,lower_better,none,1,acs_ready,ACS PUMS: JWTRNS=01 (drove alone) DIS=1 AGEP 16+ ESR=1or2. Higher driving alone = negative (lacks transit access).
37,North Carolina,NC,2024,rel_score_drivealone,CP,relative,Commute to Work By Driving Alone: Relative,70,NA,70,lower_better,none,1,acs_ready,ACS PUMS: JWTRNS=01 (drove alone) DIS=1 AGEP 16+ ESR=1or2. Higher driving alone = negative (lacks transit access).
38,North Dakota,ND,2024,rel_score_drivealone,CP,relative,Commute to Work By Driving Alone: Relative,73.2,NA,73.2,lower_better,none,1,acs_ready,ACS PUMS: JWTRNS=01 (drove alone) DIS=1 AGEP 16+ ESR=1or2. Higher driving alone = negative (lacks transit access).
39,Ohio,OH,2024,rel_score_drivealone,CP,relative,Commute to Work By Driving Alone: Relative,69.3,NA,69.3,lower_better,none,1,acs_ready,ACS PUMS: JWTRNS=01 (drove alone) DIS=1 AGEP 16+ ESR=1or2. Higher driving alone = negative (lacks transit access).
40,Oklahoma,OK,2024,rel_score_drivealone,CP,relative,Commute to Work By Driving Alone: Relative,72.7,NA,72.7,lower_better,none,1,acs_ready,ACS PUMS: JWTRNS=01 (drove alone) DIS=1 AGEP 16+ ESR=1or2. Higher driving alone = negative (lacks transit access).
41,Oregon,OR,2024,rel_score_drivealone,CP,relative,Commute to Work By Driving Alone: Relative,59.9,NA,59.9,lower_better,none,1,acs_ready,ACS PUMS: JWTRNS=01 (drove alone) DIS=1 AGEP 16+ ESR=1or2. Higher driving alone = negative (lacks transit access).
42,Pennsylvania,PA,2024,rel_score_drivealone,CP,relative,Commute to Work By Driving Alone: Relative,63.1,NA,63.1,lower_better,none,1,acs_ready,ACS PUMS: JWTRNS=01 (drove alone) DIS=1 AGEP 16+ ESR=1or2. Higher driving alone = negative (lacks transit access).
44,Rhode Island,RI,2024,rel_score_drivealone,CP,relative,Commute to Work By Driving Alone: Relative,69.1,NA,69.1,lower_better,none,1,acs_ready,ACS PUMS: JWTRNS=01 (drove alone) DIS=1 AGEP 16+ ESR=1or2. Higher driving alone = negative (lacks transit access).
45,South Carolina,SC,2024,rel_score_drivealone,CP,relative,Commute to Work By Driving Alone: Relative,73.3,NA,73.3,lower_better,none,1,acs_ready,ACS PUMS: JWTRNS=01 (drove alone) DIS=1 AGEP 16+ ESR=1or2. Higher driving alone = negative (lacks transit access).
46,South Dakota,SD,2024,rel_score_drivealone,CP,relative,Commute to Work By Driving Alone: Relative,70.8,NA,70.8,lower_better,none,1,acs_ready,ACS PUMS: JWTRNS=01 (drove alone) DIS=1 AGEP 16+ ESR=1or2. Higher driving alone = negative (lacks transit access).
47,Tennessee,TN,2024,rel_score_drivealone,CP,relative,Commute to Work By Driving Alone: Relative,72.5,NA,72.5,lower_better,none,1,acs_ready,ACS PUMS: JWTRNS=01 (drove alone) DIS=1 AGEP 16+ ESR=1or2. Higher driving alone = negative (lacks transit access).
48,Texas,TX,2024,rel_score_drivealone,CP,relative,Commute to Work By Driving Alone: Relative,67.8,NA,67.8,lower_better,none,1,acs_ready,ACS PUMS: JWTRNS=01 (drove alone) DIS=1 AGEP 16+ ESR=1or2. Higher driving alone = negative (lacks transit access).
49,Utah,UT,2024,rel_score_drivealone,CP,relative,Commute to Work By Driving Alone: Relative,62.4,NA,62.4,lower_better,none,1,acs_ready,ACS PUMS: JWTRNS=01 (drove alone) DIS=1 AGEP 16+ ESR=1or2. Higher driving alone = negative (lacks transit access).
50,Vermont,VT,2024,rel_score_drivealone,CP,relative,Commute to Work By Driving Alone: Relative,62.2,NA,62.2,lower_better,none,1,acs_ready,ACS PUMS: JWTRNS=01 (drove alone) DIS=1 AGEP 16+ ESR=1or2. Higher driving alone = negative (lacks transit access).
51,Virginia,VA,2024,rel_score_drivealone,CP,relative,Commute to Work By Driving Alone: Relative,65.4,NA,65.4,lower_better,none,1,acs_ready,ACS PUMS: JWTRNS=01 (drove alone) DIS=1 AGEP 16+ ESR=1or2. Higher driving alone = negative (lacks transit access).
53,Washington,WA,2024,rel_score_drivealone,CP,relative,Commute to Work By Driving Alone: Relative,60.5,NA,60.5,lower_better,none,1,acs_ready,ACS PUMS: JWTRNS=01 (drove alone) DIS=1 AGEP 16+ ESR=1or2. Higher driving alone = negative (lacks transit access).
54,West Virginia,WV,2024,rel_score_drivealone,CP,relative,Commute to Work By Driving Alone: Relative,71.3,NA,71.3,lower_better,none,1,acs_ready,ACS PUMS: JWTRNS=01 (drove alone) DIS=1 AGEP 16+ ESR=1or2. Higher driving alone = negative (lacks transit access).
55,Wisconsin,WI,2024,rel_score_drivealone,CP,relative,Commute to Work By Driving Alone: Relative,67.6,NA,67.6,lower_better,none,1,acs_ready,ACS PUMS: JWTRNS=01 (drove alone) DIS=1 AGEP 16+ ESR=1or2. Higher driving alone = negative (lacks transit access).
56,Wyoming,WY,2024,rel_score_drivealone,CP,relative,Commute to Work By Driving Alone: Relative,70.8,NA,70.8,lower_better,none,1,acs_ready,ACS PUMS: JWTRNS=01 (drove alone) DIS=1 AGEP 16+ ESR=1or2. Higher driving alone = negative (lacks transit access).
72,Puerto Rico,PR,2024,rel_score_drivealone,CP,relative,Commute to Work By Driving Alone: Relative,78.3,NA,78.3,lower_better,none,1,acs_ready,ACS PUMS: JWTRNS=01 (drove alone) DIS=1 AGEP 16+ ESR=1or2. Higher driving alone = negative (lacks transit access).
000,United States,USA,2024,eq_score_drivealone,CP,equity,Commute to Work By Driving Alone: Equity,65.4,69,3.5999999999999943,lower_better,none,1,acs_ready,NA
01,Alabama,AL,2024,eq_score_drivealone,CP,equity,Commute to Work By Driving Alone: Equity,77.3,80.8,3.5,lower_better,none,1,acs_ready,NA
02,Alaska,AK,2024,eq_score_drivealone,CP,equity,Commute to Work By Driving Alone: Equity,61,64.7,3.700000000000003,lower_better,none,1,acs_ready,NA
04,Arizona,AZ,2024,eq_score_drivealone,CP,equity,Commute to Work By Driving Alone: Equity,61,67.2,6.200000000000003,lower_better,none,1,acs_ready,NA
05,Arkansas,AR,2024,eq_score_drivealone,CP,equity,Commute to Work By Driving Alone: Equity,75,79.2,4.200000000000003,lower_better,none,1,acs_ready,NA
06,California,CA,2024,eq_score_drivealone,CP,equity,Commute to Work By Driving Alone: Equity,61,66,5,lower_better,none,1,acs_ready,NA
08,Colorado,CO,2024,eq_score_drivealone,CP,equity,Commute to Work By Driving Alone: Equity,62.6,65.2,2.6000000000000014,lower_better,none,1,acs_ready,NA
09,Connecticut,CT,2024,eq_score_drivealone,CP,equity,Commute to Work By Driving Alone: Equity,64.2,69,4.799999999999997,lower_better,none,1,acs_ready,NA
10,Delaware,DE,2024,eq_score_drivealone,CP,equity,Commute to Work By Driving Alone: Equity,68.3,71.8,3.5,lower_better,none,1,acs_ready,NA
11,District of Columbia,DC,2024,eq_score_drivealone,CP,equity,Commute to Work By Driving Alone: Equity,27.2,27.1,-0.09999999999999787,lower_better,none,1,acs_ready,NA
12,Florida,FL,2024,eq_score_drivealone,CP,equity,Commute to Work By Driving Alone: Equity,66.2,70.4,4.200000000000003,lower_better,none,1,acs_ready,NA
13,Georgia,GA,2024,eq_score_drivealone,CP,equity,Commute to Work By Driving Alone: Equity,68.3,71,2.700000000000003,lower_better,none,1,acs_ready,NA
15,Hawaii,HI,2024,eq_score_drivealone,CP,equity,Commute to Work By Driving Alone: Equity,60.2,65.1,4.8999999999999915,lower_better,none,1,acs_ready,NA
16,Idaho,ID,2024,eq_score_drivealone,CP,equity,Commute to Work By Driving Alone: Equity,69.3,72.9,3.6000000000000085,lower_better,none,1,acs_ready,NA
17,Illinois,IL,2024,eq_score_drivealone,CP,equity,Commute to Work By Driving Alone: Equity,62.3,66.1,3.799999999999997,lower_better,none,1,acs_ready,NA
18,Indiana,IN,2024,eq_score_drivealone,CP,equity,Commute to Work By Driving Alone: Equity,72.1,76.6,4.5,lower_better,none,1,acs_ready,NA
19,Iowa,IA,2024,eq_score_drivealone,CP,equity,Commute to Work By Driving Alone: Equity,69.6,76.5,6.900000000000006,lower_better,none,1,acs_ready,NA
20,Kansas,KS,2024,eq_score_drivealone,CP,equity,Commute to Work By Driving Alone: Equity,68.9,76,7.099999999999994,lower_better,none,1,acs_ready,NA
21,Kentucky,KY,2024,eq_score_drivealone,CP,equity,Commute to Work By Driving Alone: Equity,71.5,77.1,5.599999999999994,lower_better,none,1,acs_ready,NA
22,Louisiana,LA,2024,eq_score_drivealone,CP,equity,Commute to Work By Driving Alone: Equity,73.2,79.1,5.8999999999999915,lower_better,none,1,acs_ready,NA
23,Maine,ME,2024,eq_score_drivealone,CP,equity,Commute to Work By Driving Alone: Equity,66.3,71.2,4.900000000000006,lower_better,none,1,acs_ready,NA
24,Maryland,MD,2024,eq_score_drivealone,CP,equity,Commute to Work By Driving Alone: Equity,60.6,64.9,4.300000000000004,lower_better,none,1,acs_ready,NA
25,Massachusetts,MA,2024,eq_score_drivealone,CP,equity,Commute to Work By Driving Alone: Equity,57,61.4,4.399999999999999,lower_better,none,1,acs_ready,NA
26,Michigan,MI,2024,eq_score_drivealone,CP,equity,Commute to Work By Driving Alone: Equity,68.8,74.7,5.900000000000006,lower_better,none,1,acs_ready,NA
27,Minnesota,MN,2024,eq_score_drivealone,CP,equity,Commute to Work By Driving Alone: Equity,63,69.3,6.299999999999997,lower_better,none,1,acs_ready,NA
28,Mississippi,MS,2024,eq_score_drivealone,CP,equity,Commute to Work By Driving Alone: Equity,78,82.4,4.400000000000006,lower_better,none,1,acs_ready,NA
29,Missouri,MO,2024,eq_score_drivealone,CP,equity,Commute to Work By Driving Alone: Equity,69.2,75.5,6.299999999999997,lower_better,none,1,acs_ready,NA
30,Montana,MT,2024,eq_score_drivealone,CP,equity,Commute to Work By Driving Alone: Equity,67,71.5,4.5,lower_better,none,1,acs_ready,NA
31,Nebraska,NE,2024,eq_score_drivealone,CP,equity,Commute to Work By Driving Alone: Equity,69.8,76.5,6.700000000000003,lower_better,none,1,acs_ready,NA
32,Nevada,NV,2024,eq_score_drivealone,CP,equity,Commute to Work By Driving Alone: Equity,64.9,70.9,6,lower_better,none,1,acs_ready,NA
33,New Hampshire,NH,2024,eq_score_drivealone,CP,equity,Commute to Work By Driving Alone: Equity,66.7,72.4,5.700000000000003,lower_better,none,1,acs_ready,NA
34,New Jersey,NJ,2024,eq_score_drivealone,CP,equity,Commute to Work By Driving Alone: Equity,61.7,62.2,0.5,lower_better,none,1,acs_ready,NA
35,New Mexico,NM,2024,eq_score_drivealone,CP,equity,Commute to Work By Driving Alone: Equity,68.5,74.1,5.599999999999994,lower_better,none,1,acs_ready,NA
36,New York,NY,2024,eq_score_drivealone,CP,equity,Commute to Work By Driving Alone: Equity,46.4,48.9,2.5,lower_better,none,1,acs_ready,NA
37,North Carolina,NC,2024,eq_score_drivealone,CP,equity,Commute to Work By Driving Alone: Equity,70,71.7,1.7000000000000028,lower_better,none,1,acs_ready,NA
38,North Dakota,ND,2024,eq_score_drivealone,CP,equity,Commute to Work By Driving Alone: Equity,73.2,78.3,5.099999999999994,lower_better,none,1,acs_ready,NA
39,Ohio,OH,2024,eq_score_drivealone,CP,equity,Commute to Work By Driving Alone: Equity,69.3,75.5,6.200000000000003,lower_better,none,1,acs_ready,NA
40,Oklahoma,OK,2024,eq_score_drivealone,CP,equity,Commute to Work By Driving Alone: Equity,72.7,78.1,5.3999999999999915,lower_better,none,1,acs_ready,NA
41,Oregon,OR,2024,eq_score_drivealone,CP,equity,Commute to Work By Driving Alone: Equity,59.9,64.9,5.000000000000007,lower_better,none,1,acs_ready,NA
42,Pennsylvania,PA,2024,eq_score_drivealone,CP,equity,Commute to Work By Driving Alone: Equity,63.1,68.5,5.399999999999999,lower_better,none,1,acs_ready,NA
44,Rhode Island,RI,2024,eq_score_drivealone,CP,equity,Commute to Work By Driving Alone: Equity,69.1,72.8,3.700000000000003,lower_better,none,1,acs_ready,NA
45,South Carolina,SC,2024,eq_score_drivealone,CP,equity,Commute to Work By Driving Alone: Equity,73.3,76.9,3.6000000000000085,lower_better,none,1,acs_ready,NA
46,South Dakota,SD,2024,eq_score_drivealone,CP,equity,Commute to Work By Driving Alone: Equity,70.8,77.5,6.700000000000003,lower_better,none,1,acs_ready,NA
47,Tennessee,TN,2024,eq_score_drivealone,CP,equity,Commute to Work By Driving Alone: Equity,72.5,76,3.5,lower_better,none,1,acs_ready,NA
48,Texas,TX,2024,eq_score_drivealone,CP,equity,Commute to Work By Driving Alone: Equity,67.8,71.7,3.9000000000000057,lower_better,none,1,acs_ready,NA
49,Utah,UT,2024,eq_score_drivealone,CP,equity,Commute to Work By Driving Alone: Equity,62.4,67.8,5.399999999999999,lower_better,none,1,acs_ready,NA
50,Vermont,VT,2024,eq_score_drivealone,CP,equity,Commute to Work By Driving Alone: Equity,62.2,69,6.799999999999997,lower_better,none,1,acs_ready,NA
51,Virginia,VA,2024,eq_score_drivealone,CP,equity,Commute to Work By Driving Alone: Equity,65.4,67.6,2.1999999999999886,lower_better,none,1,acs_ready,NA
53,Washington,WA,2024,eq_score_drivealone,CP,equity,Commute to Work By Driving Alone: Equity,60.5,63.5,3,lower_better,none,1,acs_ready,NA
54,West Virginia,WV,2024,eq_score_drivealone,CP,equity,Commute to Work By Driving Alone: Equity,71.3,78.7,7.400000000000006,lower_better,none,1,acs_ready,NA
55,Wisconsin,WI,2024,eq_score_drivealone,CP,equity,Commute to Work By Driving Alone: Equity,67.6,74.8,7.200000000000003,lower_better,none,1,acs_ready,NA
56,Wyoming,WY,2024,eq_score_drivealone,CP,equity,Commute to Work By Driving Alone: Equity,70.8,75.1,4.299999999999997,lower_better,none,1,acs_ready,NA
72,Puerto Rico,PR,2024,eq_score_drivealone,CP,equity,Commute to Work By Driving Alone: Equity,78.3,83,4.700000000000003,lower_better,none,1,acs_ready,NA
000,United States,USA,2024,rel_score_employment,WE,relative,Employment Rate: Relative,43.22511172541502,NA,43.22511172541502,higher_better,none,1,acs_ready,"ACS C18120 (Employment Status by Disability Status), ages 18-64. Employed civilians 18-64 with a disability. Denominator is all civilians 18-64 with a disability in the C18120 universe (employed plus unemployed plus not in labor force). Population share; the three employment-status shares sum to 100."
01,Alabama,AL,2024,rel_score_employment,WE,relative,Employment Rate: Relative,36.64099823914431,NA,36.64099823914431,higher_better,none,1,acs_ready,"ACS C18120 (Employment Status by Disability Status), ages 18-64. Employed civilians 18-64 with a disability. Denominator is all civilians 18-64 with a disability in the C18120 universe (employed plus unemployed plus not in labor force). Population share; the three employment-status shares sum to 100."
02,Alaska,AK,2024,rel_score_employment,WE,relative,Employment Rate: Relative,46.85882511400589,NA,46.85882511400589,higher_better,none,1,acs_ready,"ACS C18120 (Employment Status by Disability Status), ages 18-64. Employed civilians 18-64 with a disability. Denominator is all civilians 18-64 with a disability in the C18120 universe (employed plus unemployed plus not in labor force). Population share; the three employment-status shares sum to 100."
04,Arizona,AZ,2024,rel_score_employment,WE,relative,Employment Rate: Relative,45.801440909592394,NA,45.801440909592394,higher_better,none,1,acs_ready,"ACS C18120 (Employment Status by Disability Status), ages 18-64. Employed civilians 18-64 with a disability. Denominator is all civilians 18-64 with a disability in the C18120 universe (employed plus unemployed plus not in labor force). Population share; the three employment-status shares sum to 100."
05,Arkansas,AR,2024,rel_score_employment,WE,relative,Employment Rate: Relative,36.28158460523235,NA,36.28158460523235,higher_better,none,1,acs_ready,"ACS C18120 (Employment Status by Disability Status), ages 18-64. Employed civilians 18-64 with a disability. Denominator is all civilians 18-64 with a disability in the C18120 universe (employed plus unemployed plus not in labor force). Population share; the three employment-status shares sum to 100."
06,California,CA,2024,rel_score_employment,WE,relative,Employment Rate: Relative,41.68145393374087,NA,41.68145393374087,higher_better,none,1,acs_ready,"ACS C18120 (Employment Status by Disability Status), ages 18-64. Employed civilians 18-64 with a disability. Denominator is all civilians 18-64 with a disability in the C18120 universe (employed plus unemployed plus not in labor force). Population share; the three employment-status shares sum to 100."
08,Colorado,CO,2024,rel_score_employment,WE,relative,Employment Rate: Relative,52.325980837901575,NA,52.325980837901575,higher_better,none,1,acs_ready,"ACS C18120 (Employment Status by Disability Status), ages 18-64. Employed civilians 18-64 with a disability. Denominator is all civilians 18-64 with a disability in the C18120 universe (employed plus unemployed plus not in labor force). Population share; the three employment-status shares sum to 100."
09,Connecticut,CT,2024,rel_score_employment,WE,relative,Employment Rate: Relative,44.208399452934756,NA,44.208399452934756,higher_better,none,1,acs_ready,"ACS C18120 (Employment Status by Disability Status), ages 18-64. Employed civilians 18-64 with a disability. Denominator is all civilians 18-64 with a disability in the C18120 universe (employed plus unemployed plus not in labor force). Population share; the three employment-status shares sum to 100."
10,Delaware,DE,2024,rel_score_employment,WE,relative,Employment Rate: Relative,46.11920374363714,NA,46.11920374363714,higher_better,none,1,acs_ready,"ACS C18120 (Employment Status by Disability Status), ages 18-64. Employed civilians 18-64 with a disability. Denominator is all civilians 18-64 with a disability in the C18120 universe (employed plus unemployed plus not in labor force). Population share; the three employment-status shares sum to 100."
11,District of Columbia,DC,2024,rel_score_employment,WE,relative,Employment Rate: Relative,44.71189907944085,NA,44.71189907944085,higher_better,none,1,acs_ready,"ACS C18120 (Employment Status by Disability Status), ages 18-64. Employed civilians 18-64 with a disability. Denominator is all civilians 18-64 with a disability in the C18120 universe (employed plus unemployed plus not in labor force). Population share; the three employment-status shares sum to 100."
12,Florida,FL,2024,rel_score_employment,WE,relative,Employment Rate: Relative,41.57239707906558,NA,41.57239707906558,higher_better,none,1,acs_ready,"ACS C18120 (Employment Status by Disability Status), ages 18-64. Employed civilians 18-64 with a disability. Denominator is all civilians 18-64 with a disability in the C18120 universe (employed plus unemployed plus not in labor force). Population share; the three employment-status shares sum to 100."
13,Georgia,GA,2024,rel_score_employment,WE,relative,Employment Rate: Relative,41.95018851458687,NA,41.95018851458687,higher_better,none,1,acs_ready,"ACS C18120 (Employment Status by Disability Status), ages 18-64. Employed civilians 18-64 with a disability. Denominator is all civilians 18-64 with a disability in the C18120 universe (employed plus unemployed plus not in labor force). Population share; the three employment-status shares sum to 100."
15,Hawaii,HI,2024,rel_score_employment,WE,relative,Employment Rate: Relative,43.8005354020979,NA,43.8005354020979,higher_better,none,1,acs_ready,"ACS C18120 (Employment Status by Disability Status), ages 18-64. Employed civilians 18-64 with a disability. Denominator is all civilians 18-64 with a disability in the C18120 universe (employed plus unemployed plus not in labor force). Population share; the three employment-status shares sum to 100."
16,Idaho,ID,2024,rel_score_employment,WE,relative,Employment Rate: Relative,50.57457837482661,NA,50.57457837482661,higher_better,none,1,acs_ready,"ACS C18120 (Employment Status by Disability Status), ages 18-64. Employed civilians 18-64 with a disability. Denominator is all civilians 18-64 with a disability in the C18120 universe (employed plus unemployed plus not in labor force). Population share; the three employment-status shares sum to 100."
17,Illinois,IL,2024,rel_score_employment,WE,relative,Employment Rate: Relative,44.54319030141012,NA,44.54319030141012,higher_better,none,1,acs_ready,"ACS C18120 (Employment Status by Disability Status), ages 18-64. Employed civilians 18-64 with a disability. Denominator is all civilians 18-64 with a disability in the C18120 universe (employed plus unemployed plus not in labor force). Population share; the three employment-status shares sum to 100."
18,Indiana,IN,2024,rel_score_employment,WE,relative,Employment Rate: Relative,44.14054539590963,NA,44.14054539590963,higher_better,none,1,acs_ready,"ACS C18120 (Employment Status by Disability Status), ages 18-64. Employed civilians 18-64 with a disability. Denominator is all civilians 18-64 with a disability in the C18120 universe (employed plus unemployed plus not in labor force). Population share; the three employment-status shares sum to 100."
19,Iowa,IA,2024,rel_score_employment,WE,relative,Employment Rate: Relative,50.61622355831652,NA,50.61622355831652,higher_better,none,1,acs_ready,"ACS C18120 (Employment Status by Disability Status), ages 18-64. Employed civilians 18-64 with a disability. Denominator is all civilians 18-64 with a disability in the C18120 universe (employed plus unemployed plus not in labor force). Population share; the three employment-status shares sum to 100."
20,Kansas,KS,2024,rel_score_employment,WE,relative,Employment Rate: Relative,49.60865191146881,NA,49.60865191146881,higher_better,none,1,acs_ready,"ACS C18120 (Employment Status by Disability Status), ages 18-64. Employed civilians 18-64 with a disability. Denominator is all civilians 18-64 with a disability in the C18120 universe (employed plus unemployed plus not in labor force). Population share; the three employment-status shares sum to 100."
21,Kentucky,KY,2024,rel_score_employment,WE,relative,Employment Rate: Relative,36.86714048869246,NA,36.86714048869246,higher_better,none,1,acs_ready,"ACS C18120 (Employment Status by Disability Status), ages 18-64. Employed civilians 18-64 with a disability. Denominator is all civilians 18-64 with a disability in the C18120 universe (employed plus unemployed plus not in labor force). Population share; the three employment-status shares sum to 100."
22,Louisiana,LA,2024,rel_score_employment,WE,relative,Employment Rate: Relative,37.55836373110995,NA,37.55836373110995,higher_better,none,1,acs_ready,"ACS C18120 (Employment Status by Disability Status), ages 18-64. Employed civilians 18-64 with a disability. Denominator is all civilians 18-64 with a disability in the C18120 universe (employed plus unemployed plus not in labor force). Population share; the three employment-status shares sum to 100."
23,Maine,ME,2024,rel_score_employment,WE,relative,Employment Rate: Relative,40.232040745030986,NA,40.232040745030986,higher_better,none,1,acs_ready,"ACS C18120 (Employment Status by Disability Status), ages 18-64. Employed civilians 18-64 with a disability. Denominator is all civilians 18-64 with a disability in the C18120 universe (employed plus unemployed plus not in labor force). Population share; the three employment-status shares sum to 100."
24,Maryland,MD,2024,rel_score_employment,WE,relative,Employment Rate: Relative,47.26016696634257,NA,47.26016696634257,higher_better,none,1,acs_ready,"ACS C18120 (Employment Status by Disability Status), ages 18-64. Employed civilians 18-64 with a disability. Denominator is all civilians 18-64 with a disability in the C18120 universe (employed plus unemployed plus not in labor force). Population share; the three employment-status shares sum to 100."
25,Massachusetts,MA,2024,rel_score_employment,WE,relative,Employment Rate: Relative,42.93971612830285,NA,42.93971612830285,higher_better,none,1,acs_ready,"ACS C18120 (Employment Status by Disability Status), ages 18-64. Employed civilians 18-64 with a disability. Denominator is all civilians 18-64 with a disability in the C18120 universe (employed plus unemployed plus not in labor force). Population share; the three employment-status shares sum to 100."
26,Michigan,MI,2024,rel_score_employment,WE,relative,Employment Rate: Relative,39.856284313658456,NA,39.856284313658456,higher_better,none,1,acs_ready,"ACS C18120 (Employment Status by Disability Status), ages 18-64. Employed civilians 18-64 with a disability. Denominator is all civilians 18-64 with a disability in the C18120 universe (employed plus unemployed plus not in labor force). Population share; the three employment-status shares sum to 100."
27,Minnesota,MN,2024,rel_score_employment,WE,relative,Employment Rate: Relative,50.571422519826555,NA,50.571422519826555,higher_better,none,1,acs_ready,"ACS C18120 (Employment Status by Disability Status), ages 18-64. Employed civilians 18-64 with a disability. Denominator is all civilians 18-64 with a disability in the C18120 universe (employed plus unemployed plus not in labor force). Population share; the three employment-status shares sum to 100."
28,Mississippi,MS,2024,rel_score_employment,WE,relative,Employment Rate: Relative,35.82113966214608,NA,35.82113966214608,higher_better,none,1,acs_ready,"ACS C18120 (Employment Status by Disability Status), ages 18-64. Employed civilians 18-64 with a disability. Denominator is all civilians 18-64 with a disability in the C18120 universe (employed plus unemployed plus not in labor force). Population share; the three employment-status shares sum to 100."
29,Missouri,MO,2024,rel_score_employment,WE,relative,Employment Rate: Relative,43.41160235769836,NA,43.41160235769836,higher_better,none,1,acs_ready,"ACS C18120 (Employment Status by Disability Status), ages 18-64. Employed civilians 18-64 with a disability. Denominator is all civilians 18-64 with a disability in the C18120 universe (employed plus unemployed plus not in labor force). Population share; the three employment-status shares sum to 100."
30,Montana,MT,2024,rel_score_employment,WE,relative,Employment Rate: Relative,49.467107208516,NA,49.467107208516,higher_better,none,1,acs_ready,"ACS C18120 (Employment Status by Disability Status), ages 18-64. Employed civilians 18-64 with a disability. Denominator is all civilians 18-64 with a disability in the C18120 universe (employed plus unemployed plus not in labor force). Population share; the three employment-status shares sum to 100."
31,Nebraska,NE,2024,rel_score_employment,WE,relative,Employment Rate: Relative,53.69002462234644,NA,53.69002462234644,higher_better,none,1,acs_ready,"ACS C18120 (Employment Status by Disability Status), ages 18-64. Employed civilians 18-64 with a disability. Denominator is all civilians 18-64 with a disability in the C18120 universe (employed plus unemployed plus not in labor force). Population share; the three employment-status shares sum to 100."
32,Nevada,NV,2024,rel_score_employment,WE,relative,Employment Rate: Relative,46.40300064762179,NA,46.40300064762179,higher_better,none,1,acs_ready,"ACS C18120 (Employment Status by Disability Status), ages 18-64. Employed civilians 18-64 with a disability. Denominator is all civilians 18-64 with a disability in the C18120 universe (employed plus unemployed plus not in labor force). Population share; the three employment-status shares sum to 100."
33,New Hampshire,NH,2024,rel_score_employment,WE,relative,Employment Rate: Relative,47.57283649434903,NA,47.57283649434903,higher_better,none,1,acs_ready,"ACS C18120 (Employment Status by Disability Status), ages 18-64. Employed civilians 18-64 with a disability. Denominator is all civilians 18-64 with a disability in the C18120 universe (employed plus unemployed plus not in labor force). Population share; the three employment-status shares sum to 100."
34,New Jersey,NJ,2024,rel_score_employment,WE,relative,Employment Rate: Relative,44.37020550259522,NA,44.37020550259522,higher_better,none,1,acs_ready,"ACS C18120 (Employment Status by Disability Status), ages 18-64. Employed civilians 18-64 with a disability. Denominator is all civilians 18-64 with a disability in the C18120 universe (employed plus unemployed plus not in labor force). Population share; the three employment-status shares sum to 100."
35,New Mexico,NM,2024,rel_score_employment,WE,relative,Employment Rate: Relative,39.45844234366083,NA,39.45844234366083,higher_better,none,1,acs_ready,"ACS C18120 (Employment Status by Disability Status), ages 18-64. Employed civilians 18-64 with a disability. Denominator is all civilians 18-64 with a disability in the C18120 universe (employed plus unemployed plus not in labor force). Population share; the three employment-status shares sum to 100."
36,New York,NY,2024,rel_score_employment,WE,relative,Employment Rate: Relative,38.26710880891827,NA,38.26710880891827,higher_better,none,1,acs_ready,"ACS C18120 (Employment Status by Disability Status), ages 18-64. Employed civilians 18-64 with a disability. Denominator is all civilians 18-64 with a disability in the C18120 universe (employed plus unemployed plus not in labor force). Population share; the three employment-status shares sum to 100."
37,North Carolina,NC,2024,rel_score_employment,WE,relative,Employment Rate: Relative,40.69011020019172,NA,40.69011020019172,higher_better,none,1,acs_ready,"ACS C18120 (Employment Status by Disability Status), ages 18-64. Employed civilians 18-64 with a disability. Denominator is all civilians 18-64 with a disability in the C18120 universe (employed plus unemployed plus not in labor force). Population share; the three employment-status shares sum to 100."
38,North Dakota,ND,2024,rel_score_employment,WE,relative,Employment Rate: Relative,55.97347044590391,NA,55.97347044590391,higher_better,none,1,acs_ready,"ACS C18120 (Employment Status by Disability Status), ages 18-64. Employed civilians 18-64 with a disability. Denominator is all civilians 18-64 with a disability in the C18120 universe (employed plus unemployed plus not in labor force). Population share; the three employment-status shares sum to 100."
39,Ohio,OH,2024,rel_score_employment,WE,relative,Employment Rate: Relative,42.50770400233316,NA,42.50770400233316,higher_better,none,1,acs_ready,"ACS C18120 (Employment Status by Disability Status), ages 18-64. Employed civilians 18-64 with a disability. Denominator is all civilians 18-64 with a disability in the C18120 universe (employed plus unemployed plus not in labor force). Population share; the three employment-status shares sum to 100."
40,Oklahoma,OK,2024,rel_score_employment,WE,relative,Employment Rate: Relative,44.401557267340145,NA,44.401557267340145,higher_better,none,1,acs_ready,"ACS C18120 (Employment Status by Disability Status), ages 18-64. Employed civilians 18-64 with a disability. Denominator is all civilians 18-64 with a disability in the C18120 universe (employed plus unemployed plus not in labor force). Population share; the three employment-status shares sum to 100."
41,Oregon,OR,2024,rel_score_employment,WE,relative,Employment Rate: Relative,44.87185682272571,NA,44.87185682272571,higher_better,none,1,acs_ready,"ACS C18120 (Employment Status by Disability Status), ages 18-64. Employed civilians 18-64 with a disability. Denominator is all civilians 18-64 with a disability in the C18120 universe (employed plus unemployed plus not in labor force). Population share; the three employment-status shares sum to 100."
42,Pennsylvania,PA,2024,rel_score_employment,WE,relative,Employment Rate: Relative,42.0135395603876,NA,42.0135395603876,higher_better,none,1,acs_ready,"ACS C18120 (Employment Status by Disability Status), ages 18-64. Employed civilians 18-64 with a disability. Denominator is all civilians 18-64 with a disability in the C18120 universe (employed plus unemployed plus not in labor force). Population share; the three employment-status shares sum to 100."
44,Rhode Island,RI,2024,rel_score_employment,WE,relative,Employment Rate: Relative,44.362680336098926,NA,44.362680336098926,higher_better,none,1,acs_ready,"ACS C18120 (Employment Status by Disability Status), ages 18-64. Employed civilians 18-64 with a disability. Denominator is all civilians 18-64 with a disability in the C18120 universe (employed plus unemployed plus not in labor force). Population share; the three employment-status shares sum to 100."
45,South Carolina,SC,2024,rel_score_employment,WE,relative,Employment Rate: Relative,40.33465725603322,NA,40.33465725603322,higher_better,none,1,acs_ready,"ACS C18120 (Employment Status by Disability Status), ages 18-64. Employed civilians 18-64 with a disability. Denominator is all civilians 18-64 with a disability in the C18120 universe (employed plus unemployed plus not in labor force). Population share; the three employment-status shares sum to 100."
46,South Dakota,SD,2024,rel_score_employment,WE,relative,Employment Rate: Relative,54.06739885478269,NA,54.06739885478269,higher_better,none,1,acs_ready,"ACS C18120 (Employment Status by Disability Status), ages 18-64. Employed civilians 18-64 with a disability. Denominator is all civilians 18-64 with a disability in the C18120 universe (employed plus unemployed plus not in labor force). Population share; the three employment-status shares sum to 100."
47,Tennessee,TN,2024,rel_score_employment,WE,relative,Employment Rate: Relative,40.03772637699402,NA,40.03772637699402,higher_better,none,1,acs_ready,"ACS C18120 (Employment Status by Disability Status), ages 18-64. Employed civilians 18-64 with a disability. Denominator is all civilians 18-64 with a disability in the C18120 universe (employed plus unemployed plus not in labor force). Population share; the three employment-status shares sum to 100."
48,Texas,TX,2024,rel_score_employment,WE,relative,Employment Rate: Relative,47.79896111968805,NA,47.79896111968805,higher_better,none,1,acs_ready,"ACS C18120 (Employment Status by Disability Status), ages 18-64. Employed civilians 18-64 with a disability. Denominator is all civilians 18-64 with a disability in the C18120 universe (employed plus unemployed plus not in labor force). Population share; the three employment-status shares sum to 100."
49,Utah,UT,2024,rel_score_employment,WE,relative,Employment Rate: Relative,54.85379760962643,NA,54.85379760962643,higher_better,none,1,acs_ready,"ACS C18120 (Employment Status by Disability Status), ages 18-64. Employed civilians 18-64 with a disability. Denominator is all civilians 18-64 with a disability in the C18120 universe (employed plus unemployed plus not in labor force). Population share; the three employment-status shares sum to 100."
50,Vermont,VT,2024,rel_score_employment,WE,relative,Employment Rate: Relative,42.95974295974296,NA,42.95974295974296,higher_better,none,1,acs_ready,"ACS C18120 (Employment Status by Disability Status), ages 18-64. Employed civilians 18-64 with a disability. Denominator is all civilians 18-64 with a disability in the C18120 universe (employed plus unemployed plus not in labor force). Population share; the three employment-status shares sum to 100."
51,Virginia,VA,2024,rel_score_employment,WE,relative,Employment Rate: Relative,45.30781108324766,NA,45.30781108324766,higher_better,none,1,acs_ready,"ACS C18120 (Employment Status by Disability Status), ages 18-64. Employed civilians 18-64 with a disability. Denominator is all civilians 18-64 with a disability in the C18120 universe (employed plus unemployed plus not in labor force). Population share; the three employment-status shares sum to 100."
53,Washington,WA,2024,rel_score_employment,WE,relative,Employment Rate: Relative,46.26818935003886,NA,46.26818935003886,higher_better,none,1,acs_ready,"ACS C18120 (Employment Status by Disability Status), ages 18-64. Employed civilians 18-64 with a disability. Denominator is all civilians 18-64 with a disability in the C18120 universe (employed plus unemployed plus not in labor force). Population share; the three employment-status shares sum to 100."
54,West Virginia,WV,2024,rel_score_employment,WE,relative,Employment Rate: Relative,33.51593919165949,NA,33.51593919165949,higher_better,none,1,acs_ready,"ACS C18120 (Employment Status by Disability Status), ages 18-64. Employed civilians 18-64 with a disability. Denominator is all civilians 18-64 with a disability in the C18120 universe (employed plus unemployed plus not in labor force). Population share; the three employment-status shares sum to 100."
55,Wisconsin,WI,2024,rel_score_employment,WE,relative,Employment Rate: Relative,48.6301752036603,NA,48.6301752036603,higher_better,none,1,acs_ready,"ACS C18120 (Employment Status by Disability Status), ages 18-64. Employed civilians 18-64 with a disability. Denominator is all civilians 18-64 with a disability in the C18120 universe (employed plus unemployed plus not in labor force). Population share; the three employment-status shares sum to 100."
56,Wyoming,WY,2024,rel_score_employment,WE,relative,Employment Rate: Relative,49.349306899202205,NA,49.349306899202205,higher_better,none,1,acs_ready,"ACS C18120 (Employment Status by Disability Status), ages 18-64. Employed civilians 18-64 with a disability. Denominator is all civilians 18-64 with a disability in the C18120 universe (employed plus unemployed plus not in labor force). Population share; the three employment-status shares sum to 100."
72,Puerto Rico,PR,2024,rel_score_employment,WE,relative,Employment Rate: Relative,29.48368048232828,NA,29.48368048232828,higher_better,none,1,acs_ready,"ACS C18120 (Employment Status by Disability Status), ages 18-64. Employed civilians 18-64 with a disability. Denominator is all civilians 18-64 with a disability in the C18120 universe (employed plus unemployed plus not in labor force). Population share; the three employment-status shares sum to 100."
000,United States,USA,2024,eq_score_employment,WE,equity,Employment Rate: Equity,43.22511172541502,78.04085707341963,34.81574534800461,lower_better,none,1,acs_ready,NA
01,Alabama,AL,2024,eq_score_employment,WE,equity,Employment Rate: Equity,36.64099823914431,75.12769918500166,38.48670094585735,lower_better,none,1,acs_ready,NA
02,Alaska,AK,2024,eq_score_employment,WE,equity,Employment Rate: Equity,46.85882511400589,76.66623159027525,29.807406476269357,lower_better,none,1,acs_ready,NA
04,Arizona,AZ,2024,eq_score_employment,WE,equity,Employment Rate: Equity,45.801440909592394,77.0110378386675,31.20959692907511,lower_better,none,1,acs_ready,NA
05,Arkansas,AR,2024,eq_score_employment,WE,equity,Employment Rate: Equity,36.28158460523235,76.59365178056457,40.312067175332224,lower_better,none,1,acs_ready,NA
06,California,CA,2024,eq_score_employment,WE,equity,Employment Rate: Equity,41.68145393374087,75.35789261135166,33.67643867761079,lower_better,none,1,acs_ready,NA
08,Colorado,CO,2024,eq_score_employment,WE,equity,Employment Rate: Equity,52.325980837901575,81.28293098358326,28.95695014568168,lower_better,none,1,acs_ready,NA
09,Connecticut,CT,2024,eq_score_employment,WE,equity,Employment Rate: Equity,44.208399452934756,79.88637112295646,35.677971670021705,lower_better,none,1,acs_ready,NA
10,Delaware,DE,2024,eq_score_employment,WE,equity,Employment Rate: Equity,46.11920374363714,79.1034334714593,32.98422972782216,lower_better,none,1,acs_ready,NA
11,District of Columbia,DC,2024,eq_score_employment,WE,equity,Employment Rate: Equity,44.71189907944085,80.21063821599677,35.49873913655592,lower_better,none,1,acs_ready,NA
12,Florida,FL,2024,eq_score_employment,WE,equity,Employment Rate: Equity,41.57239707906558,77.37527265986614,35.80287558080056,lower_better,none,1,acs_ready,NA
13,Georgia,GA,2024,eq_score_employment,WE,equity,Employment Rate: Equity,41.95018851458687,77.3571013079152,35.40691279332833,lower_better,none,1,acs_ready,NA
15,Hawaii,HI,2024,eq_score_employment,WE,equity,Employment Rate: Equity,43.8005354020979,78.38212585831022,34.58159045621232,lower_better,none,1,acs_ready,NA
16,Idaho,ID,2024,eq_score_employment,WE,equity,Employment Rate: Equity,50.57457837482661,78.9791431288558,28.404564754029188,lower_better,none,1,acs_ready,NA
17,Illinois,IL,2024,eq_score_employment,WE,equity,Employment Rate: Equity,44.54319030141012,78.79548779352953,34.25229749211941,lower_better,none,1,acs_ready,NA
18,Indiana,IN,2024,eq_score_employment,WE,equity,Employment Rate: Equity,44.14054539590963,80.09740403372398,35.95685863781434,lower_better,none,1,acs_ready,NA
19,Iowa,IA,2024,eq_score_employment,WE,equity,Employment Rate: Equity,50.61622355831652,83.1911715501171,32.574947991800585,lower_better,none,1,acs_ready,NA
20,Kansas,KS,2024,eq_score_employment,WE,equity,Employment Rate: Equity,49.60865191146881,81.70179607384117,32.093144162372354,lower_better,none,1,acs_ready,NA
21,Kentucky,KY,2024,eq_score_employment,WE,equity,Employment Rate: Equity,36.86714048869246,77.35069888484486,40.4835583961524,lower_better,none,1,acs_ready,NA
22,Louisiana,LA,2024,eq_score_employment,WE,equity,Employment Rate: Equity,37.55836373110995,74.20552340452187,36.64715967341192,lower_better,none,1,acs_ready,NA
23,Maine,ME,2024,eq_score_employment,WE,equity,Employment Rate: Equity,40.232040745030986,81.40003799098065,41.167997245949664,lower_better,none,1,acs_ready,NA
24,Maryland,MD,2024,eq_score_employment,WE,equity,Employment Rate: Equity,47.26016696634257,80.61732982710981,33.35716286076725,lower_better,none,1,acs_ready,NA
25,Massachusetts,MA,2024,eq_score_employment,WE,equity,Employment Rate: Equity,42.93971612830285,80.5537017035871,37.61398557528425,lower_better,none,1,acs_ready,NA
26,Michigan,MI,2024,eq_score_employment,WE,equity,Employment Rate: Equity,39.856284313658456,77.3431015666577,37.48681725299924,lower_better,none,1,acs_ready,NA
27,Minnesota,MN,2024,eq_score_employment,WE,equity,Employment Rate: Equity,50.571422519826555,83.85159730085982,33.28017478103327,lower_better,none,1,acs_ready,NA
28,Mississippi,MS,2024,eq_score_employment,WE,equity,Employment Rate: Equity,35.82113966214608,74.01806203117609,38.196922369030005,lower_better,none,1,acs_ready,NA
29,Missouri,MO,2024,eq_score_employment,WE,equity,Employment Rate: Equity,43.41160235769836,80.23271593016314,36.82111357246478,lower_better,none,1,acs_ready,NA
30,Montana,MT,2024,eq_score_employment,WE,equity,Employment Rate: Equity,49.467107208516,80.26269317612743,30.79558596761143,lower_better,none,1,acs_ready,NA
31,Nebraska,NE,2024,eq_score_employment,WE,equity,Employment Rate: Equity,53.69002462234644,84.3821362538998,30.69211163155336,lower_better,none,1,acs_ready,NA
32,Nevada,NV,2024,eq_score_employment,WE,equity,Employment Rate: Equity,46.40300064762179,76.01573040598552,29.612729758363734,lower_better,none,1,acs_ready,NA
33,New Hampshire,NH,2024,eq_score_employment,WE,equity,Employment Rate: Equity,47.57283649434903,82.77220894359449,35.19937244924546,lower_better,none,1,acs_ready,NA
34,New Jersey,NJ,2024,eq_score_employment,WE,equity,Employment Rate: Equity,44.37020550259522,78.72774859319966,34.357543090604445,lower_better,none,1,acs_ready,NA
35,New Mexico,NM,2024,eq_score_employment,WE,equity,Employment Rate: Equity,39.45844234366083,73.77601766513057,34.31757532146974,lower_better,none,1,acs_ready,NA
36,New York,NY,2024,eq_score_employment,WE,equity,Employment Rate: Equity,38.26710880891827,75.99735392447903,37.730245115560756,lower_better,none,1,acs_ready,NA
37,North Carolina,NC,2024,eq_score_employment,WE,equity,Employment Rate: Equity,40.69011020019172,77.80181910766264,37.11170890747092,lower_better,none,1,acs_ready,NA
38,North Dakota,ND,2024,eq_score_employment,WE,equity,Employment Rate: Equity,55.97347044590391,83.91246334275343,27.93899289684952,lower_better,none,1,acs_ready,NA
39,Ohio,OH,2024,eq_score_employment,WE,equity,Employment Rate: Equity,42.50770400233316,79.7294874437749,37.22178344144174,lower_better,none,1,acs_ready,NA
40,Oklahoma,OK,2024,eq_score_employment,WE,equity,Employment Rate: Equity,44.401557267340145,76.88876425216704,32.48720698482689,lower_better,none,1,acs_ready,NA
41,Oregon,OR,2024,eq_score_employment,WE,equity,Employment Rate: Equity,44.87185682272571,78.78741278935917,33.915555966633455,lower_better,none,1,acs_ready,NA
42,Pennsylvania,PA,2024,eq_score_employment,WE,equity,Employment Rate: Equity,42.0135395603876,79.19341097529923,37.17987141491163,lower_better,none,1,acs_ready,NA
44,Rhode Island,RI,2024,eq_score_employment,WE,equity,Employment Rate: Equity,44.362680336098926,79.19055990111887,34.82787956501995,lower_better,none,1,acs_ready,NA
45,South Carolina,SC,2024,eq_score_employment,WE,equity,Employment Rate: Equity,40.33465725603322,76.83212859712563,36.497471341092414,lower_better,none,1,acs_ready,NA
46,South Dakota,SD,2024,eq_score_employment,WE,equity,Employment Rate: Equity,54.06739885478269,83.91846842141912,29.851069566636433,lower_better,none,1,acs_ready,NA
47,Tennessee,TN,2024,eq_score_employment,WE,equity,Employment Rate: Equity,40.03772637699402,78.21495090943019,38.17722453243616,lower_better,none,1,acs_ready,NA
48,Texas,TX,2024,eq_score_employment,WE,equity,Employment Rate: Equity,47.79896111968805,77.01144961293113,29.21248849324308,lower_better,none,1,acs_ready,NA
49,Utah,UT,2024,eq_score_employment,WE,equity,Employment Rate: Equity,54.85379760962643,80.94292812100831,26.089130511381875,lower_better,none,1,acs_ready,NA
50,Vermont,VT,2024,eq_score_employment,WE,equity,Employment Rate: Equity,42.95974295974296,82.1491597129701,39.18941675322714,lower_better,none,1,acs_ready,NA
51,Virginia,VA,2024,eq_score_employment,WE,equity,Employment Rate: Equity,45.30781108324766,79.57258220642595,34.26477112317829,lower_better,none,1,acs_ready,NA
53,Washington,WA,2024,eq_score_employment,WE,equity,Employment Rate: Equity,46.26818935003886,78.57883335104606,32.3106440010072,lower_better,none,1,acs_ready,NA
54,West Virginia,WV,2024,eq_score_employment,WE,equity,Employment Rate: Equity,33.51593919165949,73.58634939429182,40.070410202632324,lower_better,none,1,acs_ready,NA
55,Wisconsin,WI,2024,eq_score_employment,WE,equity,Employment Rate: Equity,48.6301752036603,82.62902715361732,33.998851949957015,lower_better,none,1,acs_ready,NA
56,Wyoming,WY,2024,eq_score_employment,WE,equity,Employment Rate: Equity,49.349306899202205,81.92908115507332,32.579774255871115,lower_better,none,1,acs_ready,NA
72,Puerto Rico,PR,2024,eq_score_employment,WE,equity,Employment Rate: Equity,29.48368048232828,61.93999066122833,32.456310178900054,lower_better,none,1,acs_ready,NA
000,United States,USA,2024,rel_score_coladj_ind_income,WE,relative,Cost-of-Living Adjusted Individual Income: Relative,NA,NA,NA,higher_better,log1p,1,external_ready,Base: ACS PUMS PERNP DIS=1 AGEP 18-64 ESR=1or2. Use median. COL adjustment: BEA Regional Price Parities (RPPs) — bea.gov. Most recent RPP: 2022. Formula: COL_adj = median_PERNP / (state_RPP / 100). Confirm full-time year-round filter with team.
01,Alabama,AL,2024,rel_score_coladj_ind_income,WE,relative,Cost-of-Living Adjusted Individual Income: Relative,37491.05327137842,NA,37491.05327137842,higher_better,log1p,1,external_ready,Base: ACS PUMS PERNP DIS=1 AGEP 18-64 ESR=1or2. Use median. COL adjustment: BEA Regional Price Parities (RPPs) — bea.gov. Most recent RPP: 2022. Formula: COL_adj = median_PERNP / (state_RPP / 100). Confirm full-time year-round filter with team.
02,Alaska,AK,2024,rel_score_coladj_ind_income,WE,relative,Cost-of-Living Adjusted Individual Income: Relative,35259.204121409195,NA,35259.204121409195,higher_better,log1p,1,external_ready,Base: ACS PUMS PERNP DIS=1 AGEP 18-64 ESR=1or2. Use median. COL adjustment: BEA Regional Price Parities (RPPs) — bea.gov. Most recent RPP: 2022. Formula: COL_adj = median_PERNP / (state_RPP / 100). Confirm full-time year-round filter with team.
04,Arizona,AZ,2024,rel_score_coladj_ind_income,WE,relative,Cost-of-Living Adjusted Individual Income: Relative,36002.880230418436,NA,36002.880230418436,higher_better,log1p,1,external_ready,Base: ACS PUMS PERNP DIS=1 AGEP 18-64 ESR=1or2. Use median. COL adjustment: BEA Regional Price Parities (RPPs) — bea.gov. Most recent RPP: 2022. Formula: COL_adj = median_PERNP / (state_RPP / 100). Confirm full-time year-round filter with team.
05,Arkansas,AR,2024,rel_score_coladj_ind_income,WE,relative,Cost-of-Living Adjusted Individual Income: Relative,34517.275896586245,NA,34517.275896586245,higher_better,log1p,1,external_ready,Base: ACS PUMS PERNP DIS=1 AGEP 18-64 ESR=1or2. Use median. COL adjustment: BEA Regional Price Parities (RPPs) — bea.gov. Most recent RPP: 2022. Formula: COL_adj = median_PERNP / (state_RPP / 100). Confirm full-time year-round filter with team.
06,California,CA,2024,rel_score_coladj_ind_income,WE,relative,Cost-of-Living Adjusted Individual Income: Relative,33750.477391621,NA,33750.477391621,higher_better,log1p,1,external_ready,Base: ACS PUMS PERNP DIS=1 AGEP 18-64 ESR=1or2. Use median. COL adjustment: BEA Regional Price Parities (RPPs) — bea.gov. Most recent RPP: 2022. Formula: COL_adj = median_PERNP / (state_RPP / 100). Confirm full-time year-round filter with team.
08,Colorado,CO,2024,rel_score_coladj_ind_income,WE,relative,Cost-of-Living Adjusted Individual Income: Relative,39115.97887737141,NA,39115.97887737141,higher_better,log1p,1,external_ready,Base: ACS PUMS PERNP DIS=1 AGEP 18-64 ESR=1or2. Use median. COL adjustment: BEA Regional Price Parities (RPPs) — bea.gov. Most recent RPP: 2022. Formula: COL_adj = median_PERNP / (state_RPP / 100). Confirm full-time year-round filter with team.
09,Connecticut,CT,2024,rel_score_coladj_ind_income,WE,relative,Cost-of-Living Adjusted Individual Income: Relative,32906.489159662284,NA,32906.489159662284,higher_better,log1p,1,external_ready,Base: ACS PUMS PERNP DIS=1 AGEP 18-64 ESR=1or2. Use median. COL adjustment: BEA Regional Price Parities (RPPs) — bea.gov. Most recent RPP: 2022. Formula: COL_adj = median_PERNP / (state_RPP / 100). Confirm full-time year-round filter with team.
10,Delaware,DE,2024,rel_score_coladj_ind_income,WE,relative,Cost-of-Living Adjusted Individual Income: Relative,35711.73487608028,NA,35711.73487608028,higher_better,log1p,1,external_ready,Base: ACS PUMS PERNP DIS=1 AGEP 18-64 ESR=1or2. Use median. COL adjustment: BEA Regional Price Parities (RPPs) — bea.gov. Most recent RPP: 2022. Formula: COL_adj = median_PERNP / (state_RPP / 100). Confirm full-time year-round filter with team.
11,District of Columbia,DC,2024,rel_score_coladj_ind_income,WE,relative,Cost-of-Living Adjusted Individual Income: Relative,53288.807574115854,NA,53288.807574115854,higher_better,log1p,1,external_ready,Base: ACS PUMS PERNP DIS=1 AGEP 18-64 ESR=1or2. Use median. COL adjustment: BEA Regional Price Parities (RPPs) — bea.gov. Most recent RPP: 2022. Formula: COL_adj = median_PERNP / (state_RPP / 100). Confirm full-time year-round filter with team.
12,Florida,FL,2024,rel_score_coladj_ind_income,WE,relative,Cost-of-Living Adjusted Individual Income: Relative,34218.45058855735,NA,34218.45058855735,higher_better,log1p,1,external_ready,Base: ACS PUMS PERNP DIS=1 AGEP 18-64 ESR=1or2. Use median. COL adjustment: BEA Regional Price Parities (RPPs) — bea.gov. Most recent RPP: 2022. Formula: COL_adj = median_PERNP / (state_RPP / 100). Confirm full-time year-round filter with team.
13,Georgia,GA,2024,rel_score_coladj_ind_income,WE,relative,Cost-of-Living Adjusted Individual Income: Relative,37626.20456113213,NA,37626.20456113213,higher_better,log1p,1,external_ready,Base: ACS PUMS PERNP DIS=1 AGEP 18-64 ESR=1or2. Use median. COL adjustment: BEA Regional Price Parities (RPPs) — bea.gov. Most recent RPP: 2022. Formula: COL_adj = median_PERNP / (state_RPP / 100). Confirm full-time year-round filter with team.
15,Hawaii,HI,2024,rel_score_coladj_ind_income,WE,relative,Cost-of-Living Adjusted Individual Income: Relative,35988.051966747036,NA,35988.051966747036,higher_better,log1p,1,external_ready,Base: ACS PUMS PERNP DIS=1 AGEP 18-64 ESR=1or2. Use median. COL adjustment: BEA Regional Price Parities (RPPs) — bea.gov. Most recent RPP: 2022. Formula: COL_adj = median_PERNP / (state_RPP / 100). Confirm full-time year-round filter with team.
16,Idaho,ID,2024,rel_score_coladj_ind_income,WE,relative,Cost-of-Living Adjusted Individual Income: Relative,35946.92926080042,NA,35946.92926080042,higher_better,log1p,1,external_ready,Base: ACS PUMS PERNP DIS=1 AGEP 18-64 ESR=1or2. Use median. COL adjustment: BEA Regional Price Parities (RPPs) — bea.gov. Most recent RPP: 2022. Formula: COL_adj = median_PERNP / (state_RPP / 100). Confirm full-time year-round filter with team.
17,Illinois,IL,2024,rel_score_coladj_ind_income,WE,relative,Cost-of-Living Adjusted Individual Income: Relative,34583.271577491236,NA,34583.271577491236,higher_better,log1p,1,external_ready,Base: ACS PUMS PERNP DIS=1 AGEP 18-64 ESR=1or2. Use median. COL adjustment: BEA Regional Price Parities (RPPs) — bea.gov. Most recent RPP: 2022. Formula: COL_adj = median_PERNP / (state_RPP / 100). Confirm full-time year-round filter with team.
18,Indiana,IN,2024,rel_score_coladj_ind_income,WE,relative,Cost-of-Living Adjusted Individual Income: Relative,36571.42857142857,NA,36571.42857142857,higher_better,log1p,1,external_ready,Base: ACS PUMS PERNP DIS=1 AGEP 18-64 ESR=1or2. Use median. COL adjustment: BEA Regional Price Parities (RPPs) — bea.gov. Most recent RPP: 2022. Formula: COL_adj = median_PERNP / (state_RPP / 100). Confirm full-time year-round filter with team.
19,Iowa,IA,2024,rel_score_coladj_ind_income,WE,relative,Cost-of-Living Adjusted Individual Income: Relative,36219.171260087605,NA,36219.171260087605,higher_better,log1p,1,external_ready,Base: ACS PUMS PERNP DIS=1 AGEP 18-64 ESR=1or2. Use median. COL adjustment: BEA Regional Price Parities (RPPs) — bea.gov. Most recent RPP: 2022. Formula: COL_adj = median_PERNP / (state_RPP / 100). Confirm full-time year-round filter with team.
20,Kansas,KS,2024,rel_score_coladj_ind_income,WE,relative,Cost-of-Living Adjusted Individual Income: Relative,36380.274302804406,NA,36380.274302804406,higher_better,log1p,1,external_ready,Base: ACS PUMS PERNP DIS=1 AGEP 18-64 ESR=1or2. Use median. COL adjustment: BEA Regional Price Parities (RPPs) — bea.gov. Most recent RPP: 2022. Formula: COL_adj = median_PERNP / (state_RPP / 100). Confirm full-time year-round filter with team.
21,Kentucky,KY,2024,rel_score_coladj_ind_income,WE,relative,Cost-of-Living Adjusted Individual Income: Relative,35793.382698373636,NA,35793.382698373636,higher_better,log1p,1,external_ready,Base: ACS PUMS PERNP DIS=1 AGEP 18-64 ESR=1or2. Use median. COL adjustment: BEA Regional Price Parities (RPPs) — bea.gov. Most recent RPP: 2022. Formula: COL_adj = median_PERNP / (state_RPP / 100). Confirm full-time year-round filter with team.
22,Louisiana,LA,2024,rel_score_coladj_ind_income,WE,relative,Cost-of-Living Adjusted Individual Income: Relative,35142.39299804396,NA,35142.39299804396,higher_better,log1p,1,external_ready,Base: ACS PUMS PERNP DIS=1 AGEP 18-64 ESR=1or2. Use median. COL adjustment: BEA Regional Price Parities (RPPs) — bea.gov. Most recent RPP: 2022. Formula: COL_adj = median_PERNP / (state_RPP / 100). Confirm full-time year-round filter with team.
23,Maine,ME,2024,rel_score_coladj_ind_income,WE,relative,Cost-of-Living Adjusted Individual Income: Relative,31763.0476644234,NA,31763.0476644234,higher_better,log1p,1,external_ready,Base: ACS PUMS PERNP DIS=1 AGEP 18-64 ESR=1or2. Use median. COL adjustment: BEA Regional Price Parities (RPPs) — bea.gov. Most recent RPP: 2022. Formula: COL_adj = median_PERNP / (state_RPP / 100). Confirm full-time year-round filter with team.
24,Maryland,MD,2024,rel_score_coladj_ind_income,WE,relative,Cost-of-Living Adjusted Individual Income: Relative,42902.087901611216,NA,42902.087901611216,higher_better,log1p,1,external_ready,Base: ACS PUMS PERNP DIS=1 AGEP 18-64 ESR=1or2. Use median. COL adjustment: BEA Regional Price Parities (RPPs) — bea.gov. Most recent RPP: 2022. Formula: COL_adj = median_PERNP / (state_RPP / 100). Confirm full-time year-round filter with team.
25,Massachusetts,MA,2024,rel_score_coladj_ind_income,WE,relative,Cost-of-Living Adjusted Individual Income: Relative,36552.71358207455,NA,36552.71358207455,higher_better,log1p,1,external_ready,Base: ACS PUMS PERNP DIS=1 AGEP 18-64 ESR=1or2. Use median. COL adjustment: BEA Regional Price Parities (RPPs) — bea.gov. Most recent RPP: 2022. Formula: COL_adj = median_PERNP / (state_RPP / 100). Confirm full-time year-round filter with team.
26,Michigan,MI,2024,rel_score_coladj_ind_income,WE,relative,Cost-of-Living Adjusted Individual Income: Relative,34192.052484800566,NA,34192.052484800566,higher_better,log1p,1,external_ready,Base: ACS PUMS PERNP DIS=1 AGEP 18-64 ESR=1or2. Use median. COL adjustment: BEA Regional Price Parities (RPPs) — bea.gov. Most recent RPP: 2022. Formula: COL_adj = median_PERNP / (state_RPP / 100). Confirm full-time year-round filter with team.
27,Minnesota,MN,2024,rel_score_coladj_ind_income,WE,relative,Cost-of-Living Adjusted Individual Income: Relative,33861.08745395405,NA,33861.08745395405,higher_better,log1p,1,external_ready,Base: ACS PUMS PERNP DIS=1 AGEP 18-64 ESR=1or2. Use median. COL adjustment: BEA Regional Price Parities (RPPs) — bea.gov. Most recent RPP: 2022. Formula: COL_adj = median_PERNP / (state_RPP / 100). Confirm full-time year-round filter with team.
28,Mississippi,MS,2024,rel_score_coladj_ind_income,WE,relative,Cost-of-Living Adjusted Individual Income: Relative,34350.096180269305,NA,34350.096180269305,higher_better,log1p,1,external_ready,Base: ACS PUMS PERNP DIS=1 AGEP 18-64 ESR=1or2. Use median. COL adjustment: BEA Regional Price Parities (RPPs) — bea.gov. Most recent RPP: 2022. Formula: COL_adj = median_PERNP / (state_RPP / 100). Confirm full-time year-round filter with team.
29,Missouri,MO,2024,rel_score_coladj_ind_income,WE,relative,Cost-of-Living Adjusted Individual Income: Relative,35168.313349671946,NA,35168.313349671946,higher_better,log1p,1,external_ready,Base: ACS PUMS PERNP DIS=1 AGEP 18-64 ESR=1or2. Use median. COL adjustment: BEA Regional Price Parities (RPPs) — bea.gov. Most recent RPP: 2022. Formula: COL_adj = median_PERNP / (state_RPP / 100). Confirm full-time year-round filter with team.
30,Montana,MT,2024,rel_score_coladj_ind_income,WE,relative,Cost-of-Living Adjusted Individual Income: Relative,33932.51200390335,NA,33932.51200390335,higher_better,log1p,1,external_ready,Base: ACS PUMS PERNP DIS=1 AGEP 18-64 ESR=1or2. Use median. COL adjustment: BEA Regional Price Parities (RPPs) — bea.gov. Most recent RPP: 2022. Formula: COL_adj = median_PERNP / (state_RPP / 100). Confirm full-time year-round filter with team.
31,Nebraska,NE,2024,rel_score_coladj_ind_income,WE,relative,Cost-of-Living Adjusted Individual Income: Relative,37732.068919460406,NA,37732.068919460406,higher_better,log1p,1,external_ready,Base: ACS PUMS PERNP DIS=1 AGEP 18-64 ESR=1or2. Use median. COL adjustment: BEA Regional Price Parities (RPPs) — bea.gov. Most recent RPP: 2022. Formula: COL_adj = median_PERNP / (state_RPP / 100). Confirm full-time year-round filter with team.
32,Nevada,NV,2024,rel_score_coladj_ind_income,WE,relative,Cost-of-Living Adjusted Individual Income: Relative,38406.045319133475,NA,38406.045319133475,higher_better,log1p,1,external_ready,Base: ACS PUMS PERNP DIS=1 AGEP 18-64 ESR=1or2. Use median. COL adjustment: BEA Regional Price Parities (RPPs) — bea.gov. Most recent RPP: 2022. Formula: COL_adj = median_PERNP / (state_RPP / 100). Confirm full-time year-round filter with team.
33,New Hampshire,NH,2024,rel_score_coladj_ind_income,WE,relative,Cost-of-Living Adjusted Individual Income: Relative,35235.10157908889,NA,35235.10157908889,higher_better,log1p,1,external_ready,Base: ACS PUMS PERNP DIS=1 AGEP 18-64 ESR=1or2. Use median. COL adjustment: BEA Regional Price Parities (RPPs) — bea.gov. Most recent RPP: 2022. Formula: COL_adj = median_PERNP / (state_RPP / 100). Confirm full-time year-round filter with team.
34,New Jersey,NJ,2024,rel_score_coladj_ind_income,WE,relative,Cost-of-Living Adjusted Individual Income: Relative,40088.636342739446,NA,40088.636342739446,higher_better,log1p,1,external_ready,Base: ACS PUMS PERNP DIS=1 AGEP 18-64 ESR=1or2. Use median. COL adjustment: BEA Regional Price Parities (RPPs) — bea.gov. Most recent RPP: 2022. Formula: COL_adj = median_PERNP / (state_RPP / 100). Confirm full-time year-round filter with team.
35,New Mexico,NM,2024,rel_score_coladj_ind_income,WE,relative,Cost-of-Living Adjusted Individual Income: Relative,32992.77458236646,NA,32992.77458236646,higher_better,log1p,1,external_ready,Base: ACS PUMS PERNP DIS=1 AGEP 18-64 ESR=1or2. Use median. COL adjustment: BEA Regional Price Parities (RPPs) — bea.gov. Most recent RPP: 2022. Formula: COL_adj = median_PERNP / (state_RPP / 100). Confirm full-time year-round filter with team.
36,New York,NY,2024,rel_score_coladj_ind_income,WE,relative,Cost-of-Living Adjusted Individual Income: Relative,34958.208205881536,NA,34958.208205881536,higher_better,log1p,1,external_ready,Base: ACS PUMS PERNP DIS=1 AGEP 18-64 ESR=1or2. Use median. COL adjustment: BEA Regional Price Parities (RPPs) — bea.gov. Most recent RPP: 2022. Formula: COL_adj = median_PERNP / (state_RPP / 100). Confirm full-time year-round filter with team.
37,North Carolina,NC,2024,rel_score_coladj_ind_income,WE,relative,Cost-of-Living Adjusted Individual Income: Relative,37228.8938763788,NA,37228.8938763788,higher_better,log1p,1,external_ready,Base: ACS PUMS PERNP DIS=1 AGEP 18-64 ESR=1or2. Use median. COL adjustment: BEA Regional Price Parities (RPPs) — bea.gov. Most recent RPP: 2022. Formula: COL_adj = median_PERNP / (state_RPP / 100). Confirm full-time year-round filter with team.
38,North Dakota,ND,2024,rel_score_coladj_ind_income,WE,relative,Cost-of-Living Adjusted Individual Income: Relative,42726.8525303541,NA,42726.8525303541,higher_better,log1p,1,external_ready,Base: ACS PUMS PERNP DIS=1 AGEP 18-64 ESR=1or2. Use median. COL adjustment: BEA Regional Price Parities (RPPs) — bea.gov. Most recent RPP: 2022. Formula: COL_adj = median_PERNP / (state_RPP / 100). Confirm full-time year-round filter with team.
39,Ohio,OH,2024,rel_score_coladj_ind_income,WE,relative,Cost-of-Living Adjusted Individual Income: Relative,34970.38445566411,NA,34970.38445566411,higher_better,log1p,1,external_ready,Base: ACS PUMS PERNP DIS=1 AGEP 18-64 ESR=1or2. Use median. COL adjustment: BEA Regional Price Parities (RPPs) — bea.gov. Most recent RPP: 2022. Formula: COL_adj = median_PERNP / (state_RPP / 100). Confirm full-time year-round filter with team.
40,Oklahoma,OK,2024,rel_score_coladj_ind_income,WE,relative,Cost-of-Living Adjusted Individual Income: Relative,34794.554483317756,NA,34794.554483317756,higher_better,log1p,1,external_ready,Base: ACS PUMS PERNP DIS=1 AGEP 18-64 ESR=1or2. Use median. COL adjustment: BEA Regional Price Parities (RPPs) — bea.gov. Most recent RPP: 2022. Formula: COL_adj = median_PERNP / (state_RPP / 100). Confirm full-time year-round filter with team.
41,Oregon,OR,2024,rel_score_coladj_ind_income,WE,relative,Cost-of-Living Adjusted Individual Income: Relative,32829.3250290774,NA,32829.3250290774,higher_better,log1p,1,external_ready,Base: ACS PUMS PERNP DIS=1 AGEP 18-64 ESR=1or2. Use median. COL adjustment: BEA Regional Price Parities (RPPs) — bea.gov. Most recent RPP: 2022. Formula: COL_adj = median_PERNP / (state_RPP / 100). Confirm full-time year-round filter with team.
42,Pennsylvania,PA,2024,rel_score_coladj_ind_income,WE,relative,Cost-of-Living Adjusted Individual Income: Relative,35322.47340425532,NA,35322.47340425532,higher_better,log1p,1,external_ready,Base: ACS PUMS PERNP DIS=1 AGEP 18-64 ESR=1or2. Use median. COL adjustment: BEA Regional Price Parities (RPPs) — bea.gov. Most recent RPP: 2022. Formula: COL_adj = median_PERNP / (state_RPP / 100). Confirm full-time year-round filter with team.
44,Rhode Island,RI,2024,rel_score_coladj_ind_income,WE,relative,Cost-of-Living Adjusted Individual Income: Relative,34465.26188812193,NA,34465.26188812193,higher_better,log1p,1,external_ready,Base: ACS PUMS PERNP DIS=1 AGEP 18-64 ESR=1or2. Use median. COL adjustment: BEA Regional Price Parities (RPPs) — bea.gov. Most recent RPP: 2022. Formula: COL_adj = median_PERNP / (state_RPP / 100). Confirm full-time year-round filter with team.
45,South Carolina,SC,2024,rel_score_coladj_ind_income,WE,relative,Cost-of-Living Adjusted Individual Income: Relative,35460.99290780142,NA,35460.99290780142,higher_better,log1p,1,external_ready,Base: ACS PUMS PERNP DIS=1 AGEP 18-64 ESR=1or2. Use median. COL adjustment: BEA Regional Price Parities (RPPs) — bea.gov. Most recent RPP: 2022. Formula: COL_adj = median_PERNP / (state_RPP / 100). Confirm full-time year-round filter with team.
46,South Dakota,SD,2024,rel_score_coladj_ind_income,WE,relative,Cost-of-Living Adjusted Individual Income: Relative,36425.31103800754,NA,36425.31103800754,higher_better,log1p,1,external_ready,Base: ACS PUMS PERNP DIS=1 AGEP 18-64 ESR=1or2. Use median. COL adjustment: BEA Regional Price Parities (RPPs) — bea.gov. Most recent RPP: 2022. Formula: COL_adj = median_PERNP / (state_RPP / 100). Confirm full-time year-round filter with team.
47,Tennessee,TN,2024,rel_score_coladj_ind_income,WE,relative,Cost-of-Living Adjusted Individual Income: Relative,34858.387799564276,NA,34858.387799564276,higher_better,log1p,1,external_ready,Base: ACS PUMS PERNP DIS=1 AGEP 18-64 ESR=1or2. Use median. COL adjustment: BEA Regional Price Parities (RPPs) — bea.gov. Most recent RPP: 2022. Formula: COL_adj = median_PERNP / (state_RPP / 100). Confirm full-time year-round filter with team.
48,Texas,TX,2024,rel_score_coladj_ind_income,WE,relative,Cost-of-Living Adjusted Individual Income: Relative,36648.838426871705,NA,36648.838426871705,higher_better,log1p,1,external_ready,Base: ACS PUMS PERNP DIS=1 AGEP 18-64 ESR=1or2. Use median. COL adjustment: BEA Regional Price Parities (RPPs) — bea.gov. Most recent RPP: 2022. Formula: COL_adj = median_PERNP / (state_RPP / 100). Confirm full-time year-round filter with team.
49,Utah,UT,2024,rel_score_coladj_ind_income,WE,relative,Cost-of-Living Adjusted Individual Income: Relative,35944.60302357543,NA,35944.60302357543,higher_better,log1p,1,external_ready,Base: ACS PUMS PERNP DIS=1 AGEP 18-64 ESR=1or2. Use median. COL adjustment: BEA Regional Price Parities (RPPs) — bea.gov. Most recent RPP: 2022. Formula: COL_adj = median_PERNP / (state_RPP / 100). Confirm full-time year-round filter with team.
50,Vermont,VT,2024,rel_score_coladj_ind_income,WE,relative,Cost-of-Living Adjusted Individual Income: Relative,33058.50563677215,NA,33058.50563677215,higher_better,log1p,1,external_ready,Base: ACS PUMS PERNP DIS=1 AGEP 18-64 ESR=1or2. Use median. COL adjustment: BEA Regional Price Parities (RPPs) — bea.gov. Most recent RPP: 2022. Formula: COL_adj = median_PERNP / (state_RPP / 100). Confirm full-time year-round filter with team.
51,Virginia,VA,2024,rel_score_coladj_ind_income,WE,relative,Cost-of-Living Adjusted Individual Income: Relative,39205.69266657519,NA,39205.69266657519,higher_better,log1p,1,external_ready,Base: ACS PUMS PERNP DIS=1 AGEP 18-64 ESR=1or2. Use median. COL adjustment: BEA Regional Price Parities (RPPs) — bea.gov. Most recent RPP: 2022. Formula: COL_adj = median_PERNP / (state_RPP / 100). Confirm full-time year-round filter with team.
53,Washington,WA,2024,rel_score_coladj_ind_income,WE,relative,Cost-of-Living Adjusted Individual Income: Relative,37260.87154087336,NA,37260.87154087336,higher_better,log1p,1,external_ready,Base: ACS PUMS PERNP DIS=1 AGEP 18-64 ESR=1or2. Use median. COL adjustment: BEA Regional Price Parities (RPPs) — bea.gov. Most recent RPP: 2022. Formula: COL_adj = median_PERNP / (state_RPP / 100). Confirm full-time year-round filter with team.
54,West Virginia,WV,2024,rel_score_coladj_ind_income,WE,relative,Cost-of-Living Adjusted Individual Income: Relative,33648.50768868401,NA,33648.50768868401,higher_better,log1p,1,external_ready,Base: ACS PUMS PERNP DIS=1 AGEP 18-64 ESR=1or2. Use median. COL adjustment: BEA Regional Price Parities (RPPs) — bea.gov. Most recent RPP: 2022. Formula: COL_adj = median_PERNP / (state_RPP / 100). Confirm full-time year-round filter with team.
55,Wisconsin,WI,2024,rel_score_coladj_ind_income,WE,relative,Cost-of-Living Adjusted Individual Income: Relative,37878.377939632686,NA,37878.377939632686,higher_better,log1p,1,external_ready,Base: ACS PUMS PERNP DIS=1 AGEP 18-64 ESR=1or2. Use median. COL adjustment: BEA Regional Price Parities (RPPs) — bea.gov. Most recent RPP: 2022. Formula: COL_adj = median_PERNP / (state_RPP / 100). Confirm full-time year-round filter with team.
56,Wyoming,WY,2024,rel_score_coladj_ind_income,WE,relative,Cost-of-Living Adjusted Individual Income: Relative,34870.9230987174,NA,34870.9230987174,higher_better,log1p,1,external_ready,Base: ACS PUMS PERNP DIS=1 AGEP 18-64 ESR=1or2. Use median. COL adjustment: BEA Regional Price Parities (RPPs) — bea.gov. Most recent RPP: 2022. Formula: COL_adj = median_PERNP / (state_RPP / 100). Confirm full-time year-round filter with team.
72,Puerto Rico,PR,2024,rel_score_coladj_ind_income,WE,relative,Cost-of-Living Adjusted Individual Income: Relative,NA,NA,NA,higher_better,log1p,1,external_ready,Base: ACS PUMS PERNP DIS=1 AGEP 18-64 ESR=1or2. Use median. COL adjustment: BEA Regional Price Parities (RPPs) — bea.gov. Most recent RPP: 2022. Formula: COL_adj = median_PERNP / (state_RPP / 100). Confirm full-time year-round filter with team.
000,United States,USA,2024,eq_score_coladj_ind_income,WE,equity,Cost-of-Living Adjusted Individual Income: Equity,NA,NA,NA,lower_better,log1p,1,external_ready,PWOD: same PUMS pull without DIS filter + BEA RPP.
01,Alabama,AL,2024,eq_score_coladj_ind_income,WE,equity,Cost-of-Living Adjusted Individual Income: Equity,37491.05327137842,46693.40271071676,9202.349439338337,lower_better,log1p,1,external_ready,PWOD: same PUMS pull without DIS filter + BEA RPP.
02,Alaska,AK,2024,eq_score_coladj_ind_income,WE,equity,Cost-of-Living Adjusted Individual Income: Equity,35259.204121409195,48971.116835290544,13711.91271388135,lower_better,log1p,1,external_ready,PWOD: same PUMS pull without DIS filter + BEA RPP.
04,Arizona,AZ,2024,eq_score_coladj_ind_income,WE,equity,Cost-of-Living Adjusted Individual Income: Equity,36002.880230418436,47003.76030082406,11000.880070405627,lower_better,log1p,1,external_ready,PWOD: same PUMS pull without DIS filter + BEA RPP.
05,Arkansas,AR,2024,eq_score_coladj_ind_income,WE,equity,Cost-of-Living Adjusted Individual Income: Equity,34517.275896586245,46023.03452878166,11505.758632195415,lower_better,log1p,1,external_ready,PWOD: same PUMS pull without DIS filter + BEA RPP.
06,California,CA,2024,eq_score_coladj_ind_income,WE,equity,Cost-of-Living Adjusted Individual Income: Equity,33750.477391621,44408.52288371184,10658.045492090838,lower_better,log1p,1,external_ready,PWOD: same PUMS pull without DIS filter + BEA RPP.
08,Colorado,CO,2024,eq_score_coladj_ind_income,WE,equity,Cost-of-Living Adjusted Individual Income: Equity,39115.97887737141,53784.47095638569,14668.492079014279,lower_better,log1p,1,external_ready,PWOD: same PUMS pull without DIS filter + BEA RPP.
09,Connecticut,CT,2024,eq_score_coladj_ind_income,WE,equity,Cost-of-Living Adjusted Individual Income: Equity,32906.489159662284,56411.12427370677,23504.63511404449,lower_better,log1p,1,external_ready,PWOD: same PUMS pull without DIS filter + BEA RPP.
10,Delaware,DE,2024,eq_score_coladj_ind_income,WE,equity,Cost-of-Living Adjusted Individual Income: Equity,35711.73487608028,51016.76410868611,15305.029232605833,lower_better,log1p,1,external_ready,PWOD: same PUMS pull without DIS filter + BEA RPP.
11,District of Columbia,DC,2024,eq_score_coladj_ind_income,WE,equity,Cost-of-Living Adjusted Individual Income: Equity,53288.807574115854,78156.91777536992,24868.110201254065,lower_better,log1p,1,external_ready,PWOD: same PUMS pull without DIS filter + BEA RPP.
12,Florida,FL,2024,eq_score_coladj_ind_income,WE,equity,Cost-of-Living Adjusted Individual Income: Equity,34218.45058855735,43017.48073990067,8799.030151343315,lower_better,log1p,1,external_ready,PWOD: same PUMS pull without DIS filter + BEA RPP.
13,Georgia,GA,2024,eq_score_coladj_ind_income,WE,equity,Cost-of-Living Adjusted Individual Income: Equity,37626.20456113213,49123.10039925584,11496.89583812371,lower_better,log1p,1,external_ready,PWOD: same PUMS pull without DIS filter + BEA RPP.
15,Hawaii,HI,2024,eq_score_coladj_ind_income,WE,equity,Cost-of-Living Adjusted Individual Income: Equity,35988.051966747036,42285.96106092777,6297.909094180737,lower_better,log1p,1,external_ready,PWOD: same PUMS pull without DIS filter + BEA RPP.
16,Idaho,ID,2024,eq_score_coladj_ind_income,WE,equity,Cost-of-Living Adjusted Individual Income: Equity,35946.92926080042,45750.63724101871,9803.707980218293,lower_better,log1p,1,external_ready,PWOD: same PUMS pull without DIS filter + BEA RPP.
17,Illinois,IL,2024,eq_score_coladj_ind_income,WE,equity,Cost-of-Living Adjusted Individual Income: Equity,34583.271577491236,49404.673682130335,14821.402104639099,lower_better,log1p,1,external_ready,PWOD: same PUMS pull without DIS filter + BEA RPP.
18,Indiana,IN,2024,eq_score_coladj_ind_income,WE,equity,Cost-of-Living Adjusted Individual Income: Equity,36571.42857142857,48979.5918367347,12408.163265306124,lower_better,log1p,1,external_ready,PWOD: same PUMS pull without DIS filter + BEA RPP.
19,Iowa,IA,2024,eq_score_coladj_ind_income,WE,equity,Cost-of-Living Adjusted Individual Income: Equity,36219.171260087605,50933.20958449819,14714.038324410583,lower_better,log1p,1,external_ready,PWOD: same PUMS pull without DIS filter + BEA RPP.
20,Kansas,KS,2024,eq_score_coladj_ind_income,WE,equity,Cost-of-Living Adjusted Individual Income: Equity,36380.274302804406,50218.17004988339,13837.895747078983,lower_better,log1p,1,external_ready,PWOD: same PUMS pull without DIS filter + BEA RPP.
21,Kentucky,KY,2024,eq_score_coladj_ind_income,WE,equity,Cost-of-Living Adjusted Individual Income: Equity,35793.382698373636,47538.08639627749,11744.703697903853,lower_better,log1p,1,external_ready,PWOD: same PUMS pull without DIS filter + BEA RPP.
22,Louisiana,LA,2024,eq_score_coladj_ind_income,WE,equity,Cost-of-Living Adjusted Individual Income: Equity,35142.39299804396,46414.48131817127,11272.08832012731,lower_better,log1p,1,external_ready,PWOD: same PUMS pull without DIS filter + BEA RPP.
23,Maine,ME,2024,eq_score_coladj_ind_income,WE,equity,Cost-of-Living Adjusted Individual Income: Equity,31763.0476644234,44666.78577809541,12903.738113672007,lower_better,log1p,1,external_ready,PWOD: same PUMS pull without DIS filter + BEA RPP.
24,Maryland,MD,2024,eq_score_coladj_ind_income,WE,equity,Cost-of-Living Adjusted Individual Income: Equity,42902.087901611216,57202.78386881495,14300.695967203734,lower_better,log1p,1,external_ready,PWOD: same PUMS pull without DIS filter + BEA RPP.
25,Massachusetts,MA,2024,eq_score_coladj_ind_income,WE,equity,Cost-of-Living Adjusted Individual Income: Equity,36552.71358207455,55742.888212663696,19190.174630589143,lower_better,log1p,1,external_ready,PWOD: same PUMS pull without DIS filter + BEA RPP.
26,Michigan,MI,2024,eq_score_coladj_ind_income,WE,equity,Cost-of-Living Adjusted Individual Income: Equity,34192.052484800566,48082.57380675079,13890.521321950226,lower_better,log1p,1,external_ready,PWOD: same PUMS pull without DIS filter + BEA RPP.
27,Minnesota,MN,2024,eq_score_coladj_ind_income,WE,equity,Cost-of-Living Adjusted Individual Income: Equity,33861.08745395405,51304.67796053644,17443.59050658239,lower_better,log1p,1,external_ready,PWOD: same PUMS pull without DIS filter + BEA RPP.
28,Mississippi,MS,2024,eq_score_coladj_ind_income,WE,equity,Cost-of-Living Adjusted Individual Income: Equity,34350.096180269305,44655.125034350094,10305.028854080789,lower_better,log1p,1,external_ready,PWOD: same PUMS pull without DIS filter + BEA RPP.
29,Missouri,MO,2024,eq_score_coladj_ind_income,WE,equity,Cost-of-Living Adjusted Individual Income: Equity,35168.313349671946,47697.02498049258,12528.711630820631,lower_better,log1p,1,external_ready,PWOD: same PUMS pull without DIS filter + BEA RPP.
30,Montana,MT,2024,eq_score_coladj_ind_income,WE,equity,Cost-of-Living Adjusted Individual Income: Equity,33932.51200390335,46130.47383537187,12197.961831468521,lower_better,log1p,1,external_ready,PWOD: same PUMS pull without DIS filter + BEA RPP.
31,Nebraska,NE,2024,eq_score_coladj_ind_income,WE,equity,Cost-of-Living Adjusted Individual Income: Equity,37732.068919460406,50086.817149726194,12354.748230265788,lower_better,log1p,1,external_ready,PWOD: same PUMS pull without DIS filter + BEA RPP.
32,Nevada,NV,2024,eq_score_coladj_ind_income,WE,equity,Cost-of-Living Adjusted Individual Income: Equity,38406.045319133475,45672.05389302359,7266.008573890118,lower_better,log1p,1,external_ready,PWOD: same PUMS pull without DIS filter + BEA RPP.
33,New Hampshire,NH,2024,eq_score_coladj_ind_income,WE,equity,Cost-of-Living Adjusted Individual Income: Equity,35235.10157908889,50070.933822915795,14835.832243826902,lower_better,log1p,1,external_ready,PWOD: same PUMS pull without DIS filter + BEA RPP.
34,New Jersey,NJ,2024,eq_score_coladj_ind_income,WE,equity,Cost-of-Living Adjusted Individual Income: Equity,40088.636342739446,55167.84817808181,15079.211835342365,lower_better,log1p,1,external_ready,PWOD: same PUMS pull without DIS filter + BEA RPP.
35,New Mexico,NM,2024,eq_score_coladj_ind_income,WE,equity,Cost-of-Living Adjusted Individual Income: Equity,32992.77458236646,43990.366109821945,10997.591527455486,lower_better,log1p,1,external_ready,PWOD: same PUMS pull without DIS filter + BEA RPP.
36,New York,NY,2024,eq_score_coladj_ind_income,WE,equity,Cost-of-Living Adjusted Individual Income: Equity,34958.208205881536,47416.71857712655,12458.510371245015,lower_better,log1p,1,external_ready,PWOD: same PUMS pull without DIS filter + BEA RPP.
37,North Carolina,NC,2024,eq_score_coladj_ind_income,WE,equity,Cost-of-Living Adjusted Individual Income: Equity,37228.8938763788,47865.72069820131,10636.826821822506,lower_better,log1p,1,external_ready,PWOD: same PUMS pull without DIS filter + BEA RPP.
38,North Dakota,ND,2024,eq_score_coladj_ind_income,WE,equity,Cost-of-Living Adjusted Individual Income: Equity,42726.8525303541,56255.14356898865,13528.291038634547,lower_better,log1p,1,external_ready,PWOD: same PUMS pull without DIS filter + BEA RPP.
39,Ohio,OH,2024,eq_score_coladj_ind_income,WE,equity,Cost-of-Living Adjusted Individual Income: Equity,34970.38445566411,50269.92765501715,15299.543199353036,lower_better,log1p,1,external_ready,PWOD: same PUMS pull without DIS filter + BEA RPP.
40,Oklahoma,OK,2024,eq_score_coladj_ind_income,WE,equity,Cost-of-Living Adjusted Individual Income: Equity,34794.554483317756,45041.49447678674,10246.939993468986,lower_better,log1p,1,external_ready,PWOD: same PUMS pull without DIS filter + BEA RPP.
41,Oregon,OR,2024,eq_score_coladj_ind_income,WE,equity,Cost-of-Living Adjusted Individual Income: Equity,32829.3250290774,46899.035755824865,14069.710726747464,lower_better,log1p,1,external_ready,PWOD: same PUMS pull without DIS filter + BEA RPP.
42,Pennsylvania,PA,2024,eq_score_coladj_ind_income,WE,equity,Cost-of-Living Adjusted Individual Income: Equity,35322.47340425532,50698.13829787234,15375.664893617024,lower_better,log1p,1,external_ready,PWOD: same PUMS pull without DIS filter + BEA RPP.
44,Rhode Island,RI,2024,eq_score_coladj_ind_income,WE,equity,Cost-of-Living Adjusted Individual Income: Equity,34465.26188812193,49783.15606062057,15317.894172498636,lower_better,log1p,1,external_ready,PWOD: same PUMS pull without DIS filter + BEA RPP.
45,South Carolina,SC,2024,eq_score_coladj_ind_income,WE,equity,Cost-of-Living Adjusted Individual Income: Equity,35460.99290780142,46067.15090741574,10606.15799961432,lower_better,log1p,1,external_ready,PWOD: same PUMS pull without DIS filter + BEA RPP.
46,South Dakota,SD,2024,eq_score_coladj_ind_income,WE,equity,Cost-of-Living Adjusted Individual Income: Equity,36425.31103800754,51223.0936471981,14797.782609190559,lower_better,log1p,1,external_ready,PWOD: same PUMS pull without DIS filter + BEA RPP.
47,Tennessee,TN,2024,eq_score_coladj_ind_income,WE,equity,Cost-of-Living Adjusted Individual Income: Equity,34858.387799564276,46840.95860566449,11982.570806100215,lower_better,log1p,1,external_ready,PWOD: same PUMS pull without DIS filter + BEA RPP.
48,Texas,TX,2024,eq_score_coladj_ind_income,WE,equity,Cost-of-Living Adjusted Individual Income: Equity,36648.838426871705,48249.17103817843,11600.332611306723,lower_better,log1p,1,external_ready,PWOD: same PUMS pull without DIS filter + BEA RPP.
49,Utah,UT,2024,eq_score_coladj_ind_income,WE,equity,Cost-of-Living Adjusted Individual Income: Equity,35944.60302357543,47573.73929590866,11629.136272333228,lower_better,log1p,1,external_ready,PWOD: same PUMS pull without DIS filter + BEA RPP.
50,Vermont,VT,2024,eq_score_coladj_ind_income,WE,equity,Cost-of-Living Adjusted Individual Income: Equity,33058.50563677215,47509.22965763661,14450.724020864465,lower_better,log1p,1,external_ready,PWOD: same PUMS pull without DIS filter + BEA RPP.
51,Virginia,VA,2024,eq_score_coladj_ind_income,WE,equity,Cost-of-Living Adjusted Individual Income: Equity,39205.69266657519,53907.82741654089,14702.134749965699,lower_better,log1p,1,external_ready,PWOD: same PUMS pull without DIS filter + BEA RPP.
53,Washington,WA,2024,eq_score_coladj_ind_income,WE,equity,Cost-of-Living Adjusted Individual Income: Equity,37260.87154087336,53619.30294906167,16358.431408188306,lower_better,log1p,1,external_ready,PWOD: same PUMS pull without DIS filter + BEA RPP.
54,West Virginia,WV,2024,eq_score_coladj_ind_income,WE,equity,Cost-of-Living Adjusted Individual Income: Equity,33648.50768868401,44864.67691824534,11216.169229561332,lower_better,log1p,1,external_ready,PWOD: same PUMS pull without DIS filter + BEA RPP.
55,Wisconsin,WI,2024,eq_score_coladj_ind_income,WE,equity,Cost-of-Living Adjusted Individual Income: Equity,37878.377939632686,51947.489745781975,14069.111806149289,lower_better,log1p,1,external_ready,PWOD: same PUMS pull without DIS filter + BEA RPP.
56,Wyoming,WY,2024,eq_score_coladj_ind_income,WE,equity,Cost-of-Living Adjusted Individual Income: Equity,34870.9230987174,47947.51926073643,13076.596162019028,lower_better,log1p,1,external_ready,PWOD: same PUMS pull without DIS filter + BEA RPP.
72,Puerto Rico,PR,2024,eq_score_coladj_ind_income,WE,equity,Cost-of-Living Adjusted Individual Income: Equity,NA,NA,NA,lower_better,log1p,1,external_ready,PWOD: same PUMS pull without DIS filter + BEA RPP.
000,United States,USA,2024,rel_score_coladj_hh_income,WE,relative,Cost-of-Living Adjusted Household Income: Relative,NA,NA,NA,higher_better,log1p,1,external_ready,Base: ACS PUMS HINCP any member DIS=1. Use median. COL: BEA RPP same as individual income. Disability HH = any member DIS=1.
01,Alabama,AL,2024,rel_score_coladj_hh_income,WE,relative,Cost-of-Living Adjusted Household Income: Relative,56236.57990706763,NA,56236.57990706763,higher_better,log1p,1,external_ready,Base: ACS PUMS HINCP any member DIS=1. Use median. COL: BEA RPP same as individual income. Disability HH = any member DIS=1.
02,Alaska,AK,2024,rel_score_coladj_hh_income,WE,relative,Cost-of-Living Adjusted Household Income: Relative,61801.54944613667,NA,61801.54944613667,higher_better,log1p,1,external_ready,Base: ACS PUMS HINCP any member DIS=1. Use median. COL: BEA RPP same as individual income. Disability HH = any member DIS=1.
04,Arizona,AZ,2024,rel_score_coladj_hh_income,WE,relative,Cost-of-Living Adjusted Household Income: Relative,63305.06440515241,NA,63305.06440515241,higher_better,log1p,1,external_ready,Base: ACS PUMS HINCP any member DIS=1. Use median. COL: BEA RPP same as individual income. Disability HH = any member DIS=1.
05,Arkansas,AR,2024,rel_score_coladj_hh_income,WE,relative,Cost-of-Living Adjusted Household Income: Relative,52121.08660384523,NA,52121.08660384523,higher_better,log1p,1,external_ready,Base: ACS PUMS HINCP any member DIS=1. Use median. COL: BEA RPP same as individual income. Disability HH = any member DIS=1.
06,California,CA,2024,rel_score_coladj_hh_income,WE,relative,Cost-of-Living Adjusted Household Income: Relative,67500.954783242,NA,67500.954783242,higher_better,log1p,1,external_ready,Base: ACS PUMS HINCP any member DIS=1. Use median. COL: BEA RPP same as individual income. Disability HH = any member DIS=1.
08,Colorado,CO,2024,rel_score_coladj_hh_income,WE,relative,Cost-of-Living Adjusted Household Income: Relative,69044.5922159202,NA,69044.5922159202,higher_better,log1p,1,external_ready,Base: ACS PUMS HINCP any member DIS=1. Use median. COL: BEA RPP same as individual income. Disability HH = any member DIS=1.
09,Connecticut,CT,2024,rel_score_coladj_hh_income,WE,relative,Cost-of-Living Adjusted Household Income: Relative,67317.27496662342,NA,67317.27496662342,higher_better,log1p,1,external_ready,Base: ACS PUMS HINCP any member DIS=1. Use median. COL: BEA RPP same as individual income. Disability HH = any member DIS=1.
10,Delaware,DE,2024,rel_score_coladj_hh_income,WE,relative,Cost-of-Living Adjusted Household Income: Relative,69892.96682889998,NA,69892.96682889998,higher_better,log1p,1,external_ready,Base: ACS PUMS HINCP any member DIS=1. Use median. COL: BEA RPP same as individual income. Disability HH = any member DIS=1.
11,District of Columbia,DC,2024,rel_score_coladj_hh_income,WE,relative,Cost-of-Living Adjusted Household Income: Relative,62170.27550313516,NA,62170.27550313516,higher_better,log1p,1,external_ready,Base: ACS PUMS HINCP any member DIS=1. Use median. COL: BEA RPP same as individual income. Disability HH = any member DIS=1.
12,Florida,FL,2024,rel_score_coladj_hh_income,WE,relative,Cost-of-Living Adjusted Household Income: Relative,59246.803019045015,NA,59246.803019045015,higher_better,log1p,1,external_ready,Base: ACS PUMS HINCP any member DIS=1. Use median. COL: BEA RPP same as individual income. Disability HH = any member DIS=1.
13,Georgia,GA,2024,rel_score_coladj_hh_income,WE,relative,Cost-of-Living Adjusted Household Income: Relative,61874.20305608395,NA,61874.20305608395,higher_better,log1p,1,external_ready,Base: ACS PUMS HINCP any member DIS=1. Use median. COL: BEA RPP same as individual income. Disability HH = any member DIS=1.
15,Hawaii,HI,2024,rel_score_coladj_hh_income,WE,relative,Cost-of-Living Adjusted Household Income: Relative,82322.66887393386,NA,82322.66887393386,higher_better,log1p,1,external_ready,Base: ACS PUMS HINCP any member DIS=1. Use median. COL: BEA RPP same as individual income. Disability HH = any member DIS=1.
16,Idaho,ID,2024,rel_score_coladj_hh_income,WE,relative,Cost-of-Living Adjusted Household Income: Relative,64050.8921374262,NA,64050.8921374262,higher_better,log1p,1,external_ready,Base: ACS PUMS HINCP any member DIS=1. Use median. COL: BEA RPP same as individual income. Disability HH = any member DIS=1.
17,Illinois,IL,2024,rel_score_coladj_hh_income,WE,relative,Cost-of-Living Adjusted Household Income: Relative,59186.79907119214,NA,59186.79907119214,higher_better,log1p,1,external_ready,Base: ACS PUMS HINCP any member DIS=1. Use median. COL: BEA RPP same as individual income. Disability HH = any member DIS=1.
18,Indiana,IN,2024,rel_score_coladj_hh_income,WE,relative,Cost-of-Living Adjusted Household Income: Relative,57251.70068027211,NA,57251.70068027211,higher_better,log1p,1,external_ready,Base: ACS PUMS HINCP any member DIS=1. Use median. COL: BEA RPP same as individual income. Disability HH = any member DIS=1.
19,Iowa,IA,2024,rel_score_coladj_hh_income,WE,relative,Cost-of-Living Adjusted Household Income: Relative,59648.447668956775,NA,59648.447668956775,higher_better,log1p,1,external_ready,Base: ACS PUMS HINCP any member DIS=1. Use median. COL: BEA RPP same as individual income. Disability HH = any member DIS=1.
20,Kansas,KS,2024,rel_score_coladj_hh_income,WE,relative,Cost-of-Living Adjusted Household Income: Relative,59235.12147217356,NA,59235.12147217356,higher_better,log1p,1,external_ready,Base: ACS PUMS HINCP any member DIS=1. Use median. COL: BEA RPP same as individual income. Disability HH = any member DIS=1.
21,Kentucky,KY,2024,rel_score_coladj_hh_income,WE,relative,Cost-of-Living Adjusted Household Income: Relative,52571.53083823628,NA,52571.53083823628,higher_better,log1p,1,external_ready,Base: ACS PUMS HINCP any member DIS=1. Use median. COL: BEA RPP same as individual income. Disability HH = any member DIS=1.
22,Louisiana,LA,2024,rel_score_coladj_hh_income,WE,relative,Cost-of-Living Adjusted Household Income: Relative,51055.92944998839,NA,51055.92944998839,higher_better,log1p,1,external_ready,Base: ACS PUMS HINCP any member DIS=1. Use median. COL: BEA RPP same as individual income. Disability HH = any member DIS=1.
23,Maine,ME,2024,rel_score_coladj_hh_income,WE,relative,Cost-of-Living Adjusted Household Income: Relative,49957.31840470093,NA,49957.31840470093,higher_better,log1p,1,external_ready,Base: ACS PUMS HINCP any member DIS=1. Use median. COL: BEA RPP same as individual income. Disability HH = any member DIS=1.
24,Maryland,MD,2024,rel_score_coladj_hh_income,WE,relative,Cost-of-Living Adjusted Household Income: Relative,76365.71646486796,NA,76365.71646486796,higher_better,log1p,1,external_ready,Base: ACS PUMS HINCP any member DIS=1. Use median. COL: BEA RPP same as individual income. Disability HH = any member DIS=1.
25,Massachusetts,MA,2024,rel_score_coladj_hh_income,WE,relative,Cost-of-Living Adjusted Household Income: Relative,62870.66736116823,NA,62870.66736116823,higher_better,log1p,1,external_ready,Base: ACS PUMS HINCP any member DIS=1. Use median. COL: BEA RPP same as individual income. Disability HH = any member DIS=1.
26,Michigan,MI,2024,rel_score_coladj_hh_income,WE,relative,Cost-of-Living Adjusted Household Income: Relative,56630.586927950935,NA,56630.586927950935,higher_better,log1p,1,external_ready,Base: ACS PUMS HINCP any member DIS=1. Use median. COL: BEA RPP same as individual income. Disability HH = any member DIS=1.
27,Minnesota,MN,2024,rel_score_coladj_hh_income,WE,relative,Cost-of-Living Adjusted Household Income: Relative,64028.23809474948,NA,64028.23809474948,higher_better,log1p,1,external_ready,Base: ACS PUMS HINCP any member DIS=1. Use median. COL: BEA RPP same as individual income. Disability HH = any member DIS=1.
28,Mississippi,MS,2024,rel_score_coladj_hh_income,WE,relative,Cost-of-Living Adjusted Household Income: Relative,51525.14427040396,NA,51525.14427040396,higher_better,log1p,1,external_ready,Base: ACS PUMS HINCP any member DIS=1. Use median. COL: BEA RPP same as individual income. Disability HH = any member DIS=1.
29,Missouri,MO,2024,rel_score_coladj_hh_income,WE,relative,Cost-of-Living Adjusted Household Income: Relative,55280.19254651559,NA,55280.19254651559,higher_better,log1p,1,external_ready,Base: ACS PUMS HINCP any member DIS=1. Use median. COL: BEA RPP same as individual income. Disability HH = any member DIS=1.
30,Montana,MT,2024,rel_score_coladj_hh_income,WE,relative,Cost-of-Living Adjusted Household Income: Relative,60989.80915734262,NA,60989.80915734262,higher_better,log1p,1,external_ready,Base: ACS PUMS HINCP any member DIS=1. Use median. COL: BEA RPP same as individual income. Disability HH = any member DIS=1.
31,Nebraska,NE,2024,rel_score_coladj_hh_income,WE,relative,Cost-of-Living Adjusted Household Income: Relative,61773.74115132898,NA,61773.74115132898,higher_better,log1p,1,external_ready,Base: ACS PUMS HINCP any member DIS=1. Use median. COL: BEA RPP same as individual income. Disability HH = any member DIS=1.
32,Nevada,NV,2024,rel_score_coladj_hh_income,WE,relative,Cost-of-Living Adjusted Household Income: Relative,67511.59966368761,NA,67511.59966368761,higher_better,log1p,1,external_ready,Base: ACS PUMS HINCP any member DIS=1. Use median. COL: BEA RPP same as individual income. Disability HH = any member DIS=1.
33,New Hampshire,NH,2024,rel_score_coladj_hh_income,WE,relative,Cost-of-Living Adjusted Household Income: Relative,65370.38582436229,NA,65370.38582436229,higher_better,log1p,1,external_ready,Base: ACS PUMS HINCP any member DIS=1. Use median. COL: BEA RPP same as individual income. Disability HH = any member DIS=1.
34,New Jersey,NJ,2024,rel_score_coladj_hh_income,WE,relative,Cost-of-Living Adjusted Household Income: Relative,72191.72666170156,NA,72191.72666170156,higher_better,log1p,1,external_ready,Base: ACS PUMS HINCP any member DIS=1. Use median. COL: BEA RPP same as individual income. Disability HH = any member DIS=1.
35,New Mexico,NM,2024,rel_score_coladj_hh_income,WE,relative,Cost-of-Living Adjusted Household Income: Relative,54987.95763727743,NA,54987.95763727743,higher_better,log1p,1,external_ready,Base: ACS PUMS HINCP any member DIS=1. Use median. COL: BEA RPP same as individual income. Disability HH = any member DIS=1.
36,New York,NY,2024,rel_score_coladj_hh_income,WE,relative,Cost-of-Living Adjusted Household Income: Relative,57178.98416653496,NA,57178.98416653496,higher_better,log1p,1,external_ready,Base: ACS PUMS HINCP any member DIS=1. Use median. COL: BEA RPP same as individual income. Disability HH = any member DIS=1.
37,North Carolina,NC,2024,rel_score_coladj_hh_income,WE,relative,Cost-of-Living Adjusted Household Income: Relative,57438.864837841575,NA,57438.864837841575,higher_better,log1p,1,external_ready,Base: ACS PUMS HINCP any member DIS=1. Use median. COL: BEA RPP same as individual income. Disability HH = any member DIS=1.
38,North Dakota,ND,2024,rel_score_coladj_hh_income,WE,relative,Cost-of-Living Adjusted Household Income: Relative,62906.55332965063,NA,62906.55332965063,higher_better,log1p,1,external_ready,Base: ACS PUMS HINCP any member DIS=1. Use median. COL: BEA RPP same as individual income. Disability HH = any member DIS=1.
39,Ohio,OH,2024,rel_score_coladj_hh_income,WE,relative,Cost-of-Living Adjusted Household Income: Relative,56389.744934758375,NA,56389.744934758375,higher_better,log1p,1,external_ready,Base: ACS PUMS HINCP any member DIS=1. Use median. COL: BEA RPP same as individual income. Disability HH = any member DIS=1.
40,Oklahoma,OK,2024,rel_score_coladj_hh_income,WE,relative,Cost-of-Living Adjusted Household Income: Relative,54612.81205310392,NA,54612.81205310392,higher_better,log1p,1,external_ready,Base: ACS PUMS HINCP any member DIS=1. Use median. COL: BEA RPP same as individual income. Disability HH = any member DIS=1.
41,Oregon,OR,2024,rel_score_coladj_hh_income,WE,relative,Cost-of-Living Adjusted Household Income: Relative,58811.39083780438,NA,58811.39083780438,higher_better,log1p,1,external_ready,Base: ACS PUMS HINCP any member DIS=1. Use median. COL: BEA RPP same as individual income. Disability HH = any member DIS=1.
42,Pennsylvania,PA,2024,rel_score_coladj_hh_income,WE,relative,Cost-of-Living Adjusted Household Income: Relative,57035.40558510638,NA,57035.40558510638,higher_better,log1p,1,external_ready,Base: ACS PUMS HINCP any member DIS=1. Use median. COL: BEA RPP same as individual income. Disability HH = any member DIS=1.
44,Rhode Island,RI,2024,rel_score_coladj_hh_income,WE,relative,Cost-of-Living Adjusted Household Income: Relative,62228.94507577571,NA,62228.94507577571,higher_better,log1p,1,external_ready,Base: ACS PUMS HINCP any member DIS=1. Use median. COL: BEA RPP same as individual income. Disability HH = any member DIS=1.
45,South Carolina,SC,2024,rel_score_coladj_hh_income,WE,relative,Cost-of-Living Adjusted Household Income: Relative,57208.97345246513,NA,57208.97345246513,higher_better,log1p,1,external_ready,Base: ACS PUMS HINCP any member DIS=1. Use median. COL: BEA RPP same as individual income. Disability HH = any member DIS=1.
46,South Dakota,SD,2024,rel_score_coladj_hh_income,WE,relative,Cost-of-Living Adjusted Household Income: Relative,61296.968731147055,NA,61296.968731147055,higher_better,log1p,1,external_ready,Base: ACS PUMS HINCP any member DIS=1. Use median. COL: BEA RPP same as individual income. Disability HH = any member DIS=1.
47,Tennessee,TN,2024,rel_score_coladj_hh_income,WE,relative,Cost-of-Living Adjusted Household Income: Relative,55664.4880174292,NA,55664.4880174292,higher_better,log1p,1,external_ready,Base: ACS PUMS HINCP any member DIS=1. Use median. COL: BEA RPP same as individual income. Disability HH = any member DIS=1.
48,Texas,TX,2024,rel_score_coladj_hh_income,WE,relative,Cost-of-Living Adjusted Household Income: Relative,62210.63329603433,NA,62210.63329603433,higher_better,log1p,1,external_ready,Base: ACS PUMS HINCP any member DIS=1. Use median. COL: BEA RPP same as individual income. Disability HH = any member DIS=1.
49,Utah,UT,2024,rel_score_coladj_hh_income,WE,relative,Cost-of-Living Adjusted Household Income: Relative,80981.07622370229,NA,80981.07622370229,higher_better,log1p,1,external_ready,Base: ACS PUMS HINCP any member DIS=1. Use median. COL: BEA RPP same as individual income. Disability HH = any member DIS=1.
50,Vermont,VT,2024,rel_score_coladj_hh_income,WE,relative,Cost-of-Living Adjusted Household Income: Relative,56545.88104876625,NA,56545.88104876625,higher_better,log1p,1,external_ready,Base: ACS PUMS HINCP any member DIS=1. Use median. COL: BEA RPP same as individual income. Disability HH = any member DIS=1.
51,Virginia,VA,2024,rel_score_coladj_hh_income,WE,relative,Cost-of-Living Adjusted Household Income: Relative,67139.74869151002,NA,67139.74869151002,higher_better,log1p,1,external_ready,Base: ACS PUMS HINCP any member DIS=1. Use median. COL: BEA RPP same as individual income. Disability HH = any member DIS=1.
53,Washington,WA,2024,rel_score_coladj_hh_income,WE,relative,Cost-of-Living Adjusted Household Income: Relative,65161.08510928341,NA,65161.08510928341,higher_better,log1p,1,external_ready,Base: ACS PUMS HINCP any member DIS=1. Use median. COL: BEA RPP same as individual income. Disability HH = any member DIS=1.
54,West Virginia,WV,2024,rel_score_coladj_hh_income,WE,relative,Cost-of-Living Adjusted Household Income: Relative,49238.982917774265,NA,49238.982917774265,higher_better,log1p,1,external_ready,Base: ACS PUMS HINCP any member DIS=1. Use median. COL: BEA RPP same as individual income. Disability HH = any member DIS=1.
55,Wisconsin,WI,2024,rel_score_coladj_hh_income,WE,relative,Cost-of-Living Adjusted Household Income: Relative,62120.53982099761,NA,62120.53982099761,higher_better,log1p,1,external_ready,Base: ACS PUMS HINCP any member DIS=1. Use median. COL: BEA RPP same as individual income. Disability HH = any member DIS=1.
56,Wyoming,WY,2024,rel_score_coladj_hh_income,WE,relative,Cost-of-Living Adjusted Household Income: Relative,61242.05869212244,NA,61242.05869212244,higher_better,log1p,1,external_ready,Base: ACS PUMS HINCP any member DIS=1. Use median. COL: BEA RPP same as individual income. Disability HH = any member DIS=1.
72,Puerto Rico,PR,2024,rel_score_coladj_hh_income,WE,relative,Cost-of-Living Adjusted Household Income: Relative,NA,NA,NA,higher_better,log1p,1,external_ready,Base: ACS PUMS HINCP any member DIS=1. Use median. COL: BEA RPP same as individual income. Disability HH = any member DIS=1.
000,United States,USA,2024,eq_score_coladj_hh_income,WE,equity,Cost-of-Living Adjusted Household Income: Equity,NA,NA,NA,lower_better,log1p,1,external_ready,PWOD: PUMS HINCP no member DIS=1 + BEA RPP.
01,Alabama,AL,2024,eq_score_coladj_hh_income,WE,equity,Cost-of-Living Adjusted Household Income: Equity,56236.57990706763,89524.09084195817,33287.51093489054,lower_better,log1p,1,external_ready,PWOD: PUMS HINCP no member DIS=1 + BEA RPP.
02,Alaska,AK,2024,eq_score_coladj_hh_income,WE,equity,Cost-of-Living Adjusted Household Income: Equity,61801.54944613667,93045.12198705204,31243.572540915375,lower_better,log1p,1,external_ready,PWOD: PUMS HINCP no member DIS=1 + BEA RPP.
04,Arizona,AZ,2024,eq_score_coladj_hh_income,WE,equity,Cost-of-Living Adjusted Household Income: Equity,63305.06440515241,93007.44059524762,29702.376190095216,lower_better,log1p,1,external_ready,PWOD: PUMS HINCP no member DIS=1 + BEA RPP.
05,Arkansas,AR,2024,eq_score_coladj_hh_income,WE,equity,Cost-of-Living Adjusted Household Income: Equity,52121.08660384523,83992.03801502653,31870.951411181297,lower_better,log1p,1,external_ready,PWOD: PUMS HINCP no member DIS=1 + BEA RPP.
06,California,CA,2024,eq_score_coladj_hh_income,WE,equity,Cost-of-Living Adjusted Household Income: Equity,67500.954783242,102139.60263253724,34638.64784929523,lower_better,log1p,1,external_ready,PWOD: PUMS HINCP no member DIS=1 + BEA RPP.
08,Colorado,CO,2024,eq_score_coladj_hh_income,WE,equity,Cost-of-Living Adjusted Household Income: Equity,69044.5922159202,110502.64032857424,41458.04811265404,lower_better,log1p,1,external_ready,PWOD: PUMS HINCP no member DIS=1 + BEA RPP.
09,Connecticut,CT,2024,eq_score_coladj_hh_income,WE,equity,Cost-of-Living Adjusted Household Income: Equity,67317.27496662342,117241.11994885391,49923.8449822305,lower_better,log1p,1,external_ready,PWOD: PUMS HINCP no member DIS=1 + BEA RPP.
10,Delaware,DE,2024,eq_score_coladj_hh_income,WE,equity,Cost-of-Living Adjusted Household Income: Equity,69892.96682889998,103053.86349954596,33160.896670645976,lower_better,log1p,1,external_ready,PWOD: PUMS HINCP no member DIS=1 + BEA RPP.
11,District of Columbia,DC,2024,eq_score_coladj_hh_income,WE,equity,Cost-of-Living Adjusted Household Income: Equity,62170.27550313516,142991.63365721088,80821.358154075715,lower_better,log1p,1,external_ready,PWOD: PUMS HINCP no member DIS=1 + BEA RPP.
12,Florida,FL,2024,eq_score_coladj_hh_income,WE,equity,Cost-of-Living Adjusted Household Income: Equity,59246.803019045015,87990.3015134332,28743.49849438818,lower_better,log1p,1,external_ready,PWOD: PUMS HINCP no member DIS=1 + BEA RPP.
13,Georgia,GA,2024,eq_score_coladj_hh_income,WE,equity,Cost-of-Living Adjusted Household Income: Equity,61874.20305608395,98141.68356361963,36267.480507535685,lower_better,log1p,1,external_ready,PWOD: PUMS HINCP no member DIS=1 + BEA RPP.
15,Hawaii,HI,2024,eq_score_coladj_hh_income,WE,equity,Cost-of-Living Adjusted Household Income: Equity,82322.66887393386,111562.96109691582,29240.292222981967,lower_better,log1p,1,external_ready,PWOD: PUMS HINCP no member DIS=1 + BEA RPP.
16,Idaho,ID,2024,eq_score_coladj_hh_income,WE,equity,Cost-of-Living Adjusted Household Income: Equity,64050.8921374262,94115.59661009564,30064.704472669444,lower_better,log1p,1,external_ready,PWOD: PUMS HINCP no member DIS=1 + BEA RPP.
17,Illinois,IL,2024,eq_score_coladj_hh_income,WE,equity,Cost-of-Living Adjusted Household Income: Equity,59186.79907119214,98809.34736426068,39622.54829306855,lower_better,log1p,1,external_ready,PWOD: PUMS HINCP no member DIS=1 + BEA RPP.
18,Indiana,IN,2024,eq_score_coladj_hh_income,WE,equity,Cost-of-Living Adjusted Household Income: Equity,57251.70068027211,92408.16326530612,35156.462585034016,lower_better,log1p,1,external_ready,PWOD: PUMS HINCP no member DIS=1 + BEA RPP.
19,Iowa,IA,2024,eq_score_coladj_hh_income,WE,equity,Cost-of-Living Adjusted Household Income: Equity,59648.447668956775,97904.94731242432,38256.49964346755,lower_better,log1p,1,external_ready,PWOD: PUMS HINCP no member DIS=1 + BEA RPP.
20,Kansas,KS,2024,eq_score_coladj_hh_income,WE,equity,Cost-of-Living Adjusted Household Income: Equity,59235.12147217356,97088.46209644122,37853.34062426766,lower_better,log1p,1,external_ready,PWOD: PUMS HINCP no member DIS=1 + BEA RPP.
21,Kentucky,KY,2024,eq_score_coladj_hh_income,WE,equity,Cost-of-Living Adjusted Household Income: Equity,52571.53083823628,89819.01970873134,37247.488870495064,lower_better,log1p,1,external_ready,PWOD: PUMS HINCP no member DIS=1 + BEA RPP.
22,Louisiana,LA,2024,eq_score_coladj_hh_income,WE,equity,Cost-of-Living Adjusted Household Income: Equity,51055.92944998839,85093.21574998065,34037.28629999226,lower_better,log1p,1,external_ready,PWOD: PUMS HINCP no member DIS=1 + BEA RPP.
23,Maine,ME,2024,eq_score_coladj_hh_income,WE,equity,Cost-of-Living Adjusted Household Income: Equity,49957.31840470093,84668.37393047863,34711.0555257777,lower_better,log1p,1,external_ready,PWOD: PUMS HINCP no member DIS=1 + BEA RPP.
24,Maryland,MD,2024,eq_score_coladj_hh_income,WE,equity,Cost-of-Living Adjusted Household Income: Equity,76365.71646486796,122985.98531795216,46620.2688530842,lower_better,log1p,1,external_ready,PWOD: PUMS HINCP no member DIS=1 + BEA RPP.
25,Massachusetts,MA,2024,eq_score_coladj_hh_income,WE,equity,Cost-of-Living Adjusted Household Income: Equity,62870.66736116823,121537.77266039788,58667.10529922965,lower_better,log1p,1,external_ready,PWOD: PUMS HINCP no member DIS=1 + BEA RPP.
26,Michigan,MI,2024,eq_score_coladj_hh_income,WE,equity,Cost-of-Living Adjusted Household Income: Equity,56630.586927950935,92959.64269305152,36329.05576510058,lower_better,log1p,1,external_ready,PWOD: PUMS HINCP no member DIS=1 + BEA RPP.
27,Minnesota,MN,2024,eq_score_coladj_hh_income,WE,equity,Cost-of-Living Adjusted Household Income: Equity,64028.23809474948,104661.54303949435,40633.30494474487,lower_better,log1p,1,external_ready,PWOD: PUMS HINCP no member DIS=1 + BEA RPP.
28,Mississippi,MS,2024,eq_score_coladj_hh_income,WE,equity,Cost-of-Living Adjusted Household Income: Equity,51525.14427040396,80837.22634423376,29312.0820738298,lower_better,log1p,1,external_ready,PWOD: PUMS HINCP no member DIS=1 + BEA RPP.
29,Missouri,MO,2024,eq_score_coladj_hh_income,WE,equity,Cost-of-Living Adjusted Household Income: Equity,55280.19254651559,92316.82254288884,37036.62999637325,lower_better,log1p,1,external_ready,PWOD: PUMS HINCP no member DIS=1 + BEA RPP.
30,Montana,MT,2024,eq_score_coladj_hh_income,WE,equity,Cost-of-Living Adjusted Household Income: Equity,60989.80915734262,90930.26092549264,29940.451768150015,lower_better,log1p,1,external_ready,PWOD: PUMS HINCP no member DIS=1 + BEA RPP.
31,Nebraska,NE,2024,eq_score_coladj_hh_income,WE,equity,Cost-of-Living Adjusted Household Income: Equity,61773.74115132898,100173.6342994524,38399.893148123425,lower_better,log1p,1,external_ready,PWOD: PUMS HINCP no member DIS=1 + BEA RPP.
32,Nevada,NV,2024,eq_score_coladj_hh_income,WE,equity,Cost-of-Living Adjusted Household Income: Equity,67511.59966368761,94977.11207299224,27465.512409304632,lower_better,log1p,1,external_ready,PWOD: PUMS HINCP no member DIS=1 + BEA RPP.
33,New Hampshire,NH,2024,eq_score_coladj_hh_income,WE,equity,Cost-of-Living Adjusted Household Income: Equity,65370.38582436229,106539.82030098194,41169.43447661965,lower_better,log1p,1,external_ready,PWOD: PUMS HINCP no member DIS=1 + BEA RPP.
34,New Jersey,NJ,2024,eq_score_coladj_hh_income,WE,equity,Cost-of-Living Adjusted Household Income: Equity,72191.72666170156,119530.33771917726,47338.611057475704,lower_better,log1p,1,external_ready,PWOD: PUMS HINCP no member DIS=1 + BEA RPP.
35,New Mexico,NM,2024,eq_score_coladj_hh_income,WE,equity,Cost-of-Living Adjusted Household Income: Equity,54987.95763727743,84681.45476140725,29693.49712412982,lower_better,log1p,1,external_ready,PWOD: PUMS HINCP no member DIS=1 + BEA RPP.
36,New York,NY,2024,eq_score_coladj_hh_income,WE,equity,Cost-of-Living Adjusted Household Income: Equity,57178.98416653496,99240.40276318604,42061.41859665108,lower_better,log1p,1,external_ready,PWOD: PUMS HINCP no member DIS=1 + BEA RPP.
37,North Carolina,NC,2024,eq_score_coladj_hh_income,WE,equity,Cost-of-Living Adjusted Household Income: Equity,57438.864837841575,92965.86642272877,35527.00158488719,lower_better,log1p,1,external_ready,PWOD: PUMS HINCP no member DIS=1 + BEA RPP.
38,North Dakota,ND,2024,eq_score_coladj_hh_income,WE,equity,Cost-of-Living Adjusted Household Income: Equity,62906.55332965063,106873.49920521292,43966.94587556229,lower_better,log1p,1,external_ready,PWOD: PUMS HINCP no member DIS=1 + BEA RPP.
39,Ohio,OH,2024,eq_score_coladj_hh_income,WE,equity,Cost-of-Living Adjusted Household Income: Equity,56389.744934758375,97042.81686446792,40653.07192970955,lower_better,log1p,1,external_ready,PWOD: PUMS HINCP no member DIS=1 + BEA RPP.
40,Oklahoma,OK,2024,eq_score_coladj_hh_income,WE,equity,Cost-of-Living Adjusted Household Income: Equity,54612.81205310392,83326.76478205547,28713.952728951554,lower_better,log1p,1,external_ready,PWOD: PUMS HINCP no member DIS=1 + BEA RPP.
41,Oregon,OR,2024,eq_score_coladj_hh_income,WE,equity,Cost-of-Living Adjusted Household Income: Equity,58811.39083780438,93798.07151164972,34986.68067384534,lower_better,log1p,1,external_ready,PWOD: PUMS HINCP no member DIS=1 + BEA RPP.
42,Pennsylvania,PA,2024,eq_score_coladj_hh_income,WE,equity,Cost-of-Living Adjusted Household Income: Equity,57035.40558510638,97697.80585106384,40662.400265957454,lower_better,log1p,1,external_ready,PWOD: PUMS HINCP no member DIS=1 + BEA RPP.
44,Rhode Island,RI,2024,eq_score_coladj_hh_income,WE,equity,Cost-of-Living Adjusted Household Income: Equity,62228.94507577571,105310.52243592811,43081.577360152405,lower_better,log1p,1,external_ready,PWOD: PUMS HINCP no member DIS=1 + BEA RPP.
45,South Carolina,SC,2024,eq_score_coladj_hh_income,WE,equity,Cost-of-Living Adjusted Household Income: Equity,57208.97345246513,88920.31454222108,31711.34108975595,lower_better,log1p,1,external_ready,PWOD: PUMS HINCP no member DIS=1 + BEA RPP.
46,South Dakota,SD,2024,eq_score_coladj_hh_income,WE,equity,Cost-of-Living Adjusted Household Income: Equity,61296.968731147055,96845.79572230252,35548.82699115546,lower_better,log1p,1,external_ready,PWOD: PUMS HINCP no member DIS=1 + BEA RPP.
47,Tennessee,TN,2024,eq_score_coladj_hh_income,WE,equity,Cost-of-Living Adjusted Household Income: Equity,55664.4880174292,91176.4705882353,35511.9825708061,lower_better,log1p,1,external_ready,PWOD: PUMS HINCP no member DIS=1 + BEA RPP.
48,Texas,TX,2024,eq_score_coladj_hh_income,WE,equity,Cost-of-Living Adjusted Household Income: Equity,62210.63329603433,95779.73740132018,33569.10410528585,lower_better,log1p,1,external_ready,PWOD: PUMS HINCP no member DIS=1 + BEA RPP.
49,Utah,UT,2024,eq_score_coladj_hh_income,WE,equity,Cost-of-Living Adjusted Household Income: Equity,80981.07622370229,114811.29083412622,33830.21461042394,lower_better,log1p,1,external_ready,PWOD: PUMS HINCP no member DIS=1 + BEA RPP.
50,Vermont,VT,2024,eq_score_coladj_hh_income,WE,equity,Cost-of-Living Adjusted Household Income: Equity,56545.88104876625,94820.50419169974,38274.623142933495,lower_better,log1p,1,external_ready,PWOD: PUMS HINCP no member DIS=1 + BEA RPP.
51,Virginia,VA,2024,eq_score_coladj_hh_income,WE,equity,Cost-of-Living Adjusted Household Income: Equity,67139.74869151002,111246.1529414071,44106.40424989708,lower_better,log1p,1,external_ready,PWOD: PUMS HINCP no member DIS=1 + BEA RPP.
53,Washington,WA,2024,eq_score_coladj_hh_income,WE,equity,Cost-of-Living Adjusted Household Income: Equity,65161.08510928341,104512.20066342528,39351.11555414186,lower_better,log1p,1,external_ready,PWOD: PUMS HINCP no member DIS=1 + BEA RPP.
54,West Virginia,WV,2024,eq_score_coladj_hh_income,WE,equity,Cost-of-Living Adjusted Household Income: Equity,49238.982917774265,83223.97568334511,33984.992765570845,lower_better,log1p,1,external_ready,PWOD: PUMS HINCP no member DIS=1 + BEA RPP.
55,Wisconsin,WI,2024,eq_score_coladj_hh_income,WE,equity,Cost-of-Living Adjusted Household Income: Equity,62120.53982099761,100107.14169760067,37986.60187660306,lower_better,log1p,1,external_ready,PWOD: PUMS HINCP no member DIS=1 + BEA RPP.
56,Wyoming,WY,2024,eq_score_coladj_hh_income,WE,equity,Cost-of-Living Adjusted Household Income: Equity,61242.05869212244,93061.77601970208,31819.717327579645,lower_better,log1p,1,external_ready,PWOD: PUMS HINCP no member DIS=1 + BEA RPP.
72,Puerto Rico,PR,2024,eq_score_coladj_hh_income,WE,equity,Cost-of-Living Adjusted Household Income: Equity,NA,NA,NA,lower_better,log1p,1,external_ready,PWOD: PUMS HINCP no member DIS=1 + BEA RPP.
000,United States,USA,2024,rel_score_poverty,WE,relative,Below Poverty Line: Relative,0.20311519007944112,NA,0.20311519007944112,lower_better,none,1,acs_ready,Source: ACS B18130 age-split count columns already in national_data from main pipeline. pct_cni_dis_poverty is a DERIVED all-ages aggregate computed in script 02 as: (pop_cni_under18_poverty_dis + pop_cni_18to64_poverty_dis + pop_cni_65plus_poverty_dis) / (pop_cni_under18_dis + pop_cni_18to64_dis + pop_cni_65plus_dis). Replaces age-split indicators per 2024 revision.
01,Alabama,AL,2024,rel_score_poverty,WE,relative,Below Poverty Line: Relative,0.21856474050456803,NA,0.21856474050456803,lower_better,none,1,acs_ready,Source: ACS B18130 age-split count columns already in national_data from main pipeline. pct_cni_dis_poverty is a DERIVED all-ages aggregate computed in script 02 as: (pop_cni_under18_poverty_dis + pop_cni_18to64_poverty_dis + pop_cni_65plus_poverty_dis) / (pop_cni_under18_dis + pop_cni_18to64_dis + pop_cni_65plus_dis). Replaces age-split indicators per 2024 revision.
02,Alaska,AK,2024,rel_score_poverty,WE,relative,Below Poverty Line: Relative,0.17011283100399763,NA,0.17011283100399763,lower_better,none,1,acs_ready,Source: ACS B18130 age-split count columns already in national_data from main pipeline. pct_cni_dis_poverty is a DERIVED all-ages aggregate computed in script 02 as: (pop_cni_under18_poverty_dis + pop_cni_18to64_poverty_dis + pop_cni_65plus_poverty_dis) / (pop_cni_under18_dis + pop_cni_18to64_dis + pop_cni_65plus_dis). Replaces age-split indicators per 2024 revision.
04,Arizona,AZ,2024,rel_score_poverty,WE,relative,Below Poverty Line: Relative,0.18171266094999866,NA,0.18171266094999866,lower_better,none,1,acs_ready,Source: ACS B18130 age-split count columns already in national_data from main pipeline. pct_cni_dis_poverty is a DERIVED all-ages aggregate computed in script 02 as: (pop_cni_under18_poverty_dis + pop_cni_18to64_poverty_dis + pop_cni_65plus_poverty_dis) / (pop_cni_under18_dis + pop_cni_18to64_dis + pop_cni_65plus_dis). Replaces age-split indicators per 2024 revision.
05,Arkansas,AR,2024,rel_score_poverty,WE,relative,Below Poverty Line: Relative,0.23800352118567655,NA,0.23800352118567655,lower_better,none,1,acs_ready,Source: ACS B18130 age-split count columns already in national_data from main pipeline. pct_cni_dis_poverty is a DERIVED all-ages aggregate computed in script 02 as: (pop_cni_under18_poverty_dis + pop_cni_18to64_poverty_dis + pop_cni_65plus_poverty_dis) / (pop_cni_under18_dis + pop_cni_18to64_dis + pop_cni_65plus_dis). Replaces age-split indicators per 2024 revision.
06,California,CA,2024,rel_score_poverty,WE,relative,Below Poverty Line: Relative,0.19236844929764954,NA,0.19236844929764954,lower_better,none,1,acs_ready,Source: ACS B18130 age-split count columns already in national_data from main pipeline. pct_cni_dis_poverty is a DERIVED all-ages aggregate computed in script 02 as: (pop_cni_under18_poverty_dis + pop_cni_18to64_poverty_dis + pop_cni_65plus_poverty_dis) / (pop_cni_under18_dis + pop_cni_18to64_dis + pop_cni_65plus_dis). Replaces age-split indicators per 2024 revision.
08,Colorado,CO,2024,rel_score_poverty,WE,relative,Below Poverty Line: Relative,0.16260949361808627,NA,0.16260949361808627,lower_better,none,1,acs_ready,Source: ACS B18130 age-split count columns already in national_data from main pipeline. pct_cni_dis_poverty is a DERIVED all-ages aggregate computed in script 02 as: (pop_cni_under18_poverty_dis + pop_cni_18to64_poverty_dis + pop_cni_65plus_poverty_dis) / (pop_cni_under18_dis + pop_cni_18to64_dis + pop_cni_65plus_dis). Replaces age-split indicators per 2024 revision.
09,Connecticut,CT,2024,rel_score_poverty,WE,relative,Below Poverty Line: Relative,0.1935207770661759,NA,0.1935207770661759,lower_better,none,1,acs_ready,Source: ACS B18130 age-split count columns already in national_data from main pipeline. pct_cni_dis_poverty is a DERIVED all-ages aggregate computed in script 02 as: (pop_cni_under18_poverty_dis + pop_cni_18to64_poverty_dis + pop_cni_65plus_poverty_dis) / (pop_cni_under18_dis + pop_cni_18to64_dis + pop_cni_65plus_dis). Replaces age-split indicators per 2024 revision.
10,Delaware,DE,2024,rel_score_poverty,WE,relative,Below Poverty Line: Relative,0.1595692160126386,NA,0.1595692160126386,lower_better,none,1,acs_ready,Source: ACS B18130 age-split count columns already in national_data from main pipeline. pct_cni_dis_poverty is a DERIVED all-ages aggregate computed in script 02 as: (pop_cni_under18_poverty_dis + pop_cni_18to64_poverty_dis + pop_cni_65plus_poverty_dis) / (pop_cni_under18_dis + pop_cni_18to64_dis + pop_cni_65plus_dis). Replaces age-split indicators per 2024 revision.
11,District of Columbia,DC,2024,rel_score_poverty,WE,relative,Below Poverty Line: Relative,0.29940500935356473,NA,0.29940500935356473,lower_better,none,1,acs_ready,Source: ACS B18130 age-split count columns already in national_data from main pipeline. pct_cni_dis_poverty is a DERIVED all-ages aggregate computed in script 02 as: (pop_cni_under18_poverty_dis + pop_cni_18to64_poverty_dis + pop_cni_65plus_poverty_dis) / (pop_cni_under18_dis + pop_cni_18to64_dis + pop_cni_65plus_dis). Replaces age-split indicators per 2024 revision.
12,Florida,FL,2024,rel_score_poverty,WE,relative,Below Poverty Line: Relative,0.18684116532493106,NA,0.18684116532493106,lower_better,none,1,acs_ready,Source: ACS B18130 age-split count columns already in national_data from main pipeline. pct_cni_dis_poverty is a DERIVED all-ages aggregate computed in script 02 as: (pop_cni_under18_poverty_dis + pop_cni_18to64_poverty_dis + pop_cni_65plus_poverty_dis) / (pop_cni_under18_dis + pop_cni_18to64_dis + pop_cni_65plus_dis). Replaces age-split indicators per 2024 revision.
13,Georgia,GA,2024,rel_score_poverty,WE,relative,Below Poverty Line: Relative,0.19649109091038316,NA,0.19649109091038316,lower_better,none,1,acs_ready,Source: ACS B18130 age-split count columns already in national_data from main pipeline. pct_cni_dis_poverty is a DERIVED all-ages aggregate computed in script 02 as: (pop_cni_under18_poverty_dis + pop_cni_18to64_poverty_dis + pop_cni_65plus_poverty_dis) / (pop_cni_under18_dis + pop_cni_18to64_dis + pop_cni_65plus_dis). Replaces age-split indicators per 2024 revision.
15,Hawaii,HI,2024,rel_score_poverty,WE,relative,Below Poverty Line: Relative,0.16753219076674594,NA,0.16753219076674594,lower_better,none,1,acs_ready,Source: ACS B18130 age-split count columns already in national_data from main pipeline. pct_cni_dis_poverty is a DERIVED all-ages aggregate computed in script 02 as: (pop_cni_under18_poverty_dis + pop_cni_18to64_poverty_dis + pop_cni_65plus_poverty_dis) / (pop_cni_under18_dis + pop_cni_18to64_dis + pop_cni_65plus_dis). Replaces age-split indicators per 2024 revision.
16,Idaho,ID,2024,rel_score_poverty,WE,relative,Below Poverty Line: Relative,0.16219953042894944,NA,0.16219953042894944,lower_better,none,1,acs_ready,Source: ACS B18130 age-split count columns already in national_data from main pipeline. pct_cni_dis_poverty is a DERIVED all-ages aggregate computed in script 02 as: (pop_cni_under18_poverty_dis + pop_cni_18to64_poverty_dis + pop_cni_65plus_poverty_dis) / (pop_cni_under18_dis + pop_cni_18to64_dis + pop_cni_65plus_dis). Replaces age-split indicators per 2024 revision.
17,Illinois,IL,2024,rel_score_poverty,WE,relative,Below Poverty Line: Relative,0.20075223505955525,NA,0.20075223505955525,lower_better,none,1,acs_ready,Source: ACS B18130 age-split count columns already in national_data from main pipeline. pct_cni_dis_poverty is a DERIVED all-ages aggregate computed in script 02 as: (pop_cni_under18_poverty_dis + pop_cni_18to64_poverty_dis + pop_cni_65plus_poverty_dis) / (pop_cni_under18_dis + pop_cni_18to64_dis + pop_cni_65plus_dis). Replaces age-split indicators per 2024 revision.
18,Indiana,IN,2024,rel_score_poverty,WE,relative,Below Poverty Line: Relative,0.20171267551420013,NA,0.20171267551420013,lower_better,none,1,acs_ready,Source: ACS B18130 age-split count columns already in national_data from main pipeline. pct_cni_dis_poverty is a DERIVED all-ages aggregate computed in script 02 as: (pop_cni_under18_poverty_dis + pop_cni_18to64_poverty_dis + pop_cni_65plus_poverty_dis) / (pop_cni_under18_dis + pop_cni_18to64_dis + pop_cni_65plus_dis). Replaces age-split indicators per 2024 revision.
19,Iowa,IA,2024,rel_score_poverty,WE,relative,Below Poverty Line: Relative,0.18900082113316377,NA,0.18900082113316377,lower_better,none,1,acs_ready,Source: ACS B18130 age-split count columns already in national_data from main pipeline. pct_cni_dis_poverty is a DERIVED all-ages aggregate computed in script 02 as: (pop_cni_under18_poverty_dis + pop_cni_18to64_poverty_dis + pop_cni_65plus_poverty_dis) / (pop_cni_under18_dis + pop_cni_18to64_dis + pop_cni_65plus_dis). Replaces age-split indicators per 2024 revision.
20,Kansas,KS,2024,rel_score_poverty,WE,relative,Below Poverty Line: Relative,0.19421758016396062,NA,0.19421758016396062,lower_better,none,1,acs_ready,Source: ACS B18130 age-split count columns already in national_data from main pipeline. pct_cni_dis_poverty is a DERIVED all-ages aggregate computed in script 02 as: (pop_cni_under18_poverty_dis + pop_cni_18to64_poverty_dis + pop_cni_65plus_poverty_dis) / (pop_cni_under18_dis + pop_cni_18to64_dis + pop_cni_65plus_dis). Replaces age-split indicators per 2024 revision.
21,Kentucky,KY,2024,rel_score_poverty,WE,relative,Below Poverty Line: Relative,0.25496978956435357,NA,0.25496978956435357,lower_better,none,1,acs_ready,Source: ACS B18130 age-split count columns already in national_data from main pipeline. pct_cni_dis_poverty is a DERIVED all-ages aggregate computed in script 02 as: (pop_cni_under18_poverty_dis + pop_cni_18to64_poverty_dis + pop_cni_65plus_poverty_dis) / (pop_cni_under18_dis + pop_cni_18to64_dis + pop_cni_65plus_dis). Replaces age-split indicators per 2024 revision.
22,Louisiana,LA,2024,rel_score_poverty,WE,relative,Below Poverty Line: Relative,0.25608601963657,NA,0.25608601963657,lower_better,none,1,acs_ready,Source: ACS B18130 age-split count columns already in national_data from main pipeline. pct_cni_dis_poverty is a DERIVED all-ages aggregate computed in script 02 as: (pop_cni_under18_poverty_dis + pop_cni_18to64_poverty_dis + pop_cni_65plus_poverty_dis) / (pop_cni_under18_dis + pop_cni_18to64_dis + pop_cni_65plus_dis). Replaces age-split indicators per 2024 revision.
23,Maine,ME,2024,rel_score_poverty,WE,relative,Below Poverty Line: Relative,0.2074051831662586,NA,0.2074051831662586,lower_better,none,1,acs_ready,Source: ACS B18130 age-split count columns already in national_data from main pipeline. pct_cni_dis_poverty is a DERIVED all-ages aggregate computed in script 02 as: (pop_cni_under18_poverty_dis + pop_cni_18to64_poverty_dis + pop_cni_65plus_poverty_dis) / (pop_cni_under18_dis + pop_cni_18to64_dis + pop_cni_65plus_dis). Replaces age-split indicators per 2024 revision.
24,Maryland,MD,2024,rel_score_poverty,WE,relative,Below Poverty Line: Relative,0.17799363241352387,NA,0.17799363241352387,lower_better,none,1,acs_ready,Source: ACS B18130 age-split count columns already in national_data from main pipeline. pct_cni_dis_poverty is a DERIVED all-ages aggregate computed in script 02 as: (pop_cni_under18_poverty_dis + pop_cni_18to64_poverty_dis + pop_cni_65plus_poverty_dis) / (pop_cni_under18_dis + pop_cni_18to64_dis + pop_cni_65plus_dis). Replaces age-split indicators per 2024 revision.
25,Massachusetts,MA,2024,rel_score_poverty,WE,relative,Below Poverty Line: Relative,0.21166328034554424,NA,0.21166328034554424,lower_better,none,1,acs_ready,Source: ACS B18130 age-split count columns already in national_data from main pipeline. pct_cni_dis_poverty is a DERIVED all-ages aggregate computed in script 02 as: (pop_cni_under18_poverty_dis + pop_cni_18to64_poverty_dis + pop_cni_65plus_poverty_dis) / (pop_cni_under18_dis + pop_cni_18to64_dis + pop_cni_65plus_dis). Replaces age-split indicators per 2024 revision.
26,Michigan,MI,2024,rel_score_poverty,WE,relative,Below Poverty Line: Relative,0.2139936759281681,NA,0.2139936759281681,lower_better,none,1,acs_ready,Source: ACS B18130 age-split count columns already in national_data from main pipeline. pct_cni_dis_poverty is a DERIVED all-ages aggregate computed in script 02 as: (pop_cni_under18_poverty_dis + pop_cni_18to64_poverty_dis + pop_cni_65plus_poverty_dis) / (pop_cni_under18_dis + pop_cni_18to64_dis + pop_cni_65plus_dis). Replaces age-split indicators per 2024 revision.
27,Minnesota,MN,2024,rel_score_poverty,WE,relative,Below Poverty Line: Relative,0.19600046689516232,NA,0.19600046689516232,lower_better,none,1,acs_ready,Source: ACS B18130 age-split count columns already in national_data from main pipeline. pct_cni_dis_poverty is a DERIVED all-ages aggregate computed in script 02 as: (pop_cni_under18_poverty_dis + pop_cni_18to64_poverty_dis + pop_cni_65plus_poverty_dis) / (pop_cni_under18_dis + pop_cni_18to64_dis + pop_cni_65plus_dis). Replaces age-split indicators per 2024 revision.
28,Mississippi,MS,2024,rel_score_poverty,WE,relative,Below Poverty Line: Relative,0.2570578508524474,NA,0.2570578508524474,lower_better,none,1,acs_ready,Source: ACS B18130 age-split count columns already in national_data from main pipeline. pct_cni_dis_poverty is a DERIVED all-ages aggregate computed in script 02 as: (pop_cni_under18_poverty_dis + pop_cni_18to64_poverty_dis + pop_cni_65plus_poverty_dis) / (pop_cni_under18_dis + pop_cni_18to64_dis + pop_cni_65plus_dis). Replaces age-split indicators per 2024 revision.
29,Missouri,MO,2024,rel_score_poverty,WE,relative,Below Poverty Line: Relative,0.2179636022203198,NA,0.2179636022203198,lower_better,none,1,acs_ready,Source: ACS B18130 age-split count columns already in national_data from main pipeline. pct_cni_dis_poverty is a DERIVED all-ages aggregate computed in script 02 as: (pop_cni_under18_poverty_dis + pop_cni_18to64_poverty_dis + pop_cni_65plus_poverty_dis) / (pop_cni_under18_dis + pop_cni_18to64_dis + pop_cni_65plus_dis). Replaces age-split indicators per 2024 revision.
30,Montana,MT,2024,rel_score_poverty,WE,relative,Below Poverty Line: Relative,0.184695163626559,NA,0.184695163626559,lower_better,none,1,acs_ready,Source: ACS B18130 age-split count columns already in national_data from main pipeline. pct_cni_dis_poverty is a DERIVED all-ages aggregate computed in script 02 as: (pop_cni_under18_poverty_dis + pop_cni_18to64_poverty_dis + pop_cni_65plus_poverty_dis) / (pop_cni_under18_dis + pop_cni_18to64_dis + pop_cni_65plus_dis). Replaces age-split indicators per 2024 revision.
31,Nebraska,NE,2024,rel_score_poverty,WE,relative,Below Poverty Line: Relative,0.1878137722606589,NA,0.1878137722606589,lower_better,none,1,acs_ready,Source: ACS B18130 age-split count columns already in national_data from main pipeline. pct_cni_dis_poverty is a DERIVED all-ages aggregate computed in script 02 as: (pop_cni_under18_poverty_dis + pop_cni_18to64_poverty_dis + pop_cni_65plus_poverty_dis) / (pop_cni_under18_dis + pop_cni_18to64_dis + pop_cni_65plus_dis). Replaces age-split indicators per 2024 revision.
32,Nevada,NV,2024,rel_score_poverty,WE,relative,Below Poverty Line: Relative,0.17498243308602768,NA,0.17498243308602768,lower_better,none,1,acs_ready,Source: ACS B18130 age-split count columns already in national_data from main pipeline. pct_cni_dis_poverty is a DERIVED all-ages aggregate computed in script 02 as: (pop_cni_under18_poverty_dis + pop_cni_18to64_poverty_dis + pop_cni_65plus_poverty_dis) / (pop_cni_under18_dis + pop_cni_18to64_dis + pop_cni_65plus_dis). Replaces age-split indicators per 2024 revision.
33,New Hampshire,NH,2024,rel_score_poverty,WE,relative,Below Poverty Line: Relative,0.1563736396216696,NA,0.1563736396216696,lower_better,none,1,acs_ready,Source: ACS B18130 age-split count columns already in national_data from main pipeline. pct_cni_dis_poverty is a DERIVED all-ages aggregate computed in script 02 as: (pop_cni_under18_poverty_dis + pop_cni_18to64_poverty_dis + pop_cni_65plus_poverty_dis) / (pop_cni_under18_dis + pop_cni_18to64_dis + pop_cni_65plus_dis). Replaces age-split indicators per 2024 revision.
34,New Jersey,NJ,2024,rel_score_poverty,WE,relative,Below Poverty Line: Relative,0.1686671984514853,NA,0.1686671984514853,lower_better,none,1,acs_ready,Source: ACS B18130 age-split count columns already in national_data from main pipeline. pct_cni_dis_poverty is a DERIVED all-ages aggregate computed in script 02 as: (pop_cni_under18_poverty_dis + pop_cni_18to64_poverty_dis + pop_cni_65plus_poverty_dis) / (pop_cni_under18_dis + pop_cni_18to64_dis + pop_cni_65plus_dis). Replaces age-split indicators per 2024 revision.
35,New Mexico,NM,2024,rel_score_poverty,WE,relative,Below Poverty Line: Relative,0.23854355556435666,NA,0.23854355556435666,lower_better,none,1,acs_ready,Source: ACS B18130 age-split count columns already in national_data from main pipeline. pct_cni_dis_poverty is a DERIVED all-ages aggregate computed in script 02 as: (pop_cni_under18_poverty_dis + pop_cni_18to64_poverty_dis + pop_cni_65plus_poverty_dis) / (pop_cni_under18_dis + pop_cni_18to64_dis + pop_cni_65plus_dis). Replaces age-split indicators per 2024 revision.
36,New York,NY,2024,rel_score_poverty,WE,relative,Below Poverty Line: Relative,0.2462468777801279,NA,0.2462468777801279,lower_better,none,1,acs_ready,Source: ACS B18130 age-split count columns already in national_data from main pipeline. pct_cni_dis_poverty is a DERIVED all-ages aggregate computed in script 02 as: (pop_cni_under18_poverty_dis + pop_cni_18to64_poverty_dis + pop_cni_65plus_poverty_dis) / (pop_cni_under18_dis + pop_cni_18to64_dis + pop_cni_65plus_dis). Replaces age-split indicators per 2024 revision.
37,North Carolina,NC,2024,rel_score_poverty,WE,relative,Below Poverty Line: Relative,0.20390496752989487,NA,0.20390496752989487,lower_better,none,1,acs_ready,Source: ACS B18130 age-split count columns already in national_data from main pipeline. pct_cni_dis_poverty is a DERIVED all-ages aggregate computed in script 02 as: (pop_cni_under18_poverty_dis + pop_cni_18to64_poverty_dis + pop_cni_65plus_poverty_dis) / (pop_cni_under18_dis + pop_cni_18to64_dis + pop_cni_65plus_dis). Replaces age-split indicators per 2024 revision.
38,North Dakota,ND,2024,rel_score_poverty,WE,relative,Below Poverty Line: Relative,0.20063199730695305,NA,0.20063199730695305,lower_better,none,1,acs_ready,Source: ACS B18130 age-split count columns already in national_data from main pipeline. pct_cni_dis_poverty is a DERIVED all-ages aggregate computed in script 02 as: (pop_cni_under18_poverty_dis + pop_cni_18to64_poverty_dis + pop_cni_65plus_poverty_dis) / (pop_cni_under18_dis + pop_cni_18to64_dis + pop_cni_65plus_dis). Replaces age-split indicators per 2024 revision.
39,Ohio,OH,2024,rel_score_poverty,WE,relative,Below Poverty Line: Relative,0.222713338433616,NA,0.222713338433616,lower_better,none,1,acs_ready,Source: ACS B18130 age-split count columns already in national_data from main pipeline. pct_cni_dis_poverty is a DERIVED all-ages aggregate computed in script 02 as: (pop_cni_under18_poverty_dis + pop_cni_18to64_poverty_dis + pop_cni_65plus_poverty_dis) / (pop_cni_under18_dis + pop_cni_18to64_dis + pop_cni_65plus_dis). Replaces age-split indicators per 2024 revision.
40,Oklahoma,OK,2024,rel_score_poverty,WE,relative,Below Poverty Line: Relative,0.2134165163847866,NA,0.2134165163847866,lower_better,none,1,acs_ready,Source: ACS B18130 age-split count columns already in national_data from main pipeline. pct_cni_dis_poverty is a DERIVED all-ages aggregate computed in script 02 as: (pop_cni_under18_poverty_dis + pop_cni_18to64_poverty_dis + pop_cni_65plus_poverty_dis) / (pop_cni_under18_dis + pop_cni_18to64_dis + pop_cni_65plus_dis). Replaces age-split indicators per 2024 revision.
41,Oregon,OR,2024,rel_score_poverty,WE,relative,Below Poverty Line: Relative,0.20662536849530697,NA,0.20662536849530697,lower_better,none,1,acs_ready,Source: ACS B18130 age-split count columns already in national_data from main pipeline. pct_cni_dis_poverty is a DERIVED all-ages aggregate computed in script 02 as: (pop_cni_under18_poverty_dis + pop_cni_18to64_poverty_dis + pop_cni_65plus_poverty_dis) / (pop_cni_under18_dis + pop_cni_18to64_dis + pop_cni_65plus_dis). Replaces age-split indicators per 2024 revision.
42,Pennsylvania,PA,2024,rel_score_poverty,WE,relative,Below Poverty Line: Relative,0.20941234816030488,NA,0.20941234816030488,lower_better,none,1,acs_ready,Source: ACS B18130 age-split count columns already in national_data from main pipeline. pct_cni_dis_poverty is a DERIVED all-ages aggregate computed in script 02 as: (pop_cni_under18_poverty_dis + pop_cni_18to64_poverty_dis + pop_cni_65plus_poverty_dis) / (pop_cni_under18_dis + pop_cni_18to64_dis + pop_cni_65plus_dis). Replaces age-split indicators per 2024 revision.
44,Rhode Island,RI,2024,rel_score_poverty,WE,relative,Below Poverty Line: Relative,0.20775920450049953,NA,0.20775920450049953,lower_better,none,1,acs_ready,Source: ACS B18130 age-split count columns already in national_data from main pipeline. pct_cni_dis_poverty is a DERIVED all-ages aggregate computed in script 02 as: (pop_cni_under18_poverty_dis + pop_cni_18to64_poverty_dis + pop_cni_65plus_poverty_dis) / (pop_cni_under18_dis + pop_cni_18to64_dis + pop_cni_65plus_dis). Replaces age-split indicators per 2024 revision.
45,South Carolina,SC,2024,rel_score_poverty,WE,relative,Below Poverty Line: Relative,0.2041135617797451,NA,0.2041135617797451,lower_better,none,1,acs_ready,Source: ACS B18130 age-split count columns already in national_data from main pipeline. pct_cni_dis_poverty is a DERIVED all-ages aggregate computed in script 02 as: (pop_cni_under18_poverty_dis + pop_cni_18to64_poverty_dis + pop_cni_65plus_poverty_dis) / (pop_cni_under18_dis + pop_cni_18to64_dis + pop_cni_65plus_dis). Replaces age-split indicators per 2024 revision.
46,South Dakota,SD,2024,rel_score_poverty,WE,relative,Below Poverty Line: Relative,0.20481873248350058,NA,0.20481873248350058,lower_better,none,1,acs_ready,Source: ACS B18130 age-split count columns already in national_data from main pipeline. pct_cni_dis_poverty is a DERIVED all-ages aggregate computed in script 02 as: (pop_cni_under18_poverty_dis + pop_cni_18to64_poverty_dis + pop_cni_65plus_poverty_dis) / (pop_cni_under18_dis + pop_cni_18to64_dis + pop_cni_65plus_dis). Replaces age-split indicators per 2024 revision.
47,Tennessee,TN,2024,rel_score_poverty,WE,relative,Below Poverty Line: Relative,0.21482488373234807,NA,0.21482488373234807,lower_better,none,1,acs_ready,Source: ACS B18130 age-split count columns already in national_data from main pipeline. pct_cni_dis_poverty is a DERIVED all-ages aggregate computed in script 02 as: (pop_cni_under18_poverty_dis + pop_cni_18to64_poverty_dis + pop_cni_65plus_poverty_dis) / (pop_cni_under18_dis + pop_cni_18to64_dis + pop_cni_65plus_dis). Replaces age-split indicators per 2024 revision.
48,Texas,TX,2024,rel_score_poverty,WE,relative,Below Poverty Line: Relative,0.19986307461912317,NA,0.19986307461912317,lower_better,none,1,acs_ready,Source: ACS B18130 age-split count columns already in national_data from main pipeline. pct_cni_dis_poverty is a DERIVED all-ages aggregate computed in script 02 as: (pop_cni_under18_poverty_dis + pop_cni_18to64_poverty_dis + pop_cni_65plus_poverty_dis) / (pop_cni_under18_dis + pop_cni_18to64_dis + pop_cni_65plus_dis). Replaces age-split indicators per 2024 revision.
49,Utah,UT,2024,rel_score_poverty,WE,relative,Below Poverty Line: Relative,0.14655259128452158,NA,0.14655259128452158,lower_better,none,1,acs_ready,Source: ACS B18130 age-split count columns already in national_data from main pipeline. pct_cni_dis_poverty is a DERIVED all-ages aggregate computed in script 02 as: (pop_cni_under18_poverty_dis + pop_cni_18to64_poverty_dis + pop_cni_65plus_poverty_dis) / (pop_cni_under18_dis + pop_cni_18to64_dis + pop_cni_65plus_dis). Replaces age-split indicators per 2024 revision.
50,Vermont,VT,2024,rel_score_poverty,WE,relative,Below Poverty Line: Relative,0.20067990386072798,NA,0.20067990386072798,lower_better,none,1,acs_ready,Source: ACS B18130 age-split count columns already in national_data from main pipeline. pct_cni_dis_poverty is a DERIVED all-ages aggregate computed in script 02 as: (pop_cni_under18_poverty_dis + pop_cni_18to64_poverty_dis + pop_cni_65plus_poverty_dis) / (pop_cni_under18_dis + pop_cni_18to64_dis + pop_cni_65plus_dis). Replaces age-split indicators per 2024 revision.
51,Virginia,VA,2024,rel_score_poverty,WE,relative,Below Poverty Line: Relative,0.17103575846298755,NA,0.17103575846298755,lower_better,none,1,acs_ready,Source: ACS B18130 age-split count columns already in national_data from main pipeline. pct_cni_dis_poverty is a DERIVED all-ages aggregate computed in script 02 as: (pop_cni_under18_poverty_dis + pop_cni_18to64_poverty_dis + pop_cni_65plus_poverty_dis) / (pop_cni_under18_dis + pop_cni_18to64_dis + pop_cni_65plus_dis). Replaces age-split indicators per 2024 revision.
53,Washington,WA,2024,rel_score_poverty,WE,relative,Below Poverty Line: Relative,0.18180167613865608,NA,0.18180167613865608,lower_better,none,1,acs_ready,Source: ACS B18130 age-split count columns already in national_data from main pipeline. pct_cni_dis_poverty is a DERIVED all-ages aggregate computed in script 02 as: (pop_cni_under18_poverty_dis + pop_cni_18to64_poverty_dis + pop_cni_65plus_poverty_dis) / (pop_cni_under18_dis + pop_cni_18to64_dis + pop_cni_65plus_dis). Replaces age-split indicators per 2024 revision.
54,West Virginia,WV,2024,rel_score_poverty,WE,relative,Below Poverty Line: Relative,0.24851570148354546,NA,0.24851570148354546,lower_better,none,1,acs_ready,Source: ACS B18130 age-split count columns already in national_data from main pipeline. pct_cni_dis_poverty is a DERIVED all-ages aggregate computed in script 02 as: (pop_cni_under18_poverty_dis + pop_cni_18to64_poverty_dis + pop_cni_65plus_poverty_dis) / (pop_cni_under18_dis + pop_cni_18to64_dis + pop_cni_65plus_dis). Replaces age-split indicators per 2024 revision.
55,Wisconsin,WI,2024,rel_score_poverty,WE,relative,Below Poverty Line: Relative,0.1876198278937043,NA,0.1876198278937043,lower_better,none,1,acs_ready,Source: ACS B18130 age-split count columns already in national_data from main pipeline. pct_cni_dis_poverty is a DERIVED all-ages aggregate computed in script 02 as: (pop_cni_under18_poverty_dis + pop_cni_18to64_poverty_dis + pop_cni_65plus_poverty_dis) / (pop_cni_under18_dis + pop_cni_18to64_dis + pop_cni_65plus_dis). Replaces age-split indicators per 2024 revision.
56,Wyoming,WY,2024,rel_score_poverty,WE,relative,Below Poverty Line: Relative,0.1625482961251289,NA,0.1625482961251289,lower_better,none,1,acs_ready,Source: ACS B18130 age-split count columns already in national_data from main pipeline. pct_cni_dis_poverty is a DERIVED all-ages aggregate computed in script 02 as: (pop_cni_under18_poverty_dis + pop_cni_18to64_poverty_dis + pop_cni_65plus_poverty_dis) / (pop_cni_under18_dis + pop_cni_18to64_dis + pop_cni_65plus_dis). Replaces age-split indicators per 2024 revision.
72,Puerto Rico,PR,2024,rel_score_poverty,WE,relative,Below Poverty Line: Relative,0.47213566072305413,NA,0.47213566072305413,lower_better,none,1,acs_ready,Source: ACS B18130 age-split count columns already in national_data from main pipeline. pct_cni_dis_poverty is a DERIVED all-ages aggregate computed in script 02 as: (pop_cni_under18_poverty_dis + pop_cni_18to64_poverty_dis + pop_cni_65plus_poverty_dis) / (pop_cni_under18_dis + pop_cni_18to64_dis + pop_cni_65plus_dis). Replaces age-split indicators per 2024 revision.
000,United States,USA,2024,eq_score_poverty,WE,equity,Below Poverty Line: Equity,0.20311519007944112,0.11157808660444105,-0.09153710347500008,lower_better,none,1,acs_ready,PWOD: pct_cni_nodis_poverty derived the same way from nodis count columns in national_data. Computed in script 02 alongside PWD version.
01,Alabama,AL,2024,eq_score_poverty,WE,equity,Below Poverty Line: Equity,0.21856474050456803,0.1421813188923455,-0.07638342161222253,lower_better,none,1,acs_ready,PWOD: pct_cni_nodis_poverty derived the same way from nodis count columns in national_data. Computed in script 02 alongside PWD version.
02,Alaska,AK,2024,eq_score_poverty,WE,equity,Below Poverty Line: Equity,0.17011283100399763,0.09275283847984919,-0.07735999252414844,lower_better,none,1,acs_ready,PWOD: pct_cni_nodis_poverty derived the same way from nodis count columns in national_data. Computed in script 02 alongside PWD version.
04,Arizona,AZ,2024,eq_score_poverty,WE,equity,Below Poverty Line: Equity,0.18171266094999866,0.11523782916489386,-0.0664748317851048,lower_better,none,1,acs_ready,PWOD: pct_cni_nodis_poverty derived the same way from nodis count columns in national_data. Computed in script 02 alongside PWD version.
05,Arkansas,AR,2024,eq_score_poverty,WE,equity,Below Poverty Line: Equity,0.23800352118567655,0.141285559118017,-0.09671796206765956,lower_better,none,1,acs_ready,PWOD: pct_cni_nodis_poverty derived the same way from nodis count columns in national_data. Computed in script 02 alongside PWD version.
06,California,CA,2024,eq_score_poverty,WE,equity,Below Poverty Line: Equity,0.19236844929764954,0.11010831448996515,-0.08226013480768439,lower_better,none,1,acs_ready,PWOD: pct_cni_nodis_poverty derived the same way from nodis count columns in national_data. Computed in script 02 alongside PWD version.
08,Colorado,CO,2024,eq_score_poverty,WE,equity,Below Poverty Line: Equity,0.16260949361808627,0.08519532523036262,-0.07741416838772365,lower_better,none,1,acs_ready,PWOD: pct_cni_nodis_poverty derived the same way from nodis count columns in national_data. Computed in script 02 alongside PWD version.
09,Connecticut,CT,2024,eq_score_poverty,WE,equity,Below Poverty Line: Equity,0.1935207770661759,0.08577167415241867,-0.10774910291375724,lower_better,none,1,acs_ready,PWOD: pct_cni_nodis_poverty derived the same way from nodis count columns in national_data. Computed in script 02 alongside PWD version.
10,Delaware,DE,2024,eq_score_poverty,WE,equity,Below Poverty Line: Equity,0.1595692160126386,0.09400243180682784,-0.06556678420581076,lower_better,none,1,acs_ready,PWOD: pct_cni_nodis_poverty derived the same way from nodis count columns in national_data. Computed in script 02 alongside PWD version.
11,District of Columbia,DC,2024,eq_score_poverty,WE,equity,Below Poverty Line: Equity,0.29940500935356473,0.13142846546253933,-0.1679765438910254,lower_better,none,1,acs_ready,PWOD: pct_cni_nodis_poverty derived the same way from nodis count columns in national_data. Computed in script 02 alongside PWD version.
12,Florida,FL,2024,eq_score_poverty,WE,equity,Below Poverty Line: Equity,0.18684116532493106,0.11550298926738875,-0.07133817605754231,lower_better,none,1,acs_ready,PWOD: pct_cni_nodis_poverty derived the same way from nodis count columns in national_data. Computed in script 02 alongside PWD version.
13,Georgia,GA,2024,eq_score_poverty,WE,equity,Below Poverty Line: Equity,0.19649109091038316,0.1237993338577403,-0.07269175705264286,lower_better,none,1,acs_ready,PWOD: pct_cni_nodis_poverty derived the same way from nodis count columns in national_data. Computed in script 02 alongside PWD version.
15,Hawaii,HI,2024,eq_score_poverty,WE,equity,Below Poverty Line: Equity,0.16753219076674594,0.09222602445818137,-0.07530616630856457,lower_better,none,1,acs_ready,PWOD: pct_cni_nodis_poverty derived the same way from nodis count columns in national_data. Computed in script 02 alongside PWD version.
16,Idaho,ID,2024,eq_score_poverty,WE,equity,Below Poverty Line: Equity,0.16219953042894944,0.09546214166345289,-0.06673738876549655,lower_better,none,1,acs_ready,PWOD: pct_cni_nodis_poverty derived the same way from nodis count columns in national_data. Computed in script 02 alongside PWD version.
17,Illinois,IL,2024,eq_score_poverty,WE,equity,Below Poverty Line: Equity,0.20075223505955525,0.10583185906280597,-0.09492037599674928,lower_better,none,1,acs_ready,PWOD: pct_cni_nodis_poverty derived the same way from nodis count columns in national_data. Computed in script 02 alongside PWD version.
18,Indiana,IN,2024,eq_score_poverty,WE,equity,Below Poverty Line: Equity,0.20171267551420013,0.10888261533007171,-0.09283006018412843,lower_better,none,1,acs_ready,PWOD: pct_cni_nodis_poverty derived the same way from nodis count columns in national_data. Computed in script 02 alongside PWD version.
19,Iowa,IA,2024,eq_score_poverty,WE,equity,Below Poverty Line: Equity,0.18900082113316377,0.09763391040563248,-0.0913669107275313,lower_better,none,1,acs_ready,PWOD: pct_cni_nodis_poverty derived the same way from nodis count columns in national_data. Computed in script 02 alongside PWD version.
20,Kansas,KS,2024,eq_score_poverty,WE,equity,Below Poverty Line: Equity,0.19421758016396062,0.09917561356629644,-0.09504196659766419,lower_better,none,1,acs_ready,PWOD: pct_cni_nodis_poverty derived the same way from nodis count columns in national_data. Computed in script 02 alongside PWD version.
21,Kentucky,KY,2024,eq_score_poverty,WE,equity,Below Poverty Line: Equity,0.25496978956435357,0.13872141065266852,-0.11624837891168505,lower_better,none,1,acs_ready,PWOD: pct_cni_nodis_poverty derived the same way from nodis count columns in national_data. Computed in script 02 alongside PWD version.
22,Louisiana,LA,2024,eq_score_poverty,WE,equity,Below Poverty Line: Equity,0.25608601963657,0.17511484268318397,-0.08097117695338604,lower_better,none,1,acs_ready,PWOD: pct_cni_nodis_poverty derived the same way from nodis count columns in national_data. Computed in script 02 alongside PWD version.
23,Maine,ME,2024,eq_score_poverty,WE,equity,Below Poverty Line: Equity,0.2074051831662586,0.08690144854609988,-0.12050373462015873,lower_better,none,1,acs_ready,PWOD: pct_cni_nodis_poverty derived the same way from nodis count columns in national_data. Computed in script 02 alongside PWD version.
24,Maryland,MD,2024,eq_score_poverty,WE,equity,Below Poverty Line: Equity,0.17799363241352387,0.08311583056439807,-0.0948778018491258,lower_better,none,1,acs_ready,PWOD: pct_cni_nodis_poverty derived the same way from nodis count columns in national_data. Computed in script 02 alongside PWD version.
25,Massachusetts,MA,2024,eq_score_poverty,WE,equity,Below Poverty Line: Equity,0.21166328034554424,0.0823318240424837,-0.12933145630306053,lower_better,none,1,acs_ready,PWOD: pct_cni_nodis_poverty derived the same way from nodis count columns in national_data. Computed in script 02 alongside PWD version.
26,Michigan,MI,2024,eq_score_poverty,WE,equity,Below Poverty Line: Equity,0.2139936759281681,0.11724109670716155,-0.09675257922100654,lower_better,none,1,acs_ready,PWOD: pct_cni_nodis_poverty derived the same way from nodis count columns in national_data. Computed in script 02 alongside PWD version.
27,Minnesota,MN,2024,eq_score_poverty,WE,equity,Below Poverty Line: Equity,0.19600046689516232,0.07863413709269032,-0.117366329802472,lower_better,none,1,acs_ready,PWOD: pct_cni_nodis_poverty derived the same way from nodis count columns in national_data. Computed in script 02 alongside PWD version.
28,Mississippi,MS,2024,eq_score_poverty,WE,equity,Below Poverty Line: Equity,0.2570578508524474,0.1723526745432286,-0.08470517630921881,lower_better,none,1,acs_ready,PWOD: pct_cni_nodis_poverty derived the same way from nodis count columns in national_data. Computed in script 02 alongside PWD version.
29,Missouri,MO,2024,eq_score_poverty,WE,equity,Below Poverty Line: Equity,0.2179636022203198,0.10850364930239828,-0.10945995291792152,lower_better,none,1,acs_ready,PWOD: pct_cni_nodis_poverty derived the same way from nodis count columns in national_data. Computed in script 02 alongside PWD version.
30,Montana,MT,2024,eq_score_poverty,WE,equity,Below Poverty Line: Equity,0.184695163626559,0.10258265488085595,-0.08211250874570304,lower_better,none,1,acs_ready,PWOD: pct_cni_nodis_poverty derived the same way from nodis count columns in national_data. Computed in script 02 alongside PWD version.
31,Nebraska,NE,2024,eq_score_poverty,WE,equity,Below Poverty Line: Equity,0.1878137722606589,0.09350974222444475,-0.09430403003621415,lower_better,none,1,acs_ready,PWOD: pct_cni_nodis_poverty derived the same way from nodis count columns in national_data. Computed in script 02 alongside PWD version.
32,Nevada,NV,2024,eq_score_poverty,WE,equity,Below Poverty Line: Equity,0.17498243308602768,0.1162186981638035,-0.058763734922224184,lower_better,none,1,acs_ready,PWOD: pct_cni_nodis_poverty derived the same way from nodis count columns in national_data. Computed in script 02 alongside PWD version.
33,New Hampshire,NH,2024,eq_score_poverty,WE,equity,Below Poverty Line: Equity,0.1563736396216696,0.05839043078580526,-0.09798320883586435,lower_better,none,1,acs_ready,PWOD: pct_cni_nodis_poverty derived the same way from nodis count columns in national_data. Computed in script 02 alongside PWD version.
34,New Jersey,NJ,2024,eq_score_poverty,WE,equity,Below Poverty Line: Equity,0.1686671984514853,0.08786043544493011,-0.0808067630065552,lower_better,none,1,acs_ready,PWOD: pct_cni_nodis_poverty derived the same way from nodis count columns in national_data. Computed in script 02 alongside PWD version.
35,New Mexico,NM,2024,eq_score_poverty,WE,equity,Below Poverty Line: Equity,0.23854355556435666,0.16601128487339348,-0.07253227069096319,lower_better,none,1,acs_ready,PWOD: pct_cni_nodis_poverty derived the same way from nodis count columns in national_data. Computed in script 02 alongside PWD version.
36,New York,NY,2024,eq_score_poverty,WE,equity,Below Poverty Line: Equity,0.2462468777801279,0.12283505077791455,-0.12341182700221336,lower_better,none,1,acs_ready,PWOD: pct_cni_nodis_poverty derived the same way from nodis count columns in national_data. Computed in script 02 alongside PWD version.
37,North Carolina,NC,2024,eq_score_poverty,WE,equity,Below Poverty Line: Equity,0.20390496752989487,0.1179766176845264,-0.08592834984536847,lower_better,none,1,acs_ready,PWOD: pct_cni_nodis_poverty derived the same way from nodis count columns in national_data. Computed in script 02 alongside PWD version.
38,North Dakota,ND,2024,eq_score_poverty,WE,equity,Below Poverty Line: Equity,0.20063199730695305,0.09417770501562732,-0.10645429229132573,lower_better,none,1,acs_ready,PWOD: pct_cni_nodis_poverty derived the same way from nodis count columns in national_data. Computed in script 02 alongside PWD version.
39,Ohio,OH,2024,eq_score_poverty,WE,equity,Below Poverty Line: Equity,0.222713338433616,0.11650383833032253,-0.10620950010329346,lower_better,none,1,acs_ready,PWOD: pct_cni_nodis_poverty derived the same way from nodis count columns in national_data. Computed in script 02 alongside PWD version.
40,Oklahoma,OK,2024,eq_score_poverty,WE,equity,Below Poverty Line: Equity,0.2134165163847866,0.13974335015453732,-0.07367316623024928,lower_better,none,1,acs_ready,PWOD: pct_cni_nodis_poverty derived the same way from nodis count columns in national_data. Computed in script 02 alongside PWD version.
41,Oregon,OR,2024,eq_score_poverty,WE,equity,Below Poverty Line: Equity,0.20662536849530697,0.10268070131906183,-0.10394466717624513,lower_better,none,1,acs_ready,PWOD: pct_cni_nodis_poverty derived the same way from nodis count columns in national_data. Computed in script 02 alongside PWD version.
42,Pennsylvania,PA,2024,eq_score_poverty,WE,equity,Below Poverty Line: Equity,0.20941234816030488,0.09949988135871649,-0.1099124668015884,lower_better,none,1,acs_ready,PWOD: pct_cni_nodis_poverty derived the same way from nodis count columns in national_data. Computed in script 02 alongside PWD version.
44,Rhode Island,RI,2024,eq_score_poverty,WE,equity,Below Poverty Line: Equity,0.20775920450049953,0.09361148025892742,-0.11414772424157212,lower_better,none,1,acs_ready,PWOD: pct_cni_nodis_poverty derived the same way from nodis count columns in national_data. Computed in script 02 alongside PWD version.
45,South Carolina,SC,2024,eq_score_poverty,WE,equity,Below Poverty Line: Equity,0.2041135617797451,0.12875360157405433,-0.07535996020569077,lower_better,none,1,acs_ready,PWOD: pct_cni_nodis_poverty derived the same way from nodis count columns in national_data. Computed in script 02 alongside PWD version.
46,South Dakota,SD,2024,eq_score_poverty,WE,equity,Below Poverty Line: Equity,0.20481873248350058,0.10613342916681748,-0.0986853033166831,lower_better,none,1,acs_ready,PWOD: pct_cni_nodis_poverty derived the same way from nodis count columns in national_data. Computed in script 02 alongside PWD version.
47,Tennessee,TN,2024,eq_score_poverty,WE,equity,Below Poverty Line: Equity,0.21482488373234807,0.123079827948249,-0.09174505578409907,lower_better,none,1,acs_ready,PWOD: pct_cni_nodis_poverty derived the same way from nodis count columns in national_data. Computed in script 02 alongside PWD version.
48,Texas,TX,2024,eq_score_poverty,WE,equity,Below Poverty Line: Equity,0.19986307461912317,0.12872602841162425,-0.07113704620749892,lower_better,none,1,acs_ready,PWOD: pct_cni_nodis_poverty derived the same way from nodis count columns in national_data. Computed in script 02 alongside PWD version.
49,Utah,UT,2024,eq_score_poverty,WE,equity,Below Poverty Line: Equity,0.14655259128452158,0.07708263153506212,-0.06946995974945946,lower_better,none,1,acs_ready,PWOD: pct_cni_nodis_poverty derived the same way from nodis count columns in national_data. Computed in script 02 alongside PWD version.
50,Vermont,VT,2024,eq_score_poverty,WE,equity,Below Poverty Line: Equity,0.20067990386072798,0.08083288236240511,-0.11984702149832287,lower_better,none,1,acs_ready,PWOD: pct_cni_nodis_poverty derived the same way from nodis count columns in national_data. Computed in script 02 alongside PWD version.
51,Virginia,VA,2024,eq_score_poverty,WE,equity,Below Poverty Line: Equity,0.17103575846298755,0.08850883526408154,-0.082526923198906,lower_better,none,1,acs_ready,PWOD: pct_cni_nodis_poverty derived the same way from nodis count columns in national_data. Computed in script 02 alongside PWD version.
53,Washington,WA,2024,eq_score_poverty,WE,equity,Below Poverty Line: Equity,0.18180167613865608,0.08604585940329883,-0.09575581673535725,lower_better,none,1,acs_ready,PWOD: pct_cni_nodis_poverty derived the same way from nodis count columns in national_data. Computed in script 02 alongside PWD version.
54,West Virginia,WV,2024,eq_score_poverty,WE,equity,Below Poverty Line: Equity,0.24851570148354546,0.1461274121820532,-0.10238828930149227,lower_better,none,1,acs_ready,PWOD: pct_cni_nodis_poverty derived the same way from nodis count columns in national_data. Computed in script 02 alongside PWD version.
55,Wisconsin,WI,2024,eq_score_poverty,WE,equity,Below Poverty Line: Equity,0.1876198278937043,0.09292888370173205,-0.09469094419197224,lower_better,none,1,acs_ready,PWOD: pct_cni_nodis_poverty derived the same way from nodis count columns in national_data. Computed in script 02 alongside PWD version.
56,Wyoming,WY,2024,eq_score_poverty,WE,equity,Below Poverty Line: Equity,0.1625482961251289,0.09525334987441159,-0.0672949462507173,lower_better,none,1,acs_ready,PWOD: pct_cni_nodis_poverty derived the same way from nodis count columns in national_data. Computed in script 02 alongside PWD version.
72,Puerto Rico,PR,2024,eq_score_poverty,WE,equity,Below Poverty Line: Equity,0.47213566072305413,0.38546002356914627,-0.08667563715390786,lower_better,none,1,acs_ready,PWOD: pct_cni_nodis_poverty derived the same way from nodis count columns in national_data. Computed in script 02 alongside PWD version.
000,United States,USA,2024,rel_score_unemployed,WE,relative,Unemployment Rate: Relative,5.314411154480514,NA,5.314411154480514,lower_better,none,1,acs_ready,"ACS C18120, ages 18-64. Unemployed civilians 18-64 with a disability as a share of the 18-64 CNI population with a disability (employed plus unemployed plus not in labor force), consistent with the employed and not-in-labor-force shares so all three sum to 100. This is a population share, not the labor-force unemployment rate."
01,Alabama,AL,2024,rel_score_unemployed,WE,relative,Unemployment Rate: Relative,4.050669616236352,NA,4.050669616236352,lower_better,none,1,acs_ready,"ACS C18120, ages 18-64. Unemployed civilians 18-64 with a disability as a share of the 18-64 CNI population with a disability (employed plus unemployed plus not in labor force), consistent with the employed and not-in-labor-force shares so all three sum to 100. This is a population share, not the labor-force unemployment rate."
02,Alaska,AK,2024,rel_score_unemployed,WE,relative,Unemployment Rate: Relative,6.665255623328395,NA,6.665255623328395,lower_better,none,1,acs_ready,"ACS C18120, ages 18-64. Unemployed civilians 18-64 with a disability as a share of the 18-64 CNI population with a disability (employed plus unemployed plus not in labor force), consistent with the employed and not-in-labor-force shares so all three sum to 100. This is a population share, not the labor-force unemployment rate."
04,Arizona,AZ,2024,rel_score_unemployed,WE,relative,Unemployment Rate: Relative,5.408927311294341,NA,5.408927311294341,lower_better,none,1,acs_ready,"ACS C18120, ages 18-64. Unemployed civilians 18-64 with a disability as a share of the 18-64 CNI population with a disability (employed plus unemployed plus not in labor force), consistent with the employed and not-in-labor-force shares so all three sum to 100. This is a population share, not the labor-force unemployment rate."
05,Arkansas,AR,2024,rel_score_unemployed,WE,relative,Unemployment Rate: Relative,4.31948967934663,NA,4.31948967934663,lower_better,none,1,acs_ready,"ACS C18120, ages 18-64. Unemployed civilians 18-64 with a disability as a share of the 18-64 CNI population with a disability (employed plus unemployed plus not in labor force), consistent with the employed and not-in-labor-force shares so all three sum to 100. This is a population share, not the labor-force unemployment rate."
06,California,CA,2024,rel_score_unemployed,WE,relative,Unemployment Rate: Relative,6.565733909744048,NA,6.565733909744048,lower_better,none,1,acs_ready,"ACS C18120, ages 18-64. Unemployed civilians 18-64 with a disability as a share of the 18-64 CNI population with a disability (employed plus unemployed plus not in labor force), consistent with the employed and not-in-labor-force shares so all three sum to 100. This is a population share, not the labor-force unemployment rate."
08,Colorado,CO,2024,rel_score_unemployed,WE,relative,Unemployment Rate: Relative,5.922121860322794,NA,5.922121860322794,lower_better,none,1,acs_ready,"ACS C18120, ages 18-64. Unemployed civilians 18-64 with a disability as a share of the 18-64 CNI population with a disability (employed plus unemployed plus not in labor force), consistent with the employed and not-in-labor-force shares so all three sum to 100. This is a population share, not the labor-force unemployment rate."
09,Connecticut,CT,2024,rel_score_unemployed,WE,relative,Unemployment Rate: Relative,6.400377417832992,NA,6.400377417832992,lower_better,none,1,acs_ready,"ACS C18120, ages 18-64. Unemployed civilians 18-64 with a disability as a share of the 18-64 CNI population with a disability (employed plus unemployed plus not in labor force), consistent with the employed and not-in-labor-force shares so all three sum to 100. This is a population share, not the labor-force unemployment rate."
10,Delaware,DE,2024,rel_score_unemployed,WE,relative,Unemployment Rate: Relative,4.653141457260632,NA,4.653141457260632,lower_better,none,1,acs_ready,"ACS C18120, ages 18-64. Unemployed civilians 18-64 with a disability as a share of the 18-64 CNI population with a disability (employed plus unemployed plus not in labor force), consistent with the employed and not-in-labor-force shares so all three sum to 100. This is a population share, not the labor-force unemployment rate."
11,District of Columbia,DC,2024,rel_score_unemployed,WE,relative,Unemployment Rate: Relative,10.59438572565064,NA,10.59438572565064,lower_better,none,1,acs_ready,"ACS C18120, ages 18-64. Unemployed civilians 18-64 with a disability as a share of the 18-64 CNI population with a disability (employed plus unemployed plus not in labor force), consistent with the employed and not-in-labor-force shares so all three sum to 100. This is a population share, not the labor-force unemployment rate."
12,Florida,FL,2024,rel_score_unemployed,WE,relative,Unemployment Rate: Relative,5.046740692278984,NA,5.046740692278984,lower_better,none,1,acs_ready,"ACS C18120, ages 18-64. Unemployed civilians 18-64 with a disability as a share of the 18-64 CNI population with a disability (employed plus unemployed plus not in labor force), consistent with the employed and not-in-labor-force shares so all three sum to 100. This is a population share, not the labor-force unemployment rate."
13,Georgia,GA,2024,rel_score_unemployed,WE,relative,Unemployment Rate: Relative,5.108097604876153,NA,5.108097604876153,lower_better,none,1,acs_ready,"ACS C18120, ages 18-64. Unemployed civilians 18-64 with a disability as a share of the 18-64 CNI population with a disability (employed plus unemployed plus not in labor force), consistent with the employed and not-in-labor-force shares so all three sum to 100. This is a population share, not the labor-force unemployment rate."
15,Hawaii,HI,2024,rel_score_unemployed,WE,relative,Unemployment Rate: Relative,4.403409090909091,NA,4.403409090909091,lower_better,none,1,acs_ready,"ACS C18120, ages 18-64. Unemployed civilians 18-64 with a disability as a share of the 18-64 CNI population with a disability (employed plus unemployed plus not in labor force), consistent with the employed and not-in-labor-force shares so all three sum to 100. This is a population share, not the labor-force unemployment rate."
16,Idaho,ID,2024,rel_score_unemployed,WE,relative,Unemployment Rate: Relative,3.8103234284879903,NA,3.8103234284879903,lower_better,none,1,acs_ready,"ACS C18120, ages 18-64. Unemployed civilians 18-64 with a disability as a share of the 18-64 CNI population with a disability (employed plus unemployed plus not in labor force), consistent with the employed and not-in-labor-force shares so all three sum to 100. This is a population share, not the labor-force unemployment rate."
17,Illinois,IL,2024,rel_score_unemployed,WE,relative,Unemployment Rate: Relative,6.217606766609078,NA,6.217606766609078,lower_better,none,1,acs_ready,"ACS C18120, ages 18-64. Unemployed civilians 18-64 with a disability as a share of the 18-64 CNI population with a disability (employed plus unemployed plus not in labor force), consistent with the employed and not-in-labor-force shares so all three sum to 100. This is a population share, not the labor-force unemployment rate."
18,Indiana,IN,2024,rel_score_unemployed,WE,relative,Unemployment Rate: Relative,4.584404201562626,NA,4.584404201562626,lower_better,none,1,acs_ready,"ACS C18120, ages 18-64. Unemployed civilians 18-64 with a disability as a share of the 18-64 CNI population with a disability (employed plus unemployed plus not in labor force), consistent with the employed and not-in-labor-force shares so all three sum to 100. This is a population share, not the labor-force unemployment rate."
19,Iowa,IA,2024,rel_score_unemployed,WE,relative,Unemployment Rate: Relative,4.796456464854284,NA,4.796456464854284,lower_better,none,1,acs_ready,"ACS C18120, ages 18-64. Unemployed civilians 18-64 with a disability as a share of the 18-64 CNI population with a disability (employed plus unemployed plus not in labor force), consistent with the employed and not-in-labor-force shares so all three sum to 100. This is a population share, not the labor-force unemployment rate."
20,Kansas,KS,2024,rel_score_unemployed,WE,relative,Unemployment Rate: Relative,4.699195171026157,NA,4.699195171026157,lower_better,none,1,acs_ready,"ACS C18120, ages 18-64. Unemployed civilians 18-64 with a disability as a share of the 18-64 CNI population with a disability (employed plus unemployed plus not in labor force), consistent with the employed and not-in-labor-force shares so all three sum to 100. This is a population share, not the labor-force unemployment rate."
21,Kentucky,KY,2024,rel_score_unemployed,WE,relative,Unemployment Rate: Relative,4.066972388090719,NA,4.066972388090719,lower_better,none,1,acs_ready,"ACS C18120, ages 18-64. Unemployed civilians 18-64 with a disability as a share of the 18-64 CNI population with a disability (employed plus unemployed plus not in labor force), consistent with the employed and not-in-labor-force shares so all three sum to 100. This is a population share, not the labor-force unemployment rate."
22,Louisiana,LA,2024,rel_score_unemployed,WE,relative,Unemployment Rate: Relative,5.2853048462741015,NA,5.2853048462741015,lower_better,none,1,acs_ready,"ACS C18120, ages 18-64. Unemployed civilians 18-64 with a disability as a share of the 18-64 CNI population with a disability (employed plus unemployed plus not in labor force), consistent with the employed and not-in-labor-force shares so all three sum to 100. This is a population share, not the labor-force unemployment rate."
23,Maine,ME,2024,rel_score_unemployed,WE,relative,Unemployment Rate: Relative,4.704249177193079,NA,4.704249177193079,lower_better,none,1,acs_ready,"ACS C18120, ages 18-64. Unemployed civilians 18-64 with a disability as a share of the 18-64 CNI population with a disability (employed plus unemployed plus not in labor force), consistent with the employed and not-in-labor-force shares so all three sum to 100. This is a population share, not the labor-force unemployment rate."
24,Maryland,MD,2024,rel_score_unemployed,WE,relative,Unemployment Rate: Relative,5.851491420179692,NA,5.851491420179692,lower_better,none,1,acs_ready,"ACS C18120, ages 18-64. Unemployed civilians 18-64 with a disability as a share of the 18-64 CNI population with a disability (employed plus unemployed plus not in labor force), consistent with the employed and not-in-labor-force shares so all three sum to 100. This is a population share, not the labor-force unemployment rate."
25,Massachusetts,MA,2024,rel_score_unemployed,WE,relative,Unemployment Rate: Relative,5.782013293825579,NA,5.782013293825579,lower_better,none,1,acs_ready,"ACS C18120, ages 18-64. Unemployed civilians 18-64 with a disability as a share of the 18-64 CNI population with a disability (employed plus unemployed plus not in labor force), consistent with the employed and not-in-labor-force shares so all three sum to 100. This is a population share, not the labor-force unemployment rate."
26,Michigan,MI,2024,rel_score_unemployed,WE,relative,Unemployment Rate: Relative,5.359733626872509,NA,5.359733626872509,lower_better,none,1,acs_ready,"ACS C18120, ages 18-64. Unemployed civilians 18-64 with a disability as a share of the 18-64 CNI population with a disability (employed plus unemployed plus not in labor force), consistent with the employed and not-in-labor-force shares so all three sum to 100. This is a population share, not the labor-force unemployment rate."
27,Minnesota,MN,2024,rel_score_unemployed,WE,relative,Unemployment Rate: Relative,5.500301067200015,NA,5.500301067200015,lower_better,none,1,acs_ready,"ACS C18120, ages 18-64. Unemployed civilians 18-64 with a disability as a share of the 18-64 CNI population with a disability (employed plus unemployed plus not in labor force), consistent with the employed and not-in-labor-force shares so all three sum to 100. This is a population share, not the labor-force unemployment rate."
28,Mississippi,MS,2024,rel_score_unemployed,WE,relative,Unemployment Rate: Relative,4.1688972162740905,NA,4.1688972162740905,lower_better,none,1,acs_ready,"ACS C18120, ages 18-64. Unemployed civilians 18-64 with a disability as a share of the 18-64 CNI population with a disability (employed plus unemployed plus not in labor force), consistent with the employed and not-in-labor-force shares so all three sum to 100. This is a population share, not the labor-force unemployment rate."
29,Missouri,MO,2024,rel_score_unemployed,WE,relative,Unemployment Rate: Relative,4.224173896299783,NA,4.224173896299783,lower_better,none,1,acs_ready,"ACS C18120, ages 18-64. Unemployed civilians 18-64 with a disability as a share of the 18-64 CNI population with a disability (employed plus unemployed plus not in labor force), consistent with the employed and not-in-labor-force shares so all three sum to 100. This is a population share, not the labor-force unemployment rate."
30,Montana,MT,2024,rel_score_unemployed,WE,relative,Unemployment Rate: Relative,4.0574418574752835,NA,4.0574418574752835,lower_better,none,1,acs_ready,"ACS C18120, ages 18-64. Unemployed civilians 18-64 with a disability as a share of the 18-64 CNI population with a disability (employed plus unemployed plus not in labor force), consistent with the employed and not-in-labor-force shares so all three sum to 100. This is a population share, not the labor-force unemployment rate."
31,Nebraska,NE,2024,rel_score_unemployed,WE,relative,Unemployment Rate: Relative,4.384607706128968,NA,4.384607706128968,lower_better,none,1,acs_ready,"ACS C18120, ages 18-64. Unemployed civilians 18-64 with a disability as a share of the 18-64 CNI population with a disability (employed plus unemployed plus not in labor force), consistent with the employed and not-in-labor-force shares so all three sum to 100. This is a population share, not the labor-force unemployment rate."
32,Nevada,NV,2024,rel_score_unemployed,WE,relative,Unemployment Rate: Relative,6.033676333021516,NA,6.033676333021516,lower_better,none,1,acs_ready,"ACS C18120, ages 18-64. Unemployed civilians 18-64 with a disability as a share of the 18-64 CNI population with a disability (employed plus unemployed plus not in labor force), consistent with the employed and not-in-labor-force shares so all three sum to 100. This is a population share, not the labor-force unemployment rate."
33,New Hampshire,NH,2024,rel_score_unemployed,WE,relative,Unemployment Rate: Relative,3.9594555208929285,NA,3.9594555208929285,lower_better,none,1,acs_ready,"ACS C18120, ages 18-64. Unemployed civilians 18-64 with a disability as a share of the 18-64 CNI population with a disability (employed plus unemployed plus not in labor force), consistent with the employed and not-in-labor-force shares so all three sum to 100. This is a population share, not the labor-force unemployment rate."
34,New Jersey,NJ,2024,rel_score_unemployed,WE,relative,Unemployment Rate: Relative,6.565532155150426,NA,6.565532155150426,lower_better,none,1,acs_ready,"ACS C18120, ages 18-64. Unemployed civilians 18-64 with a disability as a share of the 18-64 CNI population with a disability (employed plus unemployed plus not in labor force), consistent with the employed and not-in-labor-force shares so all three sum to 100. This is a population share, not the labor-force unemployment rate."
35,New Mexico,NM,2024,rel_score_unemployed,WE,relative,Unemployment Rate: Relative,5.589051313492041,NA,5.589051313492041,lower_better,none,1,acs_ready,"ACS C18120, ages 18-64. Unemployed civilians 18-64 with a disability as a share of the 18-64 CNI population with a disability (employed plus unemployed plus not in labor force), consistent with the employed and not-in-labor-force shares so all three sum to 100. This is a population share, not the labor-force unemployment rate."
36,New York,NY,2024,rel_score_unemployed,WE,relative,Unemployment Rate: Relative,6.142679270919887,NA,6.142679270919887,lower_better,none,1,acs_ready,"ACS C18120, ages 18-64. Unemployed civilians 18-64 with a disability as a share of the 18-64 CNI population with a disability (employed plus unemployed plus not in labor force), consistent with the employed and not-in-labor-force shares so all three sum to 100. This is a population share, not the labor-force unemployment rate."
37,North Carolina,NC,2024,rel_score_unemployed,WE,relative,Unemployment Rate: Relative,4.583813421821768,NA,4.583813421821768,lower_better,none,1,acs_ready,"ACS C18120, ages 18-64. Unemployed civilians 18-64 with a disability as a share of the 18-64 CNI population with a disability (employed plus unemployed plus not in labor force), consistent with the employed and not-in-labor-force shares so all three sum to 100. This is a population share, not the labor-force unemployment rate."
38,North Dakota,ND,2024,rel_score_unemployed,WE,relative,Unemployment Rate: Relative,4.515209125475285,NA,4.515209125475285,lower_better,none,1,acs_ready,"ACS C18120, ages 18-64. Unemployed civilians 18-64 with a disability as a share of the 18-64 CNI population with a disability (employed plus unemployed plus not in labor force), consistent with the employed and not-in-labor-force shares so all three sum to 100. This is a population share, not the labor-force unemployment rate."
39,Ohio,OH,2024,rel_score_unemployed,WE,relative,Unemployment Rate: Relative,5.143263404846933,NA,5.143263404846933,lower_better,none,1,acs_ready,"ACS C18120, ages 18-64. Unemployed civilians 18-64 with a disability as a share of the 18-64 CNI population with a disability (employed plus unemployed plus not in labor force), consistent with the employed and not-in-labor-force shares so all three sum to 100. This is a population share, not the labor-force unemployment rate."
40,Oklahoma,OK,2024,rel_score_unemployed,WE,relative,Unemployment Rate: Relative,4.891452246208187,NA,4.891452246208187,lower_better,none,1,acs_ready,"ACS C18120, ages 18-64. Unemployed civilians 18-64 with a disability as a share of the 18-64 CNI population with a disability (employed plus unemployed plus not in labor force), consistent with the employed and not-in-labor-force shares so all three sum to 100. This is a population share, not the labor-force unemployment rate."
41,Oregon,OR,2024,rel_score_unemployed,WE,relative,Unemployment Rate: Relative,5.868371618234203,NA,5.868371618234203,lower_better,none,1,acs_ready,"ACS C18120, ages 18-64. Unemployed civilians 18-64 with a disability as a share of the 18-64 CNI population with a disability (employed plus unemployed plus not in labor force), consistent with the employed and not-in-labor-force shares so all three sum to 100. This is a population share, not the labor-force unemployment rate."
42,Pennsylvania,PA,2024,rel_score_unemployed,WE,relative,Unemployment Rate: Relative,5.599774817121376,NA,5.599774817121376,lower_better,none,1,acs_ready,"ACS C18120, ages 18-64. Unemployed civilians 18-64 with a disability as a share of the 18-64 CNI population with a disability (employed plus unemployed plus not in labor force), consistent with the employed and not-in-labor-force shares so all three sum to 100. This is a population share, not the labor-force unemployment rate."
44,Rhode Island,RI,2024,rel_score_unemployed,WE,relative,Unemployment Rate: Relative,5.600327643608307,NA,5.600327643608307,lower_better,none,1,acs_ready,"ACS C18120, ages 18-64. Unemployed civilians 18-64 with a disability as a share of the 18-64 CNI population with a disability (employed plus unemployed plus not in labor force), consistent with the employed and not-in-labor-force shares so all three sum to 100. This is a population share, not the labor-force unemployment rate."
45,South Carolina,SC,2024,rel_score_unemployed,WE,relative,Unemployment Rate: Relative,4.565942486252592,NA,4.565942486252592,lower_better,none,1,acs_ready,"ACS C18120, ages 18-64. Unemployed civilians 18-64 with a disability as a share of the 18-64 CNI population with a disability (employed plus unemployed plus not in labor force), consistent with the employed and not-in-labor-force shares so all three sum to 100. This is a population share, not the labor-force unemployment rate."
46,South Dakota,SD,2024,rel_score_unemployed,WE,relative,Unemployment Rate: Relative,3.482587064676617,NA,3.482587064676617,lower_better,none,1,acs_ready,"ACS C18120, ages 18-64. Unemployed civilians 18-64 with a disability as a share of the 18-64 CNI population with a disability (employed plus unemployed plus not in labor force), consistent with the employed and not-in-labor-force shares so all three sum to 100. This is a population share, not the labor-force unemployment rate."
47,Tennessee,TN,2024,rel_score_unemployed,WE,relative,Unemployment Rate: Relative,4.559009748166131,NA,4.559009748166131,lower_better,none,1,acs_ready,"ACS C18120, ages 18-64. Unemployed civilians 18-64 with a disability as a share of the 18-64 CNI population with a disability (employed plus unemployed plus not in labor force), consistent with the employed and not-in-labor-force shares so all three sum to 100. This is a population share, not the labor-force unemployment rate."
48,Texas,TX,2024,rel_score_unemployed,WE,relative,Unemployment Rate: Relative,5.327799473777804,NA,5.327799473777804,lower_better,none,1,acs_ready,"ACS C18120, ages 18-64. Unemployed civilians 18-64 with a disability as a share of the 18-64 CNI population with a disability (employed plus unemployed plus not in labor force), consistent with the employed and not-in-labor-force shares so all three sum to 100. This is a population share, not the labor-force unemployment rate."
49,Utah,UT,2024,rel_score_unemployed,WE,relative,Unemployment Rate: Relative,4.2470729084231245,NA,4.2470729084231245,lower_better,none,1,acs_ready,"ACS C18120, ages 18-64. Unemployed civilians 18-64 with a disability as a share of the 18-64 CNI population with a disability (employed plus unemployed plus not in labor force), consistent with the employed and not-in-labor-force shares so all three sum to 100. This is a population share, not the labor-force unemployment rate."
50,Vermont,VT,2024,rel_score_unemployed,WE,relative,Unemployment Rate: Relative,4.2987042987042985,NA,4.2987042987042985,lower_better,none,1,acs_ready,"ACS C18120, ages 18-64. Unemployed civilians 18-64 with a disability as a share of the 18-64 CNI population with a disability (employed plus unemployed plus not in labor force), consistent with the employed and not-in-labor-force shares so all three sum to 100. This is a population share, not the labor-force unemployment rate."
51,Virginia,VA,2024,rel_score_unemployed,WE,relative,Unemployment Rate: Relative,4.634902328263533,NA,4.634902328263533,lower_better,none,1,acs_ready,"ACS C18120, ages 18-64. Unemployed civilians 18-64 with a disability as a share of the 18-64 CNI population with a disability (employed plus unemployed plus not in labor force), consistent with the employed and not-in-labor-force shares so all three sum to 100. This is a population share, not the labor-force unemployment rate."
53,Washington,WA,2024,rel_score_unemployed,WE,relative,Unemployment Rate: Relative,5.5931960134871925,NA,5.5931960134871925,lower_better,none,1,acs_ready,"ACS C18120, ages 18-64. Unemployed civilians 18-64 with a disability as a share of the 18-64 CNI population with a disability (employed plus unemployed plus not in labor force), consistent with the employed and not-in-labor-force shares so all three sum to 100. This is a population share, not the labor-force unemployment rate."
54,West Virginia,WV,2024,rel_score_unemployed,WE,relative,Unemployment Rate: Relative,3.7362455921029354,NA,3.7362455921029354,lower_better,none,1,acs_ready,"ACS C18120, ages 18-64. Unemployed civilians 18-64 with a disability as a share of the 18-64 CNI population with a disability (employed plus unemployed plus not in labor force), consistent with the employed and not-in-labor-force shares so all three sum to 100. This is a population share, not the labor-force unemployment rate."
55,Wisconsin,WI,2024,rel_score_unemployed,WE,relative,Unemployment Rate: Relative,4.058419819216605,NA,4.058419819216605,lower_better,none,1,acs_ready,"ACS C18120, ages 18-64. Unemployed civilians 18-64 with a disability as a share of the 18-64 CNI population with a disability (employed plus unemployed plus not in labor force), consistent with the employed and not-in-labor-force shares so all three sum to 100. This is a population share, not the labor-force unemployment rate."
56,Wyoming,WY,2024,rel_score_unemployed,WE,relative,Unemployment Rate: Relative,4.725807734103739,NA,4.725807734103739,lower_better,none,1,acs_ready,"ACS C18120, ages 18-64. Unemployed civilians 18-64 with a disability as a share of the 18-64 CNI population with a disability (employed plus unemployed plus not in labor force), consistent with the employed and not-in-labor-force shares so all three sum to 100. This is a population share, not the labor-force unemployment rate."
72,Puerto Rico,PR,2024,rel_score_unemployed,WE,relative,Unemployment Rate: Relative,4.824523316255009,NA,4.824523316255009,lower_better,none,1,acs_ready,"ACS C18120, ages 18-64. Unemployed civilians 18-64 with a disability as a share of the 18-64 CNI population with a disability (employed plus unemployed plus not in labor force), consistent with the employed and not-in-labor-force shares so all three sum to 100. This is a population share, not the labor-force unemployment rate."
000,United States,USA,2024,eq_score_unemployed,WE,equity,Unemployment Rate: Equity,5.314411154480514,3.914623549409759,-1.3997876050707552,lower_better,none,1,acs_ready,"PWOD variable is pct_cni_18to64_nodis_unemployed (nodis precedes unemployed in national_data naming, differs from PWD column order). ACS C18120, ages 18-64."
01,Alabama,AL,2024,eq_score_unemployed,WE,equity,Unemployment Rate: Equity,4.050669616236352,3.353273012749649,-0.6973966034867027,lower_better,none,1,acs_ready,"PWOD variable is pct_cni_18to64_nodis_unemployed (nodis precedes unemployed in national_data naming, differs from PWD column order). ACS C18120, ages 18-64."
02,Alaska,AK,2024,eq_score_unemployed,WE,equity,Unemployment Rate: Equity,6.665255623328395,4.239597456667724,-2.4256581666606714,lower_better,none,1,acs_ready,"PWOD variable is pct_cni_18to64_nodis_unemployed (nodis precedes unemployed in national_data naming, differs from PWD column order). ACS C18120, ages 18-64."
04,Arizona,AZ,2024,eq_score_unemployed,WE,equity,Unemployment Rate: Equity,5.408927311294341,3.6548680192369196,-1.7540592920574212,lower_better,none,1,acs_ready,"PWOD variable is pct_cni_18to64_nodis_unemployed (nodis precedes unemployed in national_data naming, differs from PWD column order). ACS C18120, ages 18-64."
05,Arkansas,AR,2024,eq_score_unemployed,WE,equity,Unemployment Rate: Equity,4.31948967934663,3.461487070369179,-0.8580026089774515,lower_better,none,1,acs_ready,"PWOD variable is pct_cni_18to64_nodis_unemployed (nodis precedes unemployed in national_data naming, differs from PWD column order). ACS C18120, ages 18-64."
06,California,CA,2024,eq_score_unemployed,WE,equity,Unemployment Rate: Equity,6.565733909744048,4.945278884992789,-1.6204550247512586,lower_better,none,1,acs_ready,"PWOD variable is pct_cni_18to64_nodis_unemployed (nodis precedes unemployed in national_data naming, differs from PWD column order). ACS C18120, ages 18-64."
08,Colorado,CO,2024,eq_score_unemployed,WE,equity,Unemployment Rate: Equity,5.922121860322794,3.49000088686624,-2.432120973456554,lower_better,none,1,acs_ready,"PWOD variable is pct_cni_18to64_nodis_unemployed (nodis precedes unemployed in national_data naming, differs from PWD column order). ACS C18120, ages 18-64."
09,Connecticut,CT,2024,eq_score_unemployed,WE,equity,Unemployment Rate: Equity,6.400377417832992,4.3226649728450415,-2.0777124449879505,lower_better,none,1,acs_ready,"PWOD variable is pct_cni_18to64_nodis_unemployed (nodis precedes unemployed in national_data naming, differs from PWD column order). ACS C18120, ages 18-64."
10,Delaware,DE,2024,eq_score_unemployed,WE,equity,Unemployment Rate: Equity,4.653141457260632,3.9356315141850633,-0.7175099430755685,lower_better,none,1,acs_ready,"PWOD variable is pct_cni_18to64_nodis_unemployed (nodis precedes unemployed in national_data naming, differs from PWD column order). ACS C18120, ages 18-64."
11,District of Columbia,DC,2024,eq_score_unemployed,WE,equity,Unemployment Rate: Equity,10.59438572565064,4.640149693109883,-5.9542360325407575,lower_better,none,1,acs_ready,"PWOD variable is pct_cni_18to64_nodis_unemployed (nodis precedes unemployed in national_data naming, differs from PWD column order). ACS C18120, ages 18-64."
12,Florida,FL,2024,eq_score_unemployed,WE,equity,Unemployment Rate: Equity,5.046740692278984,3.5519267821501597,-1.4948139101288245,lower_better,none,1,acs_ready,"PWOD variable is pct_cni_18to64_nodis_unemployed (nodis precedes unemployed in national_data naming, differs from PWD column order). ACS C18120, ages 18-64."
13,Georgia,GA,2024,eq_score_unemployed,WE,equity,Unemployment Rate: Equity,5.108097604876153,3.8168755253252757,-1.2912220795508769,lower_better,none,1,acs_ready,"PWOD variable is pct_cni_18to64_nodis_unemployed (nodis precedes unemployed in national_data naming, differs from PWD column order). ACS C18120, ages 18-64."
15,Hawaii,HI,2024,eq_score_unemployed,WE,equity,Unemployment Rate: Equity,4.403409090909091,3.884739323913521,-0.5186697669955698,lower_better,none,1,acs_ready,"PWOD variable is pct_cni_18to64_nodis_unemployed (nodis precedes unemployed in national_data naming, differs from PWD column order). ACS C18120, ages 18-64."
16,Idaho,ID,2024,eq_score_unemployed,WE,equity,Unemployment Rate: Equity,3.8103234284879903,2.633931837209113,-1.1763915912788772,lower_better,none,1,acs_ready,"PWOD variable is pct_cni_18to64_nodis_unemployed (nodis precedes unemployed in national_data naming, differs from PWD column order). ACS C18120, ages 18-64."
17,Illinois,IL,2024,eq_score_unemployed,WE,equity,Unemployment Rate: Equity,6.217606766609078,4.484303571975606,-1.7333031946334723,lower_better,none,1,acs_ready,"PWOD variable is pct_cni_18to64_nodis_unemployed (nodis precedes unemployed in national_data naming, differs from PWD column order). ACS C18120, ages 18-64."
18,Indiana,IN,2024,eq_score_unemployed,WE,equity,Unemployment Rate: Equity,4.584404201562626,3.1714356641116237,-1.4129685374510026,lower_better,none,1,acs_ready,"PWOD variable is pct_cni_18to64_nodis_unemployed (nodis precedes unemployed in national_data naming, differs from PWD column order). ACS C18120, ages 18-64."
19,Iowa,IA,2024,eq_score_unemployed,WE,equity,Unemployment Rate: Equity,4.796456464854284,2.6651450695473446,-2.1313113953069394,lower_better,none,1,acs_ready,"PWOD variable is pct_cni_18to64_nodis_unemployed (nodis precedes unemployed in national_data naming, differs from PWD column order). ACS C18120, ages 18-64."
20,Kansas,KS,2024,eq_score_unemployed,WE,equity,Unemployment Rate: Equity,4.699195171026157,2.9295726743278427,-1.7696224966983145,lower_better,none,1,acs_ready,"PWOD variable is pct_cni_18to64_nodis_unemployed (nodis precedes unemployed in national_data naming, differs from PWD column order). ACS C18120, ages 18-64."
21,Kentucky,KY,2024,eq_score_unemployed,WE,equity,Unemployment Rate: Equity,4.066972388090719,3.5069083059861845,-0.5600640821045348,lower_better,none,1,acs_ready,"PWOD variable is pct_cni_18to64_nodis_unemployed (nodis precedes unemployed in national_data naming, differs from PWD column order). ACS C18120, ages 18-64."
22,Louisiana,LA,2024,eq_score_unemployed,WE,equity,Unemployment Rate: Equity,5.2853048462741015,4.593383189668673,-0.6919216566054285,lower_better,none,1,acs_ready,"PWOD variable is pct_cni_18to64_nodis_unemployed (nodis precedes unemployed in national_data naming, differs from PWD column order). ACS C18120, ages 18-64."
23,Maine,ME,2024,eq_score_unemployed,WE,equity,Unemployment Rate: Equity,4.704249177193079,2.5714265613237743,-2.1328226158693044,lower_better,none,1,acs_ready,"PWOD variable is pct_cni_18to64_nodis_unemployed (nodis precedes unemployed in national_data naming, differs from PWD column order). ACS C18120, ages 18-64."
24,Maryland,MD,2024,eq_score_unemployed,WE,equity,Unemployment Rate: Equity,5.851491420179692,3.786460429388812,-2.06503099079088,lower_better,none,1,acs_ready,"PWOD variable is pct_cni_18to64_nodis_unemployed (nodis precedes unemployed in national_data naming, differs from PWD column order). ACS C18120, ages 18-64."
25,Massachusetts,MA,2024,eq_score_unemployed,WE,equity,Unemployment Rate: Equity,5.782013293825579,3.9221881012684383,-1.8598251925571407,lower_better,none,1,acs_ready,"PWOD variable is pct_cni_18to64_nodis_unemployed (nodis precedes unemployed in national_data naming, differs from PWD column order). ACS C18120, ages 18-64."
26,Michigan,MI,2024,eq_score_unemployed,WE,equity,Unemployment Rate: Equity,5.359733626872509,4.224084128412523,-1.135649498459986,lower_better,none,1,acs_ready,"PWOD variable is pct_cni_18to64_nodis_unemployed (nodis precedes unemployed in national_data naming, differs from PWD column order). ACS C18120, ages 18-64."
27,Minnesota,MN,2024,eq_score_unemployed,WE,equity,Unemployment Rate: Equity,5.500301067200015,3.0880532943467633,-2.4122477728532514,lower_better,none,1,acs_ready,"PWOD variable is pct_cni_18to64_nodis_unemployed (nodis precedes unemployed in national_data naming, differs from PWD column order). ACS C18120, ages 18-64."
28,Mississippi,MS,2024,eq_score_unemployed,WE,equity,Unemployment Rate: Equity,4.1688972162740905,4.114083006975954,-0.05481420929813652,lower_better,none,1,acs_ready,"PWOD variable is pct_cni_18to64_nodis_unemployed (nodis precedes unemployed in national_data naming, differs from PWD column order). ACS C18120, ages 18-64."
29,Missouri,MO,2024,eq_score_unemployed,WE,equity,Unemployment Rate: Equity,4.224173896299783,2.96021530215643,-1.2639585941433533,lower_better,none,1,acs_ready,"PWOD variable is pct_cni_18to64_nodis_unemployed (nodis precedes unemployed in national_data naming, differs from PWD column order). ACS C18120, ages 18-64."
30,Montana,MT,2024,eq_score_unemployed,WE,equity,Unemployment Rate: Equity,4.0574418574752835,2.753270486114162,-1.3041713713611216,lower_better,none,1,acs_ready,"PWOD variable is pct_cni_18to64_nodis_unemployed (nodis precedes unemployed in national_data naming, differs from PWD column order). ACS C18120, ages 18-64."
31,Nebraska,NE,2024,eq_score_unemployed,WE,equity,Unemployment Rate: Equity,4.384607706128968,2.2504632016615806,-2.134144504467387,lower_better,none,1,acs_ready,"PWOD variable is pct_cni_18to64_nodis_unemployed (nodis precedes unemployed in national_data naming, differs from PWD column order). ACS C18120, ages 18-64."
32,Nevada,NV,2024,eq_score_unemployed,WE,equity,Unemployment Rate: Equity,6.033676333021516,5.2381615073262315,-0.7955148256952844,lower_better,none,1,acs_ready,"PWOD variable is pct_cni_18to64_nodis_unemployed (nodis precedes unemployed in national_data naming, differs from PWD column order). ACS C18120, ages 18-64."
33,New Hampshire,NH,2024,eq_score_unemployed,WE,equity,Unemployment Rate: Equity,3.9594555208929285,2.539142703715793,-1.4203128171771353,lower_better,none,1,acs_ready,"PWOD variable is pct_cni_18to64_nodis_unemployed (nodis precedes unemployed in national_data naming, differs from PWD column order). ACS C18120, ages 18-64."
34,New Jersey,NJ,2024,eq_score_unemployed,WE,equity,Unemployment Rate: Equity,6.565532155150426,4.893608285023117,-1.6719238701273094,lower_better,none,1,acs_ready,"PWOD variable is pct_cni_18to64_nodis_unemployed (nodis precedes unemployed in national_data naming, differs from PWD column order). ACS C18120, ages 18-64."
35,New Mexico,NM,2024,eq_score_unemployed,WE,equity,Unemployment Rate: Equity,5.589051313492041,4.257872503840246,-1.331178809651795,lower_better,none,1,acs_ready,"PWOD variable is pct_cni_18to64_nodis_unemployed (nodis precedes unemployed in national_data naming, differs from PWD column order). ACS C18120, ages 18-64."
36,New York,NY,2024,eq_score_unemployed,WE,equity,Unemployment Rate: Equity,6.142679270919887,4.8099092604419935,-1.3327700104778932,lower_better,none,1,acs_ready,"PWOD variable is pct_cni_18to64_nodis_unemployed (nodis precedes unemployed in national_data naming, differs from PWD column order). ACS C18120, ages 18-64."
37,North Carolina,NC,2024,eq_score_unemployed,WE,equity,Unemployment Rate: Equity,4.583813421821768,3.499798045761452,-1.0840153760603157,lower_better,none,1,acs_ready,"PWOD variable is pct_cni_18to64_nodis_unemployed (nodis precedes unemployed in national_data naming, differs from PWD column order). ACS C18120, ages 18-64."
38,North Dakota,ND,2024,eq_score_unemployed,WE,equity,Unemployment Rate: Equity,4.515209125475285,2.045783115024446,-2.4694260104508388,lower_better,none,1,acs_ready,"PWOD variable is pct_cni_18to64_nodis_unemployed (nodis precedes unemployed in national_data naming, differs from PWD column order). ACS C18120, ages 18-64."
39,Ohio,OH,2024,eq_score_unemployed,WE,equity,Unemployment Rate: Equity,5.143263404846933,3.525593426563877,-1.6176699782830561,lower_better,none,1,acs_ready,"PWOD variable is pct_cni_18to64_nodis_unemployed (nodis precedes unemployed in national_data naming, differs from PWD column order). ACS C18120, ages 18-64."
40,Oklahoma,OK,2024,eq_score_unemployed,WE,equity,Unemployment Rate: Equity,4.891452246208187,3.5799371931978663,-1.311515053010321,lower_better,none,1,acs_ready,"PWOD variable is pct_cni_18to64_nodis_unemployed (nodis precedes unemployed in national_data naming, differs from PWD column order). ACS C18120, ages 18-64."
41,Oregon,OR,2024,eq_score_unemployed,WE,equity,Unemployment Rate: Equity,5.868371618234203,3.9218245760222867,-1.9465470422119164,lower_better,none,1,acs_ready,"PWOD variable is pct_cni_18to64_nodis_unemployed (nodis precedes unemployed in national_data naming, differs from PWD column order). ACS C18120, ages 18-64."
42,Pennsylvania,PA,2024,eq_score_unemployed,WE,equity,Unemployment Rate: Equity,5.599774817121376,3.917061884379465,-1.6827129327419108,lower_better,none,1,acs_ready,"PWOD variable is pct_cni_18to64_nodis_unemployed (nodis precedes unemployed in national_data naming, differs from PWD column order). ACS C18120, ages 18-64."
44,Rhode Island,RI,2024,eq_score_unemployed,WE,equity,Unemployment Rate: Equity,5.600327643608307,4.3873528919581215,-1.2129747516501856,lower_better,none,1,acs_ready,"PWOD variable is pct_cni_18to64_nodis_unemployed (nodis precedes unemployed in national_data naming, differs from PWD column order). ACS C18120, ages 18-64."
45,South Carolina,SC,2024,eq_score_unemployed,WE,equity,Unemployment Rate: Equity,4.565942486252592,3.6040511640448107,-0.961891322207781,lower_better,none,1,acs_ready,"PWOD variable is pct_cni_18to64_nodis_unemployed (nodis precedes unemployed in national_data naming, differs from PWD column order). ACS C18120, ages 18-64."
46,South Dakota,SD,2024,eq_score_unemployed,WE,equity,Unemployment Rate: Equity,3.482587064676617,2.334012255413968,-1.1485748092626489,lower_better,none,1,acs_ready,"PWOD variable is pct_cni_18to64_nodis_unemployed (nodis precedes unemployed in national_data naming, differs from PWD column order). ACS C18120, ages 18-64."
47,Tennessee,TN,2024,eq_score_unemployed,WE,equity,Unemployment Rate: Equity,4.559009748166131,3.3935611741002862,-1.1654485740658451,lower_better,none,1,acs_ready,"PWOD variable is pct_cni_18to64_nodis_unemployed (nodis precedes unemployed in national_data naming, differs from PWD column order). ACS C18120, ages 18-64."
48,Texas,TX,2024,eq_score_unemployed,WE,equity,Unemployment Rate: Equity,5.327799473777804,3.923896141954814,-1.40390333182299,lower_better,none,1,acs_ready,"PWOD variable is pct_cni_18to64_nodis_unemployed (nodis precedes unemployed in national_data naming, differs from PWD column order). ACS C18120, ages 18-64."
49,Utah,UT,2024,eq_score_unemployed,WE,equity,Unemployment Rate: Equity,4.2470729084231245,2.6344143861743485,-1.612658522248776,lower_better,none,1,acs_ready,"PWOD variable is pct_cni_18to64_nodis_unemployed (nodis precedes unemployed in national_data naming, differs from PWD column order). ACS C18120, ages 18-64."
50,Vermont,VT,2024,eq_score_unemployed,WE,equity,Unemployment Rate: Equity,4.2987042987042985,2.6450342425729847,-1.6536700561313138,lower_better,none,1,acs_ready,"PWOD variable is pct_cni_18to64_nodis_unemployed (nodis precedes unemployed in national_data naming, differs from PWD column order). ACS C18120, ages 18-64."
51,Virginia,VA,2024,eq_score_unemployed,WE,equity,Unemployment Rate: Equity,4.634902328263533,3.225844700858423,-1.4090576274051103,lower_better,none,1,acs_ready,"PWOD variable is pct_cni_18to64_nodis_unemployed (nodis precedes unemployed in national_data naming, differs from PWD column order). ACS C18120, ages 18-64."
53,Washington,WA,2024,eq_score_unemployed,WE,equity,Unemployment Rate: Equity,5.5931960134871925,3.758744078887438,-1.8344519345997545,lower_better,none,1,acs_ready,"PWOD variable is pct_cni_18to64_nodis_unemployed (nodis precedes unemployed in national_data naming, differs from PWD column order). ACS C18120, ages 18-64."
54,West Virginia,WV,2024,eq_score_unemployed,WE,equity,Unemployment Rate: Equity,3.7362455921029354,3.858186830029648,0.12194123792671263,lower_better,none,1,acs_ready,"PWOD variable is pct_cni_18to64_nodis_unemployed (nodis precedes unemployed in national_data naming, differs from PWD column order). ACS C18120, ages 18-64."
55,Wisconsin,WI,2024,eq_score_unemployed,WE,equity,Unemployment Rate: Equity,4.058419819216605,2.4840179758212546,-1.5744018433953508,lower_better,none,1,acs_ready,"PWOD variable is pct_cni_18to64_nodis_unemployed (nodis precedes unemployed in national_data naming, differs from PWD column order). ACS C18120, ages 18-64."
56,Wyoming,WY,2024,eq_score_unemployed,WE,equity,Unemployment Rate: Equity,4.725807734103739,2.676986771075525,-2.048820963028214,lower_better,none,1,acs_ready,"PWOD variable is pct_cni_18to64_nodis_unemployed (nodis precedes unemployed in national_data naming, differs from PWD column order). ACS C18120, ages 18-64."
72,Puerto Rico,PR,2024,eq_score_unemployed,WE,equity,Unemployment Rate: Equity,4.824523316255009,7.332667456236104,2.508144139981095,lower_better,none,1,acs_ready,"PWOD variable is pct_cni_18to64_nodis_unemployed (nodis precedes unemployed in national_data naming, differs from PWD column order). ACS C18120, ages 18-64."
000,United States,USA,2024,rel_score_labor,WE,relative,Not in Labor Force: Relative,51.460477120104464,NA,51.460477120104464,lower_better,none,1,acs_ready,"ACS C18120, ages 18-64. Not-in-labor-force count for the disability population 18-64. Denominator is all civilians 18-64 with a disability in the C18120 universe (employed plus unemployed plus not in labor force)."
01,Alabama,AL,2024,rel_score_labor,WE,relative,Not in Labor Force: Relative,59.308332144619335,NA,59.308332144619335,lower_better,none,1,acs_ready,"ACS C18120, ages 18-64. Not-in-labor-force count for the disability population 18-64. Denominator is all civilians 18-64 with a disability in the C18120 universe (employed plus unemployed plus not in labor force)."
02,Alaska,AK,2024,rel_score_labor,WE,relative,Not in Labor Force: Relative,46.47591926266571,NA,46.47591926266571,lower_better,none,1,acs_ready,"ACS C18120, ages 18-64. Not-in-labor-force count for the disability population 18-64. Denominator is all civilians 18-64 with a disability in the C18120 universe (employed plus unemployed plus not in labor force)."
04,Arizona,AZ,2024,rel_score_labor,WE,relative,Not in Labor Force: Relative,48.789631779113265,NA,48.789631779113265,lower_better,none,1,acs_ready,"ACS C18120, ages 18-64. Not-in-labor-force count for the disability population 18-64. Denominator is all civilians 18-64 with a disability in the C18120 universe (employed plus unemployed plus not in labor force)."
05,Arkansas,AR,2024,rel_score_labor,WE,relative,Not in Labor Force: Relative,59.39892571542102,NA,59.39892571542102,lower_better,none,1,acs_ready,"ACS C18120, ages 18-64. Not-in-labor-force count for the disability population 18-64. Denominator is all civilians 18-64 with a disability in the C18120 universe (employed plus unemployed plus not in labor force)."
06,California,CA,2024,rel_score_labor,WE,relative,Not in Labor Force: Relative,51.752812156515084,NA,51.752812156515084,lower_better,none,1,acs_ready,"ACS C18120, ages 18-64. Not-in-labor-force count for the disability population 18-64. Denominator is all civilians 18-64 with a disability in the C18120 universe (employed plus unemployed plus not in labor force)."
08,Colorado,CO,2024,rel_score_labor,WE,relative,Not in Labor Force: Relative,41.75189730177563,NA,41.75189730177563,lower_better,none,1,acs_ready,"ACS C18120, ages 18-64. Not-in-labor-force count for the disability population 18-64. Denominator is all civilians 18-64 with a disability in the C18120 universe (employed plus unemployed plus not in labor force)."
09,Connecticut,CT,2024,rel_score_labor,WE,relative,Not in Labor Force: Relative,49.391223129232245,NA,49.391223129232245,lower_better,none,1,acs_ready,"ACS C18120, ages 18-64. Not-in-labor-force count for the disability population 18-64. Denominator is all civilians 18-64 with a disability in the C18120 universe (employed plus unemployed plus not in labor force)."
10,Delaware,DE,2024,rel_score_labor,WE,relative,Not in Labor Force: Relative,49.22765479910223,NA,49.22765479910223,lower_better,none,1,acs_ready,"ACS C18120, ages 18-64. Not-in-labor-force count for the disability population 18-64. Denominator is all civilians 18-64 with a disability in the C18120 universe (employed plus unemployed plus not in labor force)."
11,District of Columbia,DC,2024,rel_score_labor,WE,relative,Not in Labor Force: Relative,44.69371519490851,NA,44.69371519490851,lower_better,none,1,acs_ready,"ACS C18120, ages 18-64. Not-in-labor-force count for the disability population 18-64. Denominator is all civilians 18-64 with a disability in the C18120 universe (employed plus unemployed plus not in labor force)."
12,Florida,FL,2024,rel_score_labor,WE,relative,Not in Labor Force: Relative,53.38086222865543,NA,53.38086222865543,lower_better,none,1,acs_ready,"ACS C18120, ages 18-64. Not-in-labor-force count for the disability population 18-64. Denominator is all civilians 18-64 with a disability in the C18120 universe (employed plus unemployed plus not in labor force)."
13,Georgia,GA,2024,rel_score_labor,WE,relative,Not in Labor Force: Relative,52.94171388053698,NA,52.94171388053698,lower_better,none,1,acs_ready,"ACS C18120, ages 18-64. Not-in-labor-force count for the disability population 18-64. Denominator is all civilians 18-64 with a disability in the C18120 universe (employed plus unemployed plus not in labor force)."
15,Hawaii,HI,2024,rel_score_labor,WE,relative,Not in Labor Force: Relative,51.796055506993014,NA,51.796055506993014,lower_better,none,1,acs_ready,"ACS C18120, ages 18-64. Not-in-labor-force count for the disability population 18-64. Denominator is all civilians 18-64 with a disability in the C18120 universe (employed plus unemployed plus not in labor force)."
16,Idaho,ID,2024,rel_score_labor,WE,relative,Not in Labor Force: Relative,45.6150981966854,NA,45.6150981966854,lower_better,none,1,acs_ready,"ACS C18120, ages 18-64. Not-in-labor-force count for the disability population 18-64. Denominator is all civilians 18-64 with a disability in the C18120 universe (employed plus unemployed plus not in labor force)."
17,Illinois,IL,2024,rel_score_labor,WE,relative,Not in Labor Force: Relative,49.239202931980806,NA,49.239202931980806,lower_better,none,1,acs_ready,"ACS C18120, ages 18-64. Not-in-labor-force count for the disability population 18-64. Denominator is all civilians 18-64 with a disability in the C18120 universe (employed plus unemployed plus not in labor force)."
18,Indiana,IN,2024,rel_score_labor,WE,relative,Not in Labor Force: Relative,51.27505040252775,NA,51.27505040252775,lower_better,none,1,acs_ready,"ACS C18120, ages 18-64. Not-in-labor-force count for the disability population 18-64. Denominator is all civilians 18-64 with a disability in the C18120 universe (employed plus unemployed plus not in labor force)."
19,Iowa,IA,2024,rel_score_labor,WE,relative,Not in Labor Force: Relative,44.58731997682919,NA,44.58731997682919,lower_better,none,1,acs_ready,"ACS C18120, ages 18-64. Not-in-labor-force count for the disability population 18-64. Denominator is all civilians 18-64 with a disability in the C18120 universe (employed plus unemployed plus not in labor force)."
20,Kansas,KS,2024,rel_score_labor,WE,relative,Not in Labor Force: Relative,45.69215291750503,NA,45.69215291750503,lower_better,none,1,acs_ready,"ACS C18120, ages 18-64. Not-in-labor-force count for the disability population 18-64. Denominator is all civilians 18-64 with a disability in the C18120 universe (employed plus unemployed plus not in labor force)."
21,Kentucky,KY,2024,rel_score_labor,WE,relative,Not in Labor Force: Relative,59.06588712321682,NA,59.06588712321682,lower_better,none,1,acs_ready,"ACS C18120, ages 18-64. Not-in-labor-force count for the disability population 18-64. Denominator is all civilians 18-64 with a disability in the C18120 universe (employed plus unemployed plus not in labor force)."
22,Louisiana,LA,2024,rel_score_labor,WE,relative,Not in Labor Force: Relative,57.15633142261595,NA,57.15633142261595,lower_better,none,1,acs_ready,"ACS C18120, ages 18-64. Not-in-labor-force count for the disability population 18-64. Denominator is all civilians 18-64 with a disability in the C18120 universe (employed plus unemployed plus not in labor force)."
23,Maine,ME,2024,rel_score_labor,WE,relative,Not in Labor Force: Relative,55.06371007777594,NA,55.06371007777594,lower_better,none,1,acs_ready,"ACS C18120, ages 18-64. Not-in-labor-force count for the disability population 18-64. Denominator is all civilians 18-64 with a disability in the C18120 universe (employed plus unemployed plus not in labor force)."
24,Maryland,MD,2024,rel_score_labor,WE,relative,Not in Labor Force: Relative,46.88834161347775,NA,46.88834161347775,lower_better,none,1,acs_ready,"ACS C18120, ages 18-64. Not-in-labor-force count for the disability population 18-64. Denominator is all civilians 18-64 with a disability in the C18120 universe (employed plus unemployed plus not in labor force)."
25,Massachusetts,MA,2024,rel_score_labor,WE,relative,Not in Labor Force: Relative,51.278270577871574,NA,51.278270577871574,lower_better,none,1,acs_ready,"ACS C18120, ages 18-64. Not-in-labor-force count for the disability population 18-64. Denominator is all civilians 18-64 with a disability in the C18120 universe (employed plus unemployed plus not in labor force)."
26,Michigan,MI,2024,rel_score_labor,WE,relative,Not in Labor Force: Relative,54.783982059469025,NA,54.783982059469025,lower_better,none,1,acs_ready,"ACS C18120, ages 18-64. Not-in-labor-force count for the disability population 18-64. Denominator is all civilians 18-64 with a disability in the C18120 universe (employed plus unemployed plus not in labor force)."
27,Minnesota,MN,2024,rel_score_labor,WE,relative,Not in Labor Force: Relative,43.928276412973425,NA,43.928276412973425,lower_better,none,1,acs_ready,"ACS C18120, ages 18-64. Not-in-labor-force count for the disability population 18-64. Denominator is all civilians 18-64 with a disability in the C18120 universe (employed plus unemployed plus not in labor force)."
28,Mississippi,MS,2024,rel_score_labor,WE,relative,Not in Labor Force: Relative,60.00996312157982,NA,60.00996312157982,lower_better,none,1,acs_ready,"ACS C18120, ages 18-64. Not-in-labor-force count for the disability population 18-64. Denominator is all civilians 18-64 with a disability in the C18120 universe (employed plus unemployed plus not in labor force)."
29,Missouri,MO,2024,rel_score_labor,WE,relative,Not in Labor Force: Relative,52.36422374600186,NA,52.36422374600186,lower_better,none,1,acs_ready,"ACS C18120, ages 18-64. Not-in-labor-force count for the disability population 18-64. Denominator is all civilians 18-64 with a disability in the C18120 universe (employed plus unemployed plus not in labor force)."
30,Montana,MT,2024,rel_score_labor,WE,relative,Not in Labor Force: Relative,46.47545093400872,NA,46.47545093400872,lower_better,none,1,acs_ready,"ACS C18120, ages 18-64. Not-in-labor-force count for the disability population 18-64. Denominator is all civilians 18-64 with a disability in the C18120 universe (employed plus unemployed plus not in labor force)."
31,Nebraska,NE,2024,rel_score_labor,WE,relative,Not in Labor Force: Relative,41.92536767152459,NA,41.92536767152459,lower_better,none,1,acs_ready,"ACS C18120, ages 18-64. Not-in-labor-force count for the disability population 18-64. Denominator is all civilians 18-64 with a disability in the C18120 universe (employed plus unemployed plus not in labor force)."
32,Nevada,NV,2024,rel_score_labor,WE,relative,Not in Labor Force: Relative,47.563323019356694,NA,47.563323019356694,lower_better,none,1,acs_ready,"ACS C18120, ages 18-64. Not-in-labor-force count for the disability population 18-64. Denominator is all civilians 18-64 with a disability in the C18120 universe (employed plus unemployed plus not in labor force)."
33,New Hampshire,NH,2024,rel_score_labor,WE,relative,Not in Labor Force: Relative,48.46770798475804,NA,48.46770798475804,lower_better,none,1,acs_ready,"ACS C18120, ages 18-64. Not-in-labor-force count for the disability population 18-64. Denominator is all civilians 18-64 with a disability in the C18120 universe (employed plus unemployed plus not in labor force)."
34,New Jersey,NJ,2024,rel_score_labor,WE,relative,Not in Labor Force: Relative,49.06426234225436,NA,49.06426234225436,lower_better,none,1,acs_ready,"ACS C18120, ages 18-64. Not-in-labor-force count for the disability population 18-64. Denominator is all civilians 18-64 with a disability in the C18120 universe (employed plus unemployed plus not in labor force)."
35,New Mexico,NM,2024,rel_score_labor,WE,relative,Not in Labor Force: Relative,54.95250634284713,NA,54.95250634284713,lower_better,none,1,acs_ready,"ACS C18120, ages 18-64. Not-in-labor-force count for the disability population 18-64. Denominator is all civilians 18-64 with a disability in the C18120 universe (employed plus unemployed plus not in labor force)."
36,New York,NY,2024,rel_score_labor,WE,relative,Not in Labor Force: Relative,55.590211920161835,NA,55.590211920161835,lower_better,none,1,acs_ready,"ACS C18120, ages 18-64. Not-in-labor-force count for the disability population 18-64. Denominator is all civilians 18-64 with a disability in the C18120 universe (employed plus unemployed plus not in labor force)."
37,North Carolina,NC,2024,rel_score_labor,WE,relative,Not in Labor Force: Relative,54.72607637798652,NA,54.72607637798652,lower_better,none,1,acs_ready,"ACS C18120, ages 18-64. Not-in-labor-force count for the disability population 18-64. Denominator is all civilians 18-64 with a disability in the C18120 universe (employed plus unemployed plus not in labor force)."
38,North Dakota,ND,2024,rel_score_labor,WE,relative,Not in Labor Force: Relative,39.51132042862081,NA,39.51132042862081,lower_better,none,1,acs_ready,"ACS C18120, ages 18-64. Not-in-labor-force count for the disability population 18-64. Denominator is all civilians 18-64 with a disability in the C18120 universe (employed plus unemployed plus not in labor force)."
39,Ohio,OH,2024,rel_score_labor,WE,relative,Not in Labor Force: Relative,52.3490325928199,NA,52.3490325928199,lower_better,none,1,acs_ready,"ACS C18120, ages 18-64. Not-in-labor-force count for the disability population 18-64. Denominator is all civilians 18-64 with a disability in the C18120 universe (employed plus unemployed plus not in labor force)."
40,Oklahoma,OK,2024,rel_score_labor,WE,relative,Not in Labor Force: Relative,50.706990486451666,NA,50.706990486451666,lower_better,none,1,acs_ready,"ACS C18120, ages 18-64. Not-in-labor-force count for the disability population 18-64. Denominator is all civilians 18-64 with a disability in the C18120 universe (employed plus unemployed plus not in labor force)."
41,Oregon,OR,2024,rel_score_labor,WE,relative,Not in Labor Force: Relative,49.25977155904009,NA,49.25977155904009,lower_better,none,1,acs_ready,"ACS C18120, ages 18-64. Not-in-labor-force count for the disability population 18-64. Denominator is all civilians 18-64 with a disability in the C18120 universe (employed plus unemployed plus not in labor force)."
42,Pennsylvania,PA,2024,rel_score_labor,WE,relative,Not in Labor Force: Relative,52.38668562249102,NA,52.38668562249102,lower_better,none,1,acs_ready,"ACS C18120, ages 18-64. Not-in-labor-force count for the disability population 18-64. Denominator is all civilians 18-64 with a disability in the C18120 universe (employed plus unemployed plus not in labor force)."
44,Rhode Island,RI,2024,rel_score_labor,WE,relative,Not in Labor Force: Relative,50.03699202029277,NA,50.03699202029277,lower_better,none,1,acs_ready,"ACS C18120, ages 18-64. Not-in-labor-force count for the disability population 18-64. Denominator is all civilians 18-64 with a disability in the C18120 universe (employed plus unemployed plus not in labor force)."
45,South Carolina,SC,2024,rel_score_labor,WE,relative,Not in Labor Force: Relative,55.099400257714194,NA,55.099400257714194,lower_better,none,1,acs_ready,"ACS C18120, ages 18-64. Not-in-labor-force count for the disability population 18-64. Denominator is all civilians 18-64 with a disability in the C18120 universe (employed plus unemployed plus not in labor force)."
46,South Dakota,SD,2024,rel_score_labor,WE,relative,Not in Labor Force: Relative,42.45001408054069,NA,42.45001408054069,lower_better,none,1,acs_ready,"ACS C18120, ages 18-64. Not-in-labor-force count for the disability population 18-64. Denominator is all civilians 18-64 with a disability in the C18120 universe (employed plus unemployed plus not in labor force)."
47,Tennessee,TN,2024,rel_score_labor,WE,relative,Not in Labor Force: Relative,55.40326387483984,NA,55.40326387483984,lower_better,none,1,acs_ready,"ACS C18120, ages 18-64. Not-in-labor-force count for the disability population 18-64. Denominator is all civilians 18-64 with a disability in the C18120 universe (employed plus unemployed plus not in labor force)."
48,Texas,TX,2024,rel_score_labor,WE,relative,Not in Labor Force: Relative,46.873239406534154,NA,46.873239406534154,lower_better,none,1,acs_ready,"ACS C18120, ages 18-64. Not-in-labor-force count for the disability population 18-64. Denominator is all civilians 18-64 with a disability in the C18120 universe (employed plus unemployed plus not in labor force)."
49,Utah,UT,2024,rel_score_labor,WE,relative,Not in Labor Force: Relative,40.899129481950446,NA,40.899129481950446,lower_better,none,1,acs_ready,"ACS C18120, ages 18-64. Not-in-labor-force count for the disability population 18-64. Denominator is all civilians 18-64 with a disability in the C18120 universe (employed plus unemployed plus not in labor force)."
50,Vermont,VT,2024,rel_score_labor,WE,relative,Not in Labor Force: Relative,52.741552741552745,NA,52.741552741552745,lower_better,none,1,acs_ready,"ACS C18120, ages 18-64. Not-in-labor-force count for the disability population 18-64. Denominator is all civilians 18-64 with a disability in the C18120 universe (employed plus unemployed plus not in labor force)."
51,Virginia,VA,2024,rel_score_labor,WE,relative,Not in Labor Force: Relative,50.057286588488815,NA,50.057286588488815,lower_better,none,1,acs_ready,"ACS C18120, ages 18-64. Not-in-labor-force count for the disability population 18-64. Denominator is all civilians 18-64 with a disability in the C18120 universe (employed plus unemployed plus not in labor force)."
53,Washington,WA,2024,rel_score_labor,WE,relative,Not in Labor Force: Relative,48.138614636473946,NA,48.138614636473946,lower_better,none,1,acs_ready,"ACS C18120, ages 18-64. Not-in-labor-force count for the disability population 18-64. Denominator is all civilians 18-64 with a disability in the C18120 universe (employed plus unemployed plus not in labor force)."
54,West Virginia,WV,2024,rel_score_labor,WE,relative,Not in Labor Force: Relative,62.74781521623757,NA,62.74781521623757,lower_better,none,1,acs_ready,"ACS C18120, ages 18-64. Not-in-labor-force count for the disability population 18-64. Denominator is all civilians 18-64 with a disability in the C18120 universe (employed plus unemployed plus not in labor force)."
55,Wisconsin,WI,2024,rel_score_labor,WE,relative,Not in Labor Force: Relative,47.31140497712309,NA,47.31140497712309,lower_better,none,1,acs_ready,"ACS C18120, ages 18-64. Not-in-labor-force count for the disability population 18-64. Denominator is all civilians 18-64 with a disability in the C18120 universe (employed plus unemployed plus not in labor force)."
56,Wyoming,WY,2024,rel_score_labor,WE,relative,Not in Labor Force: Relative,45.924885366694056,NA,45.924885366694056,lower_better,none,1,acs_ready,"ACS C18120, ages 18-64. Not-in-labor-force count for the disability population 18-64. Denominator is all civilians 18-64 with a disability in the C18120 universe (employed plus unemployed plus not in labor force)."
72,Puerto Rico,PR,2024,rel_score_labor,WE,relative,Not in Labor Force: Relative,65.69179620141672,NA,65.69179620141672,lower_better,none,1,acs_ready,"ACS C18120, ages 18-64. Not-in-labor-force count for the disability population 18-64. Denominator is all civilians 18-64 with a disability in the C18120 universe (employed plus unemployed plus not in labor force)."
000,United States,USA,2024,eq_score_labor,WE,equity,Not in Labor Force: Equity,51.460477120104464,18.044519377170605,-33.415957742933855,lower_better,none,1,acs_ready,NA
01,Alabama,AL,2024,eq_score_labor,WE,equity,Not in Labor Force: Equity,59.308332144619335,21.51902780224869,-37.78930434237064,lower_better,none,1,acs_ready,NA
02,Alaska,AK,2024,eq_score_labor,WE,equity,Not in Labor Force: Equity,46.47591926266571,19.09417095305703,-27.381748309608682,lower_better,none,1,acs_ready,NA
04,Arizona,AZ,2024,eq_score_labor,WE,equity,Not in Labor Force: Equity,48.789631779113265,19.334094142095573,-29.45553763701769,lower_better,none,1,acs_ready,NA
05,Arkansas,AR,2024,eq_score_labor,WE,equity,Not in Labor Force: Equity,59.39892571542102,19.94486114906626,-39.45406456635476,lower_better,none,1,acs_ready,NA
06,California,CA,2024,eq_score_labor,WE,equity,Not in Labor Force: Equity,51.752812156515084,19.696828503655546,-32.05598365285954,lower_better,none,1,acs_ready,NA
08,Colorado,CO,2024,eq_score_labor,WE,equity,Not in Labor Force: Equity,41.75189730177563,15.227068129550506,-26.52482917222512,lower_better,none,1,acs_ready,NA
09,Connecticut,CT,2024,eq_score_labor,WE,equity,Not in Labor Force: Equity,49.391223129232245,15.790963904198495,-33.60025922503375,lower_better,none,1,acs_ready,NA
10,Delaware,DE,2024,eq_score_labor,WE,equity,Not in Labor Force: Equity,49.22765479910223,16.960935014355645,-32.266719784746584,lower_better,none,1,acs_ready,NA
11,District of Columbia,DC,2024,eq_score_labor,WE,equity,Not in Labor Force: Equity,44.69371519490851,15.14921209089335,-29.544503104015163,lower_better,none,1,acs_ready,NA
12,Florida,FL,2024,eq_score_labor,WE,equity,Not in Labor Force: Equity,53.38086222865543,19.072800557983708,-34.30806167067172,lower_better,none,1,acs_ready,NA
13,Georgia,GA,2024,eq_score_labor,WE,equity,Not in Labor Force: Equity,52.94171388053698,18.82602316675953,-34.115690713777454,lower_better,none,1,acs_ready,NA
15,Hawaii,HI,2024,eq_score_labor,WE,equity,Not in Labor Force: Equity,51.796055506993014,17.733134817776268,-34.062920689216746,lower_better,none,1,acs_ready,NA
16,Idaho,ID,2024,eq_score_labor,WE,equity,Not in Labor Force: Equity,45.6150981966854,18.38692503393509,-27.228173162750313,lower_better,none,1,acs_ready,NA
17,Illinois,IL,2024,eq_score_labor,WE,equity,Not in Labor Force: Equity,49.239202931980806,16.72020863449486,-32.518994297485946,lower_better,none,1,acs_ready,NA
18,Indiana,IN,2024,eq_score_labor,WE,equity,Not in Labor Force: Equity,51.27505040252775,16.7311603021644,-34.54389010036334,lower_better,none,1,acs_ready,NA
19,Iowa,IA,2024,eq_score_labor,WE,equity,Not in Labor Force: Equity,44.58731997682919,14.143683380335547,-30.443636596493647,lower_better,none,1,acs_ready,NA
20,Kansas,KS,2024,eq_score_labor,WE,equity,Not in Labor Force: Equity,45.69215291750503,15.368631251830983,-30.323521665674043,lower_better,none,1,acs_ready,NA
21,Kentucky,KY,2024,eq_score_labor,WE,equity,Not in Labor Force: Equity,59.06588712321682,19.142392809168953,-39.923494314047865,lower_better,none,1,acs_ready,NA
22,Louisiana,LA,2024,eq_score_labor,WE,equity,Not in Labor Force: Equity,57.15633142261595,21.201093405809456,-35.95523801680649,lower_better,none,1,acs_ready,NA
23,Maine,ME,2024,eq_score_labor,WE,equity,Not in Labor Force: Equity,55.06371007777594,16.028535447695567,-39.03517463008037,lower_better,none,1,acs_ready,NA
24,Maryland,MD,2024,eq_score_labor,WE,equity,Not in Labor Force: Equity,46.88834161347775,15.596209743501383,-31.292131869976366,lower_better,none,1,acs_ready,NA
25,Massachusetts,MA,2024,eq_score_labor,WE,equity,Not in Labor Force: Equity,51.278270577871574,15.524110195144477,-35.75416038272709,lower_better,none,1,acs_ready,NA
26,Michigan,MI,2024,eq_score_labor,WE,equity,Not in Labor Force: Equity,54.783982059469025,18.43281430492979,-36.35116775453923,lower_better,none,1,acs_ready,NA
27,Minnesota,MN,2024,eq_score_labor,WE,equity,Not in Labor Force: Equity,43.928276412973425,13.060349404793412,-30.86792700818001,lower_better,none,1,acs_ready,NA
28,Mississippi,MS,2024,eq_score_labor,WE,equity,Not in Labor Force: Equity,60.00996312157982,21.86785496184797,-38.14210815973185,lower_better,none,1,acs_ready,NA
29,Missouri,MO,2024,eq_score_labor,WE,equity,Not in Labor Force: Equity,52.36422374600186,16.807068767680438,-35.55715497832142,lower_better,none,1,acs_ready,NA
30,Montana,MT,2024,eq_score_labor,WE,equity,Not in Labor Force: Equity,46.47545093400872,16.98403633775841,-29.49141459625031,lower_better,none,1,acs_ready,NA
31,Nebraska,NE,2024,eq_score_labor,WE,equity,Not in Labor Force: Equity,41.92536767152459,13.367400544438606,-28.557967127085984,lower_better,none,1,acs_ready,NA
32,Nevada,NV,2024,eq_score_labor,WE,equity,Not in Labor Force: Equity,47.563323019356694,18.74610808668824,-28.817214932668456,lower_better,none,1,acs_ready,NA
33,New Hampshire,NH,2024,eq_score_labor,WE,equity,Not in Labor Force: Equity,48.46770798475804,14.688648352689713,-33.77905963206833,lower_better,none,1,acs_ready,NA
34,New Jersey,NJ,2024,eq_score_labor,WE,equity,Not in Labor Force: Equity,49.06426234225436,16.378643121777216,-32.68561922047714,lower_better,none,1,acs_ready,NA
35,New Mexico,NM,2024,eq_score_labor,WE,equity,Not in Labor Force: Equity,54.95250634284713,21.966109831029186,-32.986396511817944,lower_better,none,1,acs_ready,NA
36,New York,NY,2024,eq_score_labor,WE,equity,Not in Labor Force: Equity,55.590211920161835,19.192736815078977,-36.39747510508286,lower_better,none,1,acs_ready,NA
37,North Carolina,NC,2024,eq_score_labor,WE,equity,Not in Labor Force: Equity,54.72607637798652,18.69838284657591,-36.02769353141061,lower_better,none,1,acs_ready,NA
38,North Dakota,ND,2024,eq_score_labor,WE,equity,Not in Labor Force: Equity,39.51132042862081,14.041753542222125,-25.469566886398688,lower_better,none,1,acs_ready,NA
39,Ohio,OH,2024,eq_score_labor,WE,equity,Not in Labor Force: Equity,52.3490325928199,16.744919129661234,-35.60411346315867,lower_better,none,1,acs_ready,NA
40,Oklahoma,OK,2024,eq_score_labor,WE,equity,Not in Labor Force: Equity,50.706990486451666,19.531298554635097,-31.17569193181657,lower_better,none,1,acs_ready,NA
41,Oregon,OR,2024,eq_score_labor,WE,equity,Not in Labor Force: Equity,49.25977155904009,17.290762634618538,-31.96900892442155,lower_better,none,1,acs_ready,NA
42,Pennsylvania,PA,2024,eq_score_labor,WE,equity,Not in Labor Force: Equity,52.38668562249102,16.889527140321306,-35.497158482169716,lower_better,none,1,acs_ready,NA
44,Rhode Island,RI,2024,eq_score_labor,WE,equity,Not in Labor Force: Equity,50.03699202029277,16.422087206923006,-33.61490481336976,lower_better,none,1,acs_ready,NA
45,South Carolina,SC,2024,eq_score_labor,WE,equity,Not in Labor Force: Equity,55.099400257714194,19.563820238829564,-35.53558001888463,lower_better,none,1,acs_ready,NA
46,South Dakota,SD,2024,eq_score_labor,WE,equity,Not in Labor Force: Equity,42.45001408054069,13.747519323166909,-28.70249475737378,lower_better,none,1,acs_ready,NA
47,Tennessee,TN,2024,eq_score_labor,WE,equity,Not in Labor Force: Equity,55.40326387483984,18.391487916469522,-37.011775958370315,lower_better,none,1,acs_ready,NA
48,Texas,TX,2024,eq_score_labor,WE,equity,Not in Labor Force: Equity,46.873239406534154,19.064654245114042,-27.808585161420112,lower_better,none,1,acs_ready,NA
49,Utah,UT,2024,eq_score_labor,WE,equity,Not in Labor Force: Equity,40.899129481950446,16.422657492817343,-24.476471989133103,lower_better,none,1,acs_ready,NA
50,Vermont,VT,2024,eq_score_labor,WE,equity,Not in Labor Force: Equity,52.741552741552745,15.20580604445691,-37.53574669709583,lower_better,none,1,acs_ready,NA
51,Virginia,VA,2024,eq_score_labor,WE,equity,Not in Labor Force: Equity,50.057286588488815,17.201573092715627,-32.85571349577319,lower_better,none,1,acs_ready,NA
53,Washington,WA,2024,eq_score_labor,WE,equity,Not in Labor Force: Equity,48.138614636473946,17.6624225700665,-30.476192066407446,lower_better,none,1,acs_ready,NA
54,West Virginia,WV,2024,eq_score_labor,WE,equity,Not in Labor Force: Equity,62.74781521623757,22.55546377567854,-40.19235144055903,lower_better,none,1,acs_ready,NA
55,Wisconsin,WI,2024,eq_score_labor,WE,equity,Not in Labor Force: Equity,47.31140497712309,14.886954870561429,-32.424450106561665,lower_better,none,1,acs_ready,NA
56,Wyoming,WY,2024,eq_score_labor,WE,equity,Not in Labor Force: Equity,45.924885366694056,15.393932073851149,-30.53095329284291,lower_better,none,1,acs_ready,NA
72,Puerto Rico,PR,2024,eq_score_labor,WE,equity,Not in Labor Force: Equity,65.69179620141672,30.72734188253557,-34.96445431888115,lower_better,none,1,acs_ready,NA
000,United States,USA,2024,rel_score_ssi_rent,WE,relative,SSI as Percent of 1BR Fair Market Rent: Relative,NA,NA,NA,lower_better,none,1,external_ready,Source 1 — SSI: SSA ASR 2024 Table 39 average monthly payment (December 2024) for under-65 recipients by state — combined federal + state supplement average (ssi_asr24.xlsx). Using average actual payment rather than federal maximum because it captures real state supplement differences. Source 2 — FMR: HUD FY2025 FMRs 1BR (FY25_FMRs_revised.xlsx/csv) — population-weighted mean of county 1BR FMRs by state. Formula: (avg_monthly_SSI / pop_wtd_state_1BR_FMR) x 100. Higher ratio = SSI covers more of FMR cost; lower_better scoring per convention.
01,Alabama,AL,2024,rel_score_ssi_rent,WE,relative,SSI as Percent of 1BR Fair Market Rent: Relative,80.30516409719193,NA,80.30516409719193,lower_better,none,1,external_ready,Source 1 — SSI: SSA ASR 2024 Table 39 average monthly payment (December 2024) for under-65 recipients by state — combined federal + state supplement average (ssi_asr24.xlsx). Using average actual payment rather than federal maximum because it captures real state supplement differences. Source 2 — FMR: HUD FY2025 FMRs 1BR (FY25_FMRs_revised.xlsx/csv) — population-weighted mean of county 1BR FMRs by state. Formula: (avg_monthly_SSI / pop_wtd_state_1BR_FMR) x 100. Higher ratio = SSI covers more of FMR cost; lower_better scoring per convention.
02,Alaska,AK,2024,rel_score_ssi_rent,WE,relative,SSI as Percent of 1BR Fair Market Rent: Relative,61.13324101789043,NA,61.13324101789043,lower_better,none,1,external_ready,Source 1 — SSI: SSA ASR 2024 Table 39 average monthly payment (December 2024) for under-65 recipients by state — combined federal + state supplement average (ssi_asr24.xlsx). Using average actual payment rather than federal maximum because it captures real state supplement differences. Source 2 — FMR: HUD FY2025 FMRs 1BR (FY25_FMRs_revised.xlsx/csv) — population-weighted mean of county 1BR FMRs by state. Formula: (avg_monthly_SSI / pop_wtd_state_1BR_FMR) x 100. Higher ratio = SSI covers more of FMR cost; lower_better scoring per convention.
04,Arizona,AZ,2024,rel_score_ssi_rent,WE,relative,SSI as Percent of 1BR Fair Market Rent: Relative,50.181234217286885,NA,50.181234217286885,lower_better,none,1,external_ready,Source 1 — SSI: SSA ASR 2024 Table 39 average monthly payment (December 2024) for under-65 recipients by state — combined federal + state supplement average (ssi_asr24.xlsx). Using average actual payment rather than federal maximum because it captures real state supplement differences. Source 2 — FMR: HUD FY2025 FMRs 1BR (FY25_FMRs_revised.xlsx/csv) — population-weighted mean of county 1BR FMRs by state. Formula: (avg_monthly_SSI / pop_wtd_state_1BR_FMR) x 100. Higher ratio = SSI covers more of FMR cost; lower_better scoring per convention.
05,Arkansas,AR,2024,rel_score_ssi_rent,WE,relative,SSI as Percent of 1BR Fair Market Rent: Relative,91.6872541323558,NA,91.6872541323558,lower_better,none,1,external_ready,Source 1 — SSI: SSA ASR 2024 Table 39 average monthly payment (December 2024) for under-65 recipients by state — combined federal + state supplement average (ssi_asr24.xlsx). Using average actual payment rather than federal maximum because it captures real state supplement differences. Source 2 — FMR: HUD FY2025 FMRs 1BR (FY25_FMRs_revised.xlsx/csv) — population-weighted mean of county 1BR FMRs by state. Formula: (avg_monthly_SSI / pop_wtd_state_1BR_FMR) x 100. Higher ratio = SSI covers more of FMR cost; lower_better scoring per convention.
06,California,CA,2024,rel_score_ssi_rent,WE,relative,SSI as Percent of 1BR Fair Market Rent: Relative,44.654926386273345,NA,44.654926386273345,lower_better,none,1,external_ready,Source 1 — SSI: SSA ASR 2024 Table 39 average monthly payment (December 2024) for under-65 recipients by state — combined federal + state supplement average (ssi_asr24.xlsx). Using average actual payment rather than federal maximum because it captures real state supplement differences. Source 2 — FMR: HUD FY2025 FMRs 1BR (FY25_FMRs_revised.xlsx/csv) — population-weighted mean of county 1BR FMRs by state. Formula: (avg_monthly_SSI / pop_wtd_state_1BR_FMR) x 100. Higher ratio = SSI covers more of FMR cost; lower_better scoring per convention.
08,Colorado,CO,2024,rel_score_ssi_rent,WE,relative,SSI as Percent of 1BR Fair Market Rent: Relative,47.20734260606369,NA,47.20734260606369,lower_better,none,1,external_ready,Source 1 — SSI: SSA ASR 2024 Table 39 average monthly payment (December 2024) for under-65 recipients by state — combined federal + state supplement average (ssi_asr24.xlsx). Using average actual payment rather than federal maximum because it captures real state supplement differences. Source 2 — FMR: HUD FY2025 FMRs 1BR (FY25_FMRs_revised.xlsx/csv) — population-weighted mean of county 1BR FMRs by state. Formula: (avg_monthly_SSI / pop_wtd_state_1BR_FMR) x 100. Higher ratio = SSI covers more of FMR cost; lower_better scoring per convention.
09,Connecticut,CT,2024,rel_score_ssi_rent,WE,relative,SSI as Percent of 1BR Fair Market Rent: Relative,49.70228898998124,NA,49.70228898998124,lower_better,none,1,external_ready,Source 1 — SSI: SSA ASR 2024 Table 39 average monthly payment (December 2024) for under-65 recipients by state — combined federal + state supplement average (ssi_asr24.xlsx). Using average actual payment rather than federal maximum because it captures real state supplement differences. Source 2 — FMR: HUD FY2025 FMRs 1BR (FY25_FMRs_revised.xlsx/csv) — population-weighted mean of county 1BR FMRs by state. Formula: (avg_monthly_SSI / pop_wtd_state_1BR_FMR) x 100. Higher ratio = SSI covers more of FMR cost; lower_better scoring per convention.
10,Delaware,DE,2024,rel_score_ssi_rent,WE,relative,SSI as Percent of 1BR Fair Market Rent: Relative,55.9881649066592,NA,55.9881649066592,lower_better,none,1,external_ready,Source 1 — SSI: SSA ASR 2024 Table 39 average monthly payment (December 2024) for under-65 recipients by state — combined federal + state supplement average (ssi_asr24.xlsx). Using average actual payment rather than federal maximum because it captures real state supplement differences. Source 2 — FMR: HUD FY2025 FMRs 1BR (FY25_FMRs_revised.xlsx/csv) — population-weighted mean of county 1BR FMRs by state. Formula: (avg_monthly_SSI / pop_wtd_state_1BR_FMR) x 100. Higher ratio = SSI covers more of FMR cost; lower_better scoring per convention.
11,District of Columbia,DC,2024,rel_score_ssi_rent,WE,relative,SSI as Percent of 1BR Fair Market Rent: Relative,38.47665369649806,NA,38.47665369649806,lower_better,none,1,external_ready,Source 1 — SSI: SSA ASR 2024 Table 39 average monthly payment (December 2024) for under-65 recipients by state — combined federal + state supplement average (ssi_asr24.xlsx). Using average actual payment rather than federal maximum because it captures real state supplement differences. Source 2 — FMR: HUD FY2025 FMRs 1BR (FY25_FMRs_revised.xlsx/csv) — population-weighted mean of county 1BR FMRs by state. Formula: (avg_monthly_SSI / pop_wtd_state_1BR_FMR) x 100. Higher ratio = SSI covers more of FMR cost; lower_better scoring per convention.
12,Florida,FL,2024,rel_score_ssi_rent,WE,relative,SSI as Percent of 1BR Fair Market Rent: Relative,46.55965161232663,NA,46.55965161232663,lower_better,none,1,external_ready,Source 1 — SSI: SSA ASR 2024 Table 39 average monthly payment (December 2024) for under-65 recipients by state — combined federal + state supplement average (ssi_asr24.xlsx). Using average actual payment rather than federal maximum because it captures real state supplement differences. Source 2 — FMR: HUD FY2025 FMRs 1BR (FY25_FMRs_revised.xlsx/csv) — population-weighted mean of county 1BR FMRs by state. Formula: (avg_monthly_SSI / pop_wtd_state_1BR_FMR) x 100. Higher ratio = SSI covers more of FMR cost; lower_better scoring per convention.
13,Georgia,GA,2024,rel_score_ssi_rent,WE,relative,SSI as Percent of 1BR Fair Market Rent: Relative,54.79223893606808,NA,54.79223893606808,lower_better,none,1,external_ready,Source 1 — SSI: SSA ASR 2024 Table 39 average monthly payment (December 2024) for under-65 recipients by state — combined federal + state supplement average (ssi_asr24.xlsx). Using average actual payment rather than federal maximum because it captures real state supplement differences. Source 2 — FMR: HUD FY2025 FMRs 1BR (FY25_FMRs_revised.xlsx/csv) — population-weighted mean of county 1BR FMRs by state. Formula: (avg_monthly_SSI / pop_wtd_state_1BR_FMR) x 100. Higher ratio = SSI covers more of FMR cost; lower_better scoring per convention.
15,Hawaii,HI,2024,rel_score_ssi_rent,WE,relative,SSI as Percent of 1BR Fair Market Rent: Relative,39.62961371296418,NA,39.62961371296418,lower_better,none,1,external_ready,Source 1 — SSI: SSA ASR 2024 Table 39 average monthly payment (December 2024) for under-65 recipients by state — combined federal + state supplement average (ssi_asr24.xlsx). Using average actual payment rather than federal maximum because it captures real state supplement differences. Source 2 — FMR: HUD FY2025 FMRs 1BR (FY25_FMRs_revised.xlsx/csv) — population-weighted mean of county 1BR FMRs by state. Formula: (avg_monthly_SSI / pop_wtd_state_1BR_FMR) x 100. Higher ratio = SSI covers more of FMR cost; lower_better scoring per convention.
16,Idaho,ID,2024,rel_score_ssi_rent,WE,relative,SSI as Percent of 1BR Fair Market Rent: Relative,60.74083640602309,NA,60.74083640602309,lower_better,none,1,external_ready,Source 1 — SSI: SSA ASR 2024 Table 39 average monthly payment (December 2024) for under-65 recipients by state — combined federal + state supplement average (ssi_asr24.xlsx). Using average actual payment rather than federal maximum because it captures real state supplement differences. Source 2 — FMR: HUD FY2025 FMRs 1BR (FY25_FMRs_revised.xlsx/csv) — population-weighted mean of county 1BR FMRs by state. Formula: (avg_monthly_SSI / pop_wtd_state_1BR_FMR) x 100. Higher ratio = SSI covers more of FMR cost; lower_better scoring per convention.
17,Illinois,IL,2024,rel_score_ssi_rent,WE,relative,SSI as Percent of 1BR Fair Market Rent: Relative,56.89857704835847,NA,56.89857704835847,lower_better,none,1,external_ready,Source 1 — SSI: SSA ASR 2024 Table 39 average monthly payment (December 2024) for under-65 recipients by state — combined federal + state supplement average (ssi_asr24.xlsx). Using average actual payment rather than federal maximum because it captures real state supplement differences. Source 2 — FMR: HUD FY2025 FMRs 1BR (FY25_FMRs_revised.xlsx/csv) — population-weighted mean of county 1BR FMRs by state. Formula: (avg_monthly_SSI / pop_wtd_state_1BR_FMR) x 100. Higher ratio = SSI covers more of FMR cost; lower_better scoring per convention.
18,Indiana,IN,2024,rel_score_ssi_rent,WE,relative,SSI as Percent of 1BR Fair Market Rent: Relative,77.81338004275507,NA,77.81338004275507,lower_better,none,1,external_ready,Source 1 — SSI: SSA ASR 2024 Table 39 average monthly payment (December 2024) for under-65 recipients by state — combined federal + state supplement average (ssi_asr24.xlsx). Using average actual payment rather than federal maximum because it captures real state supplement differences. Source 2 — FMR: HUD FY2025 FMRs 1BR (FY25_FMRs_revised.xlsx/csv) — population-weighted mean of county 1BR FMRs by state. Formula: (avg_monthly_SSI / pop_wtd_state_1BR_FMR) x 100. Higher ratio = SSI covers more of FMR cost; lower_better scoring per convention.
19,Iowa,IA,2024,rel_score_ssi_rent,WE,relative,SSI as Percent of 1BR Fair Market Rent: Relative,86.23485119480023,NA,86.23485119480023,lower_better,none,1,external_ready,Source 1 — SSI: SSA ASR 2024 Table 39 average monthly payment (December 2024) for under-65 recipients by state — combined federal + state supplement average (ssi_asr24.xlsx). Using average actual payment rather than federal maximum because it captures real state supplement differences. Source 2 — FMR: HUD FY2025 FMRs 1BR (FY25_FMRs_revised.xlsx/csv) — population-weighted mean of county 1BR FMRs by state. Formula: (avg_monthly_SSI / pop_wtd_state_1BR_FMR) x 100. Higher ratio = SSI covers more of FMR cost; lower_better scoring per convention.
20,Kansas,KS,2024,rel_score_ssi_rent,WE,relative,SSI as Percent of 1BR Fair Market Rent: Relative,81.70131038383657,NA,81.70131038383657,lower_better,none,1,external_ready,Source 1 — SSI: SSA ASR 2024 Table 39 average monthly payment (December 2024) for under-65 recipients by state — combined federal + state supplement average (ssi_asr24.xlsx). Using average actual payment rather than federal maximum because it captures real state supplement differences. Source 2 — FMR: HUD FY2025 FMRs 1BR (FY25_FMRs_revised.xlsx/csv) — population-weighted mean of county 1BR FMRs by state. Formula: (avg_monthly_SSI / pop_wtd_state_1BR_FMR) x 100. Higher ratio = SSI covers more of FMR cost; lower_better scoring per convention.
21,Kentucky,KY,2024,rel_score_ssi_rent,WE,relative,SSI as Percent of 1BR Fair Market Rent: Relative,82.61416058800268,NA,82.61416058800268,lower_better,none,1,external_ready,Source 1 — SSI: SSA ASR 2024 Table 39 average monthly payment (December 2024) for under-65 recipients by state — combined federal + state supplement average (ssi_asr24.xlsx). Using average actual payment rather than federal maximum because it captures real state supplement differences. Source 2 — FMR: HUD FY2025 FMRs 1BR (FY25_FMRs_revised.xlsx/csv) — population-weighted mean of county 1BR FMRs by state. Formula: (avg_monthly_SSI / pop_wtd_state_1BR_FMR) x 100. Higher ratio = SSI covers more of FMR cost; lower_better scoring per convention.
22,Louisiana,LA,2024,rel_score_ssi_rent,WE,relative,SSI as Percent of 1BR Fair Market Rent: Relative,76.23236287338548,NA,76.23236287338548,lower_better,none,1,external_ready,Source 1 — SSI: SSA ASR 2024 Table 39 average monthly payment (December 2024) for under-65 recipients by state — combined federal + state supplement average (ssi_asr24.xlsx). Using average actual payment rather than federal maximum because it captures real state supplement differences. Source 2 — FMR: HUD FY2025 FMRs 1BR (FY25_FMRs_revised.xlsx/csv) — population-weighted mean of county 1BR FMRs by state. Formula: (avg_monthly_SSI / pop_wtd_state_1BR_FMR) x 100. Higher ratio = SSI covers more of FMR cost; lower_better scoring per convention.
23,Maine,ME,2024,rel_score_ssi_rent,WE,relative,SSI as Percent of 1BR Fair Market Rent: Relative,61.80435475660263,NA,61.80435475660263,lower_better,none,1,external_ready,Source 1 — SSI: SSA ASR 2024 Table 39 average monthly payment (December 2024) for under-65 recipients by state — combined federal + state supplement average (ssi_asr24.xlsx). Using average actual payment rather than federal maximum because it captures real state supplement differences. Source 2 — FMR: HUD FY2025 FMRs 1BR (FY25_FMRs_revised.xlsx/csv) — population-weighted mean of county 1BR FMRs by state. Formula: (avg_monthly_SSI / pop_wtd_state_1BR_FMR) x 100. Higher ratio = SSI covers more of FMR cost; lower_better scoring per convention.
24,Maryland,MD,2024,rel_score_ssi_rent,WE,relative,SSI as Percent of 1BR Fair Market Rent: Relative,43.8090445402581,NA,43.8090445402581,lower_better,none,1,external_ready,Source 1 — SSI: SSA ASR 2024 Table 39 average monthly payment (December 2024) for under-65 recipients by state — combined federal + state supplement average (ssi_asr24.xlsx). Using average actual payment rather than federal maximum because it captures real state supplement differences. Source 2 — FMR: HUD FY2025 FMRs 1BR (FY25_FMRs_revised.xlsx/csv) — population-weighted mean of county 1BR FMRs by state. Formula: (avg_monthly_SSI / pop_wtd_state_1BR_FMR) x 100. Higher ratio = SSI covers more of FMR cost; lower_better scoring per convention.
25,Massachusetts,MA,2024,rel_score_ssi_rent,WE,relative,SSI as Percent of 1BR Fair Market Rent: Relative,37.95488999642917,NA,37.95488999642917,lower_better,none,1,external_ready,Source 1 — SSI: SSA ASR 2024 Table 39 average monthly payment (December 2024) for under-65 recipients by state — combined federal + state supplement average (ssi_asr24.xlsx). Using average actual payment rather than federal maximum because it captures real state supplement differences. Source 2 — FMR: HUD FY2025 FMRs 1BR (FY25_FMRs_revised.xlsx/csv) — population-weighted mean of county 1BR FMRs by state. Formula: (avg_monthly_SSI / pop_wtd_state_1BR_FMR) x 100. Higher ratio = SSI covers more of FMR cost; lower_better scoring per convention.
26,Michigan,MI,2024,rel_score_ssi_rent,WE,relative,SSI as Percent of 1BR Fair Market Rent: Relative,74.3104452989297,NA,74.3104452989297,lower_better,none,1,external_ready,Source 1 — SSI: SSA ASR 2024 Table 39 average monthly payment (December 2024) for under-65 recipients by state — combined federal + state supplement average (ssi_asr24.xlsx). Using average actual payment rather than federal maximum because it captures real state supplement differences. Source 2 — FMR: HUD FY2025 FMRs 1BR (FY25_FMRs_revised.xlsx/csv) — population-weighted mean of county 1BR FMRs by state. Formula: (avg_monthly_SSI / pop_wtd_state_1BR_FMR) x 100. Higher ratio = SSI covers more of FMR cost; lower_better scoring per convention.
27,Minnesota,MN,2024,rel_score_ssi_rent,WE,relative,SSI as Percent of 1BR Fair Market Rent: Relative,62.98015789020164,NA,62.98015789020164,lower_better,none,1,external_ready,Source 1 — SSI: SSA ASR 2024 Table 39 average monthly payment (December 2024) for under-65 recipients by state — combined federal + state supplement average (ssi_asr24.xlsx). Using average actual payment rather than federal maximum because it captures real state supplement differences. Source 2 — FMR: HUD FY2025 FMRs 1BR (FY25_FMRs_revised.xlsx/csv) — population-weighted mean of county 1BR FMRs by state. Formula: (avg_monthly_SSI / pop_wtd_state_1BR_FMR) x 100. Higher ratio = SSI covers more of FMR cost; lower_better scoring per convention.
28,Mississippi,MS,2024,rel_score_ssi_rent,WE,relative,SSI as Percent of 1BR Fair Market Rent: Relative,79.59782708003361,NA,79.59782708003361,lower_better,none,1,external_ready,Source 1 — SSI: SSA ASR 2024 Table 39 average monthly payment (December 2024) for under-65 recipients by state — combined federal + state supplement average (ssi_asr24.xlsx). Using average actual payment rather than federal maximum because it captures real state supplement differences. Source 2 — FMR: HUD FY2025 FMRs 1BR (FY25_FMRs_revised.xlsx/csv) — population-weighted mean of county 1BR FMRs by state. Formula: (avg_monthly_SSI / pop_wtd_state_1BR_FMR) x 100. Higher ratio = SSI covers more of FMR cost; lower_better scoring per convention.
29,Missouri,MO,2024,rel_score_ssi_rent,WE,relative,SSI as Percent of 1BR Fair Market Rent: Relative,78.47187330587893,NA,78.47187330587893,lower_better,none,1,external_ready,Source 1 — SSI: SSA ASR 2024 Table 39 average monthly payment (December 2024) for under-65 recipients by state — combined federal + state supplement average (ssi_asr24.xlsx). Using average actual payment rather than federal maximum because it captures real state supplement differences. Source 2 — FMR: HUD FY2025 FMRs 1BR (FY25_FMRs_revised.xlsx/csv) — population-weighted mean of county 1BR FMRs by state. Formula: (avg_monthly_SSI / pop_wtd_state_1BR_FMR) x 100. Higher ratio = SSI covers more of FMR cost; lower_better scoring per convention.
30,Montana,MT,2024,rel_score_ssi_rent,WE,relative,SSI as Percent of 1BR Fair Market Rent: Relative,60.1409186530878,NA,60.1409186530878,lower_better,none,1,external_ready,Source 1 — SSI: SSA ASR 2024 Table 39 average monthly payment (December 2024) for under-65 recipients by state — combined federal + state supplement average (ssi_asr24.xlsx). Using average actual payment rather than federal maximum because it captures real state supplement differences. Source 2 — FMR: HUD FY2025 FMRs 1BR (FY25_FMRs_revised.xlsx/csv) — population-weighted mean of county 1BR FMRs by state. Formula: (avg_monthly_SSI / pop_wtd_state_1BR_FMR) x 100. Higher ratio = SSI covers more of FMR cost; lower_better scoring per convention.
31,Nebraska,NE,2024,rel_score_ssi_rent,WE,relative,SSI as Percent of 1BR Fair Market Rent: Relative,77.87302654974016,NA,77.87302654974016,lower_better,none,1,external_ready,Source 1 — SSI: SSA ASR 2024 Table 39 average monthly payment (December 2024) for under-65 recipients by state — combined federal + state supplement average (ssi_asr24.xlsx). Using average actual payment rather than federal maximum because it captures real state supplement differences. Source 2 — FMR: HUD FY2025 FMRs 1BR (FY25_FMRs_revised.xlsx/csv) — population-weighted mean of county 1BR FMRs by state. Formula: (avg_monthly_SSI / pop_wtd_state_1BR_FMR) x 100. Higher ratio = SSI covers more of FMR cost; lower_better scoring per convention.
32,Nevada,NV,2024,rel_score_ssi_rent,WE,relative,SSI as Percent of 1BR Fair Market Rent: Relative,53.44135356621765,NA,53.44135356621765,lower_better,none,1,external_ready,Source 1 — SSI: SSA ASR 2024 Table 39 average monthly payment (December 2024) for under-65 recipients by state — combined federal + state supplement average (ssi_asr24.xlsx). Using average actual payment rather than federal maximum because it captures real state supplement differences. Source 2 — FMR: HUD FY2025 FMRs 1BR (FY25_FMRs_revised.xlsx/csv) — population-weighted mean of county 1BR FMRs by state. Formula: (avg_monthly_SSI / pop_wtd_state_1BR_FMR) x 100. Higher ratio = SSI covers more of FMR cost; lower_better scoring per convention.
33,New Hampshire,NH,2024,rel_score_ssi_rent,WE,relative,SSI as Percent of 1BR Fair Market Rent: Relative,48.534677874575685,NA,48.534677874575685,lower_better,none,1,external_ready,Source 1 — SSI: SSA ASR 2024 Table 39 average monthly payment (December 2024) for under-65 recipients by state — combined federal + state supplement average (ssi_asr24.xlsx). Using average actual payment rather than federal maximum because it captures real state supplement differences. Source 2 — FMR: HUD FY2025 FMRs 1BR (FY25_FMRs_revised.xlsx/csv) — population-weighted mean of county 1BR FMRs by state. Formula: (avg_monthly_SSI / pop_wtd_state_1BR_FMR) x 100. Higher ratio = SSI covers more of FMR cost; lower_better scoring per convention.
34,New Jersey,NJ,2024,rel_score_ssi_rent,WE,relative,SSI as Percent of 1BR Fair Market Rent: Relative,43.590654329444575,NA,43.590654329444575,lower_better,none,1,external_ready,Source 1 — SSI: SSA ASR 2024 Table 39 average monthly payment (December 2024) for under-65 recipients by state — combined federal + state supplement average (ssi_asr24.xlsx). Using average actual payment rather than federal maximum because it captures real state supplement differences. Source 2 — FMR: HUD FY2025 FMRs 1BR (FY25_FMRs_revised.xlsx/csv) — population-weighted mean of county 1BR FMRs by state. Formula: (avg_monthly_SSI / pop_wtd_state_1BR_FMR) x 100. Higher ratio = SSI covers more of FMR cost; lower_better scoring per convention.
35,New Mexico,NM,2024,rel_score_ssi_rent,WE,relative,SSI as Percent of 1BR Fair Market Rent: Relative,74.6879948531228,NA,74.6879948531228,lower_better,none,1,external_ready,Source 1 — SSI: SSA ASR 2024 Table 39 average monthly payment (December 2024) for under-65 recipients by state — combined federal + state supplement average (ssi_asr24.xlsx). Using average actual payment rather than federal maximum because it captures real state supplement differences. Source 2 — FMR: HUD FY2025 FMRs 1BR (FY25_FMRs_revised.xlsx/csv) — population-weighted mean of county 1BR FMRs by state. Formula: (avg_monthly_SSI / pop_wtd_state_1BR_FMR) x 100. Higher ratio = SSI covers more of FMR cost; lower_better scoring per convention.
36,New York,NY,2024,rel_score_ssi_rent,WE,relative,SSI as Percent of 1BR Fair Market Rent: Relative,38.1554195359187,NA,38.1554195359187,lower_better,none,1,external_ready,Source 1 — SSI: SSA ASR 2024 Table 39 average monthly payment (December 2024) for under-65 recipients by state — combined federal + state supplement average (ssi_asr24.xlsx). Using average actual payment rather than federal maximum because it captures real state supplement differences. Source 2 — FMR: HUD FY2025 FMRs 1BR (FY25_FMRs_revised.xlsx/csv) — population-weighted mean of county 1BR FMRs by state. Formula: (avg_monthly_SSI / pop_wtd_state_1BR_FMR) x 100. Higher ratio = SSI covers more of FMR cost; lower_better scoring per convention.
37,North Carolina,NC,2024,rel_score_ssi_rent,WE,relative,SSI as Percent of 1BR Fair Market Rent: Relative,59.83181590834354,NA,59.83181590834354,lower_better,none,1,external_ready,Source 1 — SSI: SSA ASR 2024 Table 39 average monthly payment (December 2024) for under-65 recipients by state — combined federal + state supplement average (ssi_asr24.xlsx). Using average actual payment rather than federal maximum because it captures real state supplement differences. Source 2 — FMR: HUD FY2025 FMRs 1BR (FY25_FMRs_revised.xlsx/csv) — population-weighted mean of county 1BR FMRs by state. Formula: (avg_monthly_SSI / pop_wtd_state_1BR_FMR) x 100. Higher ratio = SSI covers more of FMR cost; lower_better scoring per convention.
38,North Dakota,ND,2024,rel_score_ssi_rent,WE,relative,SSI as Percent of 1BR Fair Market Rent: Relative,80.35487598537956,NA,80.35487598537956,lower_better,none,1,external_ready,Source 1 — SSI: SSA ASR 2024 Table 39 average monthly payment (December 2024) for under-65 recipients by state — combined federal + state supplement average (ssi_asr24.xlsx). Using average actual payment rather than federal maximum because it captures real state supplement differences. Source 2 — FMR: HUD FY2025 FMRs 1BR (FY25_FMRs_revised.xlsx/csv) — population-weighted mean of county 1BR FMRs by state. Formula: (avg_monthly_SSI / pop_wtd_state_1BR_FMR) x 100. Higher ratio = SSI covers more of FMR cost; lower_better scoring per convention.
39,Ohio,OH,2024,rel_score_ssi_rent,WE,relative,SSI as Percent of 1BR Fair Market Rent: Relative,80.9309296050216,NA,80.9309296050216,lower_better,none,1,external_ready,Source 1 — SSI: SSA ASR 2024 Table 39 average monthly payment (December 2024) for under-65 recipients by state — combined federal + state supplement average (ssi_asr24.xlsx). Using average actual payment rather than federal maximum because it captures real state supplement differences. Source 2 — FMR: HUD FY2025 FMRs 1BR (FY25_FMRs_revised.xlsx/csv) — population-weighted mean of county 1BR FMRs by state. Formula: (avg_monthly_SSI / pop_wtd_state_1BR_FMR) x 100. Higher ratio = SSI covers more of FMR cost; lower_better scoring per convention.
40,Oklahoma,OK,2024,rel_score_ssi_rent,WE,relative,SSI as Percent of 1BR Fair Market Rent: Relative,84.78003271427097,NA,84.78003271427097,lower_better,none,1,external_ready,Source 1 — SSI: SSA ASR 2024 Table 39 average monthly payment (December 2024) for under-65 recipients by state — combined federal + state supplement average (ssi_asr24.xlsx). Using average actual payment rather than federal maximum because it captures real state supplement differences. Source 2 — FMR: HUD FY2025 FMRs 1BR (FY25_FMRs_revised.xlsx/csv) — population-weighted mean of county 1BR FMRs by state. Formula: (avg_monthly_SSI / pop_wtd_state_1BR_FMR) x 100. Higher ratio = SSI covers more of FMR cost; lower_better scoring per convention.
41,Oregon,OR,2024,rel_score_ssi_rent,WE,relative,SSI as Percent of 1BR Fair Market Rent: Relative,53.036494677942805,NA,53.036494677942805,lower_better,none,1,external_ready,Source 1 — SSI: SSA ASR 2024 Table 39 average monthly payment (December 2024) for under-65 recipients by state — combined federal + state supplement average (ssi_asr24.xlsx). Using average actual payment rather than federal maximum because it captures real state supplement differences. Source 2 — FMR: HUD FY2025 FMRs 1BR (FY25_FMRs_revised.xlsx/csv) — population-weighted mean of county 1BR FMRs by state. Formula: (avg_monthly_SSI / pop_wtd_state_1BR_FMR) x 100. Higher ratio = SSI covers more of FMR cost; lower_better scoring per convention.
42,Pennsylvania,PA,2024,rel_score_ssi_rent,WE,relative,SSI as Percent of 1BR Fair Market Rent: Relative,64.41761321783012,NA,64.41761321783012,lower_better,none,1,external_ready,Source 1 — SSI: SSA ASR 2024 Table 39 average monthly payment (December 2024) for under-65 recipients by state — combined federal + state supplement average (ssi_asr24.xlsx). Using average actual payment rather than federal maximum because it captures real state supplement differences. Source 2 — FMR: HUD FY2025 FMRs 1BR (FY25_FMRs_revised.xlsx/csv) — population-weighted mean of county 1BR FMRs by state. Formula: (avg_monthly_SSI / pop_wtd_state_1BR_FMR) x 100. Higher ratio = SSI covers more of FMR cost; lower_better scoring per convention.
44,Rhode Island,RI,2024,rel_score_ssi_rent,WE,relative,SSI as Percent of 1BR Fair Market Rent: Relative,55.24726855455878,NA,55.24726855455878,lower_better,none,1,external_ready,Source 1 — SSI: SSA ASR 2024 Table 39 average monthly payment (December 2024) for under-65 recipients by state — combined federal + state supplement average (ssi_asr24.xlsx). Using average actual payment rather than federal maximum because it captures real state supplement differences. Source 2 — FMR: HUD FY2025 FMRs 1BR (FY25_FMRs_revised.xlsx/csv) — population-weighted mean of county 1BR FMRs by state. Formula: (avg_monthly_SSI / pop_wtd_state_1BR_FMR) x 100. Higher ratio = SSI covers more of FMR cost; lower_better scoring per convention.
45,South Carolina,SC,2024,rel_score_ssi_rent,WE,relative,SSI as Percent of 1BR Fair Market Rent: Relative,61.38049691041818,NA,61.38049691041818,lower_better,none,1,external_ready,Source 1 — SSI: SSA ASR 2024 Table 39 average monthly payment (December 2024) for under-65 recipients by state — combined federal + state supplement average (ssi_asr24.xlsx). Using average actual payment rather than federal maximum because it captures real state supplement differences. Source 2 — FMR: HUD FY2025 FMRs 1BR (FY25_FMRs_revised.xlsx/csv) — population-weighted mean of county 1BR FMRs by state. Formula: (avg_monthly_SSI / pop_wtd_state_1BR_FMR) x 100. Higher ratio = SSI covers more of FMR cost; lower_better scoring per convention.
46,South Dakota,SD,2024,rel_score_ssi_rent,WE,relative,SSI as Percent of 1BR Fair Market Rent: Relative,88.49342220359839,NA,88.49342220359839,lower_better,none,1,external_ready,Source 1 — SSI: SSA ASR 2024 Table 39 average monthly payment (December 2024) for under-65 recipients by state — combined federal + state supplement average (ssi_asr24.xlsx). Using average actual payment rather than federal maximum because it captures real state supplement differences. Source 2 — FMR: HUD FY2025 FMRs 1BR (FY25_FMRs_revised.xlsx/csv) — population-weighted mean of county 1BR FMRs by state. Formula: (avg_monthly_SSI / pop_wtd_state_1BR_FMR) x 100. Higher ratio = SSI covers more of FMR cost; lower_better scoring per convention.
47,Tennessee,TN,2024,rel_score_ssi_rent,WE,relative,SSI as Percent of 1BR Fair Market Rent: Relative,61.70609418226171,NA,61.70609418226171,lower_better,none,1,external_ready,Source 1 — SSI: SSA ASR 2024 Table 39 average monthly payment (December 2024) for under-65 recipients by state — combined federal + state supplement average (ssi_asr24.xlsx). Using average actual payment rather than federal maximum because it captures real state supplement differences. Source 2 — FMR: HUD FY2025 FMRs 1BR (FY25_FMRs_revised.xlsx/csv) — population-weighted mean of county 1BR FMRs by state. Formula: (avg_monthly_SSI / pop_wtd_state_1BR_FMR) x 100. Higher ratio = SSI covers more of FMR cost; lower_better scoring per convention.
48,Texas,TX,2024,rel_score_ssi_rent,WE,relative,SSI as Percent of 1BR Fair Market Rent: Relative,58.79380600196791,NA,58.79380600196791,lower_better,none,1,external_ready,Source 1 — SSI: SSA ASR 2024 Table 39 average monthly payment (December 2024) for under-65 recipients by state — combined federal + state supplement average (ssi_asr24.xlsx). Using average actual payment rather than federal maximum because it captures real state supplement differences. Source 2 — FMR: HUD FY2025 FMRs 1BR (FY25_FMRs_revised.xlsx/csv) — population-weighted mean of county 1BR FMRs by state. Formula: (avg_monthly_SSI / pop_wtd_state_1BR_FMR) x 100. Higher ratio = SSI covers more of FMR cost; lower_better scoring per convention.
49,Utah,UT,2024,rel_score_ssi_rent,WE,relative,SSI as Percent of 1BR Fair Market Rent: Relative,57.85182483635639,NA,57.85182483635639,lower_better,none,1,external_ready,Source 1 — SSI: SSA ASR 2024 Table 39 average monthly payment (December 2024) for under-65 recipients by state — combined federal + state supplement average (ssi_asr24.xlsx). Using average actual payment rather than federal maximum because it captures real state supplement differences. Source 2 — FMR: HUD FY2025 FMRs 1BR (FY25_FMRs_revised.xlsx/csv) — population-weighted mean of county 1BR FMRs by state. Formula: (avg_monthly_SSI / pop_wtd_state_1BR_FMR) x 100. Higher ratio = SSI covers more of FMR cost; lower_better scoring per convention.
50,Vermont,VT,2024,rel_score_ssi_rent,WE,relative,SSI as Percent of 1BR Fair Market Rent: Relative,61.397048066739345,NA,61.397048066739345,lower_better,none,1,external_ready,Source 1 — SSI: SSA ASR 2024 Table 39 average monthly payment (December 2024) for under-65 recipients by state — combined federal + state supplement average (ssi_asr24.xlsx). Using average actual payment rather than federal maximum because it captures real state supplement differences. Source 2 — FMR: HUD FY2025 FMRs 1BR (FY25_FMRs_revised.xlsx/csv) — population-weighted mean of county 1BR FMRs by state. Formula: (avg_monthly_SSI / pop_wtd_state_1BR_FMR) x 100. Higher ratio = SSI covers more of FMR cost; lower_better scoring per convention.
51,Virginia,VA,2024,rel_score_ssi_rent,WE,relative,SSI as Percent of 1BR Fair Market Rent: Relative,47.93395152453108,NA,47.93395152453108,lower_better,none,1,external_ready,Source 1 — SSI: SSA ASR 2024 Table 39 average monthly payment (December 2024) for under-65 recipients by state — combined federal + state supplement average (ssi_asr24.xlsx). Using average actual payment rather than federal maximum because it captures real state supplement differences. Source 2 — FMR: HUD FY2025 FMRs 1BR (FY25_FMRs_revised.xlsx/csv) — population-weighted mean of county 1BR FMRs by state. Formula: (avg_monthly_SSI / pop_wtd_state_1BR_FMR) x 100. Higher ratio = SSI covers more of FMR cost; lower_better scoring per convention.
53,Washington,WA,2024,rel_score_ssi_rent,WE,relative,SSI as Percent of 1BR Fair Market Rent: Relative,43.52381020556646,NA,43.52381020556646,lower_better,none,1,external_ready,Source 1 — SSI: SSA ASR 2024 Table 39 average monthly payment (December 2024) for under-65 recipients by state — combined federal + state supplement average (ssi_asr24.xlsx). Using average actual payment rather than federal maximum because it captures real state supplement differences. Source 2 — FMR: HUD FY2025 FMRs 1BR (FY25_FMRs_revised.xlsx/csv) — population-weighted mean of county 1BR FMRs by state. Formula: (avg_monthly_SSI / pop_wtd_state_1BR_FMR) x 100. Higher ratio = SSI covers more of FMR cost; lower_better scoring per convention.
54,West Virginia,WV,2024,rel_score_ssi_rent,WE,relative,SSI as Percent of 1BR Fair Market Rent: Relative,92.38860601580808,NA,92.38860601580808,lower_better,none,1,external_ready,Source 1 — SSI: SSA ASR 2024 Table 39 average monthly payment (December 2024) for under-65 recipients by state — combined federal + state supplement average (ssi_asr24.xlsx). Using average actual payment rather than federal maximum because it captures real state supplement differences. Source 2 — FMR: HUD FY2025 FMRs 1BR (FY25_FMRs_revised.xlsx/csv) — population-weighted mean of county 1BR FMRs by state. Formula: (avg_monthly_SSI / pop_wtd_state_1BR_FMR) x 100. Higher ratio = SSI covers more of FMR cost; lower_better scoring per convention.
55,Wisconsin,WI,2024,rel_score_ssi_rent,WE,relative,SSI as Percent of 1BR Fair Market Rent: Relative,76.2816097253351,NA,76.2816097253351,lower_better,none,1,external_ready,Source 1 — SSI: SSA ASR 2024 Table 39 average monthly payment (December 2024) for under-65 recipients by state — combined federal + state supplement average (ssi_asr24.xlsx). Using average actual payment rather than federal maximum because it captures real state supplement differences. Source 2 — FMR: HUD FY2025 FMRs 1BR (FY25_FMRs_revised.xlsx/csv) — population-weighted mean of county 1BR FMRs by state. Formula: (avg_monthly_SSI / pop_wtd_state_1BR_FMR) x 100. Higher ratio = SSI covers more of FMR cost; lower_better scoring per convention.
56,Wyoming,WY,2024,rel_score_ssi_rent,WE,relative,SSI as Percent of 1BR Fair Market Rent: Relative,84.0919247282414,NA,84.0919247282414,lower_better,none,1,external_ready,Source 1 — SSI: SSA ASR 2024 Table 39 average monthly payment (December 2024) for under-65 recipients by state — combined federal + state supplement average (ssi_asr24.xlsx). Using average actual payment rather than federal maximum because it captures real state supplement differences. Source 2 — FMR: HUD FY2025 FMRs 1BR (FY25_FMRs_revised.xlsx/csv) — population-weighted mean of county 1BR FMRs by state. Formula: (avg_monthly_SSI / pop_wtd_state_1BR_FMR) x 100. Higher ratio = SSI covers more of FMR cost; lower_better scoring per convention.
72,Puerto Rico,PR,2024,rel_score_ssi_rent,WE,relative,SSI as Percent of 1BR Fair Market Rent: Relative,NA,NA,NA,lower_better,none,1,external_ready,Source 1 — SSI: SSA ASR 2024 Table 39 average monthly payment (December 2024) for under-65 recipients by state — combined federal + state supplement average (ssi_asr24.xlsx). Using average actual payment rather than federal maximum because it captures real state supplement differences. Source 2 — FMR: HUD FY2025 FMRs 1BR (FY25_FMRs_revised.xlsx/csv) — population-weighted mean of county 1BR FMRs by state. Formula: (avg_monthly_SSI / pop_wtd_state_1BR_FMR) x 100. Higher ratio = SSI covers more of FMR cost; lower_better scoring per convention.
000,United States,USA,2024,rel_score_renter_burden,WE,relative,Renter Cost Burden: Relative,NA,NA,NA,lower_better,none,1,external_ready,Source: ACS PUMS GRPIP >= 30 (gross rent 30%+ of income) DIS=1 TEN=3 (renter). Denominator = all renter HHs any member DIS=1. CONFIRMED: disability-specific PUMS pull. Alternative if not feasible: B25070_007E+ / B25070_001E (general population).
01,Alabama,AL,2024,rel_score_renter_burden,WE,relative,Renter Cost Burden: Relative,0.09810598473214484,NA,0.09810598473214484,lower_better,none,1,external_ready,Source: ACS PUMS GRPIP >= 30 (gross rent 30%+ of income) DIS=1 TEN=3 (renter). Denominator = all renter HHs any member DIS=1. CONFIRMED: disability-specific PUMS pull. Alternative if not feasible: B25070_007E+ / B25070_001E (general population).
02,Alaska,AK,2024,rel_score_renter_burden,WE,relative,Renter Cost Burden: Relative,0.07003089598352215,NA,0.07003089598352215,lower_better,none,1,external_ready,Source: ACS PUMS GRPIP >= 30 (gross rent 30%+ of income) DIS=1 TEN=3 (renter). Denominator = all renter HHs any member DIS=1. CONFIRMED: disability-specific PUMS pull. Alternative if not feasible: B25070_007E+ / B25070_001E (general population).
04,Arizona,AZ,2024,rel_score_renter_burden,WE,relative,Renter Cost Burden: Relative,0.08284350214327883,NA,0.08284350214327883,lower_better,none,1,external_ready,Source: ACS PUMS GRPIP >= 30 (gross rent 30%+ of income) DIS=1 TEN=3 (renter). Denominator = all renter HHs any member DIS=1. CONFIRMED: disability-specific PUMS pull. Alternative if not feasible: B25070_007E+ / B25070_001E (general population).
05,Arkansas,AR,2024,rel_score_renter_burden,WE,relative,Renter Cost Burden: Relative,0.11302306133607797,NA,0.11302306133607797,lower_better,none,1,external_ready,Source: ACS PUMS GRPIP >= 30 (gross rent 30%+ of income) DIS=1 TEN=3 (renter). Denominator = all renter HHs any member DIS=1. CONFIRMED: disability-specific PUMS pull. Alternative if not feasible: B25070_007E+ / B25070_001E (general population).
06,California,CA,2024,rel_score_renter_burden,WE,relative,Renter Cost Burden: Relative,0.07204167531389437,NA,0.07204167531389437,lower_better,none,1,external_ready,Source: ACS PUMS GRPIP >= 30 (gross rent 30%+ of income) DIS=1 TEN=3 (renter). Denominator = all renter HHs any member DIS=1. CONFIRMED: disability-specific PUMS pull. Alternative if not feasible: B25070_007E+ / B25070_001E (general population).
08,Colorado,CO,2024,rel_score_renter_burden,WE,relative,Renter Cost Burden: Relative,0.08279936084703908,NA,0.08279936084703908,lower_better,none,1,external_ready,Source: ACS PUMS GRPIP >= 30 (gross rent 30%+ of income) DIS=1 TEN=3 (renter). Denominator = all renter HHs any member DIS=1. CONFIRMED: disability-specific PUMS pull. Alternative if not feasible: B25070_007E+ / B25070_001E (general population).
09,Connecticut,CT,2024,rel_score_renter_burden,WE,relative,Renter Cost Burden: Relative,0.09985121971759818,NA,0.09985121971759818,lower_better,none,1,external_ready,Source: ACS PUMS GRPIP >= 30 (gross rent 30%+ of income) DIS=1 TEN=3 (renter). Denominator = all renter HHs any member DIS=1. CONFIRMED: disability-specific PUMS pull. Alternative if not feasible: B25070_007E+ / B25070_001E (general population).
10,Delaware,DE,2024,rel_score_renter_burden,WE,relative,Renter Cost Burden: Relative,0.09033860635377174,NA,0.09033860635377174,lower_better,none,1,external_ready,Source: ACS PUMS GRPIP >= 30 (gross rent 30%+ of income) DIS=1 TEN=3 (renter). Denominator = all renter HHs any member DIS=1. CONFIRMED: disability-specific PUMS pull. Alternative if not feasible: B25070_007E+ / B25070_001E (general population).
11,District of Columbia,DC,2024,rel_score_renter_burden,WE,relative,Renter Cost Burden: Relative,0.06397332506203474,NA,0.06397332506203474,lower_better,none,1,external_ready,Source: ACS PUMS GRPIP >= 30 (gross rent 30%+ of income) DIS=1 TEN=3 (renter). Denominator = all renter HHs any member DIS=1. CONFIRMED: disability-specific PUMS pull. Alternative if not feasible: B25070_007E+ / B25070_001E (general population).
12,Florida,FL,2024,rel_score_renter_burden,WE,relative,Renter Cost Burden: Relative,0.08817989274931279,NA,0.08817989274931279,lower_better,none,1,external_ready,Source: ACS PUMS GRPIP >= 30 (gross rent 30%+ of income) DIS=1 TEN=3 (renter). Denominator = all renter HHs any member DIS=1. CONFIRMED: disability-specific PUMS pull. Alternative if not feasible: B25070_007E+ / B25070_001E (general population).
13,Georgia,GA,2024,rel_score_renter_burden,WE,relative,Renter Cost Burden: Relative,0.08284118116520352,NA,0.08284118116520352,lower_better,none,1,external_ready,Source: ACS PUMS GRPIP >= 30 (gross rent 30%+ of income) DIS=1 TEN=3 (renter). Denominator = all renter HHs any member DIS=1. CONFIRMED: disability-specific PUMS pull. Alternative if not feasible: B25070_007E+ / B25070_001E (general population).
15,Hawaii,HI,2024,rel_score_renter_burden,WE,relative,Renter Cost Burden: Relative,0.07221250198822968,NA,0.07221250198822968,lower_better,none,1,external_ready,Source: ACS PUMS GRPIP >= 30 (gross rent 30%+ of income) DIS=1 TEN=3 (renter). Denominator = all renter HHs any member DIS=1. CONFIRMED: disability-specific PUMS pull. Alternative if not feasible: B25070_007E+ / B25070_001E (general population).
16,Idaho,ID,2024,rel_score_renter_burden,WE,relative,Renter Cost Burden: Relative,0.09044629221109791,NA,0.09044629221109791,lower_better,none,1,external_ready,Source: ACS PUMS GRPIP >= 30 (gross rent 30%+ of income) DIS=1 TEN=3 (renter). Denominator = all renter HHs any member DIS=1. CONFIRMED: disability-specific PUMS pull. Alternative if not feasible: B25070_007E+ / B25070_001E (general population).
17,Illinois,IL,2024,rel_score_renter_burden,WE,relative,Renter Cost Burden: Relative,0.08514384398298303,NA,0.08514384398298303,lower_better,none,1,external_ready,Source: ACS PUMS GRPIP >= 30 (gross rent 30%+ of income) DIS=1 TEN=3 (renter). Denominator = all renter HHs any member DIS=1. CONFIRMED: disability-specific PUMS pull. Alternative if not feasible: B25070_007E+ / B25070_001E (general population).
18,Indiana,IN,2024,rel_score_renter_burden,WE,relative,Renter Cost Burden: Relative,0.10513260192784724,NA,0.10513260192784724,lower_better,none,1,external_ready,Source: ACS PUMS GRPIP >= 30 (gross rent 30%+ of income) DIS=1 TEN=3 (renter). Denominator = all renter HHs any member DIS=1. CONFIRMED: disability-specific PUMS pull. Alternative if not feasible: B25070_007E+ / B25070_001E (general population).
19,Iowa,IA,2024,rel_score_renter_burden,WE,relative,Renter Cost Burden: Relative,0.1013579443812002,NA,0.1013579443812002,lower_better,none,1,external_ready,Source: ACS PUMS GRPIP >= 30 (gross rent 30%+ of income) DIS=1 TEN=3 (renter). Denominator = all renter HHs any member DIS=1. CONFIRMED: disability-specific PUMS pull. Alternative if not feasible: B25070_007E+ / B25070_001E (general population).
20,Kansas,KS,2024,rel_score_renter_burden,WE,relative,Renter Cost Burden: Relative,0.09194583036350676,NA,0.09194583036350676,lower_better,none,1,external_ready,Source: ACS PUMS GRPIP >= 30 (gross rent 30%+ of income) DIS=1 TEN=3 (renter). Denominator = all renter HHs any member DIS=1. CONFIRMED: disability-specific PUMS pull. Alternative if not feasible: B25070_007E+ / B25070_001E (general population).
21,Kentucky,KY,2024,rel_score_renter_burden,WE,relative,Renter Cost Burden: Relative,0.10880805515239478,NA,0.10880805515239478,lower_better,none,1,external_ready,Source: ACS PUMS GRPIP >= 30 (gross rent 30%+ of income) DIS=1 TEN=3 (renter). Denominator = all renter HHs any member DIS=1. CONFIRMED: disability-specific PUMS pull. Alternative if not feasible: B25070_007E+ / B25070_001E (general population).
22,Louisiana,LA,2024,rel_score_renter_burden,WE,relative,Renter Cost Burden: Relative,0.11243349201904228,NA,0.11243349201904228,lower_better,none,1,external_ready,Source: ACS PUMS GRPIP >= 30 (gross rent 30%+ of income) DIS=1 TEN=3 (renter). Denominator = all renter HHs any member DIS=1. CONFIRMED: disability-specific PUMS pull. Alternative if not feasible: B25070_007E+ / B25070_001E (general population).
23,Maine,ME,2024,rel_score_renter_burden,WE,relative,Renter Cost Burden: Relative,0.12585439947922317,NA,0.12585439947922317,lower_better,none,1,external_ready,Source: ACS PUMS GRPIP >= 30 (gross rent 30%+ of income) DIS=1 TEN=3 (renter). Denominator = all renter HHs any member DIS=1. CONFIRMED: disability-specific PUMS pull. Alternative if not feasible: B25070_007E+ / B25070_001E (general population).
24,Maryland,MD,2024,rel_score_renter_burden,WE,relative,Renter Cost Burden: Relative,0.08262633714496495,NA,0.08262633714496495,lower_better,none,1,external_ready,Source: ACS PUMS GRPIP >= 30 (gross rent 30%+ of income) DIS=1 TEN=3 (renter). Denominator = all renter HHs any member DIS=1. CONFIRMED: disability-specific PUMS pull. Alternative if not feasible: B25070_007E+ / B25070_001E (general population).
25,Massachusetts,MA,2024,rel_score_renter_burden,WE,relative,Renter Cost Burden: Relative,0.0959147001773113,NA,0.0959147001773113,lower_better,none,1,external_ready,Source: ACS PUMS GRPIP >= 30 (gross rent 30%+ of income) DIS=1 TEN=3 (renter). Denominator = all renter HHs any member DIS=1. CONFIRMED: disability-specific PUMS pull. Alternative if not feasible: B25070_007E+ / B25070_001E (general population).
26,Michigan,MI,2024,rel_score_renter_burden,WE,relative,Renter Cost Burden: Relative,0.1092956502539192,NA,0.1092956502539192,lower_better,none,1,external_ready,Source: ACS PUMS GRPIP >= 30 (gross rent 30%+ of income) DIS=1 TEN=3 (renter). Denominator = all renter HHs any member DIS=1. CONFIRMED: disability-specific PUMS pull. Alternative if not feasible: B25070_007E+ / B25070_001E (general population).
27,Minnesota,MN,2024,rel_score_renter_burden,WE,relative,Renter Cost Burden: Relative,0.101948452699327,NA,0.101948452699327,lower_better,none,1,external_ready,Source: ACS PUMS GRPIP >= 30 (gross rent 30%+ of income) DIS=1 TEN=3 (renter). Denominator = all renter HHs any member DIS=1. CONFIRMED: disability-specific PUMS pull. Alternative if not feasible: B25070_007E+ / B25070_001E (general population).
28,Mississippi,MS,2024,rel_score_renter_burden,WE,relative,Renter Cost Burden: Relative,0.10658819062084678,NA,0.10658819062084678,lower_better,none,1,external_ready,Source: ACS PUMS GRPIP >= 30 (gross rent 30%+ of income) DIS=1 TEN=3 (renter). Denominator = all renter HHs any member DIS=1. CONFIRMED: disability-specific PUMS pull. Alternative if not feasible: B25070_007E+ / B25070_001E (general population).
29,Missouri,MO,2024,rel_score_renter_burden,WE,relative,Renter Cost Burden: Relative,0.1018682530664082,NA,0.1018682530664082,lower_better,none,1,external_ready,Source: ACS PUMS GRPIP >= 30 (gross rent 30%+ of income) DIS=1 TEN=3 (renter). Denominator = all renter HHs any member DIS=1. CONFIRMED: disability-specific PUMS pull. Alternative if not feasible: B25070_007E+ / B25070_001E (general population).
30,Montana,MT,2024,rel_score_renter_burden,WE,relative,Renter Cost Burden: Relative,0.08292290682480652,NA,0.08292290682480652,lower_better,none,1,external_ready,Source: ACS PUMS GRPIP >= 30 (gross rent 30%+ of income) DIS=1 TEN=3 (renter). Denominator = all renter HHs any member DIS=1. CONFIRMED: disability-specific PUMS pull. Alternative if not feasible: B25070_007E+ / B25070_001E (general population).
31,Nebraska,NE,2024,rel_score_renter_burden,WE,relative,Renter Cost Burden: Relative,0.08333333333333333,NA,0.08333333333333333,lower_better,none,1,external_ready,Source: ACS PUMS GRPIP >= 30 (gross rent 30%+ of income) DIS=1 TEN=3 (renter). Denominator = all renter HHs any member DIS=1. CONFIRMED: disability-specific PUMS pull. Alternative if not feasible: B25070_007E+ / B25070_001E (general population).
32,Nevada,NV,2024,rel_score_renter_burden,WE,relative,Renter Cost Burden: Relative,0.09214671467146716,NA,0.09214671467146716,lower_better,none,1,external_ready,Source: ACS PUMS GRPIP >= 30 (gross rent 30%+ of income) DIS=1 TEN=3 (renter). Denominator = all renter HHs any member DIS=1. CONFIRMED: disability-specific PUMS pull. Alternative if not feasible: B25070_007E+ / B25070_001E (general population).
33,New Hampshire,NH,2024,rel_score_renter_burden,WE,relative,Renter Cost Burden: Relative,0.10373049105443471,NA,0.10373049105443471,lower_better,none,1,external_ready,Source: ACS PUMS GRPIP >= 30 (gross rent 30%+ of income) DIS=1 TEN=3 (renter). Denominator = all renter HHs any member DIS=1. CONFIRMED: disability-specific PUMS pull. Alternative if not feasible: B25070_007E+ / B25070_001E (general population).
34,New Jersey,NJ,2024,rel_score_renter_burden,WE,relative,Renter Cost Burden: Relative,0.07166039080481909,NA,0.07166039080481909,lower_better,none,1,external_ready,Source: ACS PUMS GRPIP >= 30 (gross rent 30%+ of income) DIS=1 TEN=3 (renter). Denominator = all renter HHs any member DIS=1. CONFIRMED: disability-specific PUMS pull. Alternative if not feasible: B25070_007E+ / B25070_001E (general population).
35,New Mexico,NM,2024,rel_score_renter_burden,WE,relative,Renter Cost Burden: Relative,0.09821623987743489,NA,0.09821623987743489,lower_better,none,1,external_ready,Source: ACS PUMS GRPIP >= 30 (gross rent 30%+ of income) DIS=1 TEN=3 (renter). Denominator = all renter HHs any member DIS=1. CONFIRMED: disability-specific PUMS pull. Alternative if not feasible: B25070_007E+ / B25070_001E (general population).
36,New York,NY,2024,rel_score_renter_burden,WE,relative,Renter Cost Burden: Relative,0.08643803699919886,NA,0.08643803699919886,lower_better,none,1,external_ready,Source: ACS PUMS GRPIP >= 30 (gross rent 30%+ of income) DIS=1 TEN=3 (renter). Denominator = all renter HHs any member DIS=1. CONFIRMED: disability-specific PUMS pull. Alternative if not feasible: B25070_007E+ / B25070_001E (general population).
37,North Carolina,NC,2024,rel_score_renter_burden,WE,relative,Renter Cost Burden: Relative,0.08570434336681898,NA,0.08570434336681898,lower_better,none,1,external_ready,Source: ACS PUMS GRPIP >= 30 (gross rent 30%+ of income) DIS=1 TEN=3 (renter). Denominator = all renter HHs any member DIS=1. CONFIRMED: disability-specific PUMS pull. Alternative if not feasible: B25070_007E+ / B25070_001E (general population).
38,North Dakota,ND,2024,rel_score_renter_burden,WE,relative,Renter Cost Burden: Relative,0.08264088230850582,NA,0.08264088230850582,lower_better,none,1,external_ready,Source: ACS PUMS GRPIP >= 30 (gross rent 30%+ of income) DIS=1 TEN=3 (renter). Denominator = all renter HHs any member DIS=1. CONFIRMED: disability-specific PUMS pull. Alternative if not feasible: B25070_007E+ / B25070_001E (general population).
39,Ohio,OH,2024,rel_score_renter_burden,WE,relative,Renter Cost Burden: Relative,0.10080913039775148,NA,0.10080913039775148,lower_better,none,1,external_ready,Source: ACS PUMS GRPIP >= 30 (gross rent 30%+ of income) DIS=1 TEN=3 (renter). Denominator = all renter HHs any member DIS=1. CONFIRMED: disability-specific PUMS pull. Alternative if not feasible: B25070_007E+ / B25070_001E (general population).
40,Oklahoma,OK,2024,rel_score_renter_burden,WE,relative,Renter Cost Burden: Relative,0.09854031618710068,NA,0.09854031618710068,lower_better,none,1,external_ready,Source: ACS PUMS GRPIP >= 30 (gross rent 30%+ of income) DIS=1 TEN=3 (renter). Denominator = all renter HHs any member DIS=1. CONFIRMED: disability-specific PUMS pull. Alternative if not feasible: B25070_007E+ / B25070_001E (general population).
41,Oregon,OR,2024,rel_score_renter_burden,WE,relative,Renter Cost Burden: Relative,0.10835671967570938,NA,0.10835671967570938,lower_better,none,1,external_ready,Source: ACS PUMS GRPIP >= 30 (gross rent 30%+ of income) DIS=1 TEN=3 (renter). Denominator = all renter HHs any member DIS=1. CONFIRMED: disability-specific PUMS pull. Alternative if not feasible: B25070_007E+ / B25070_001E (general population).
42,Pennsylvania,PA,2024,rel_score_renter_burden,WE,relative,Renter Cost Burden: Relative,0.10519070003351176,NA,0.10519070003351176,lower_better,none,1,external_ready,Source: ACS PUMS GRPIP >= 30 (gross rent 30%+ of income) DIS=1 TEN=3 (renter). Denominator = all renter HHs any member DIS=1. CONFIRMED: disability-specific PUMS pull. Alternative if not feasible: B25070_007E+ / B25070_001E (general population).
44,Rhode Island,RI,2024,rel_score_renter_burden,WE,relative,Renter Cost Burden: Relative,0.104052965912141,NA,0.104052965912141,lower_better,none,1,external_ready,Source: ACS PUMS GRPIP >= 30 (gross rent 30%+ of income) DIS=1 TEN=3 (renter). Denominator = all renter HHs any member DIS=1. CONFIRMED: disability-specific PUMS pull. Alternative if not feasible: B25070_007E+ / B25070_001E (general population).
45,South Carolina,SC,2024,rel_score_renter_burden,WE,relative,Renter Cost Burden: Relative,0.09233130911799896,NA,0.09233130911799896,lower_better,none,1,external_ready,Source: ACS PUMS GRPIP >= 30 (gross rent 30%+ of income) DIS=1 TEN=3 (renter). Denominator = all renter HHs any member DIS=1. CONFIRMED: disability-specific PUMS pull. Alternative if not feasible: B25070_007E+ / B25070_001E (general population).
46,South Dakota,SD,2024,rel_score_renter_burden,WE,relative,Renter Cost Burden: Relative,0.07507768800497203,NA,0.07507768800497203,lower_better,none,1,external_ready,Source: ACS PUMS GRPIP >= 30 (gross rent 30%+ of income) DIS=1 TEN=3 (renter). Denominator = all renter HHs any member DIS=1. CONFIRMED: disability-specific PUMS pull. Alternative if not feasible: B25070_007E+ / B25070_001E (general population).
47,Tennessee,TN,2024,rel_score_renter_burden,WE,relative,Renter Cost Burden: Relative,0.09059578624250036,NA,0.09059578624250036,lower_better,none,1,external_ready,Source: ACS PUMS GRPIP >= 30 (gross rent 30%+ of income) DIS=1 TEN=3 (renter). Denominator = all renter HHs any member DIS=1. CONFIRMED: disability-specific PUMS pull. Alternative if not feasible: B25070_007E+ / B25070_001E (general population).
48,Texas,TX,2024,rel_score_renter_burden,WE,relative,Renter Cost Burden: Relative,0.0807654301725371,NA,0.0807654301725371,lower_better,none,1,external_ready,Source: ACS PUMS GRPIP >= 30 (gross rent 30%+ of income) DIS=1 TEN=3 (renter). Denominator = all renter HHs any member DIS=1. CONFIRMED: disability-specific PUMS pull. Alternative if not feasible: B25070_007E+ / B25070_001E (general population).
49,Utah,UT,2024,rel_score_renter_burden,WE,relative,Renter Cost Burden: Relative,0.0652428320655354,NA,0.0652428320655354,lower_better,none,1,external_ready,Source: ACS PUMS GRPIP >= 30 (gross rent 30%+ of income) DIS=1 TEN=3 (renter). Denominator = all renter HHs any member DIS=1. CONFIRMED: disability-specific PUMS pull. Alternative if not feasible: B25070_007E+ / B25070_001E (general population).
50,Vermont,VT,2024,rel_score_renter_burden,WE,relative,Renter Cost Burden: Relative,0.11381932021466903,NA,0.11381932021466903,lower_better,none,1,external_ready,Source: ACS PUMS GRPIP >= 30 (gross rent 30%+ of income) DIS=1 TEN=3 (renter). Denominator = all renter HHs any member DIS=1. CONFIRMED: disability-specific PUMS pull. Alternative if not feasible: B25070_007E+ / B25070_001E (general population).
51,Virginia,VA,2024,rel_score_renter_burden,WE,relative,Renter Cost Burden: Relative,0.0768538476922735,NA,0.0768538476922735,lower_better,none,1,external_ready,Source: ACS PUMS GRPIP >= 30 (gross rent 30%+ of income) DIS=1 TEN=3 (renter). Denominator = all renter HHs any member DIS=1. CONFIRMED: disability-specific PUMS pull. Alternative if not feasible: B25070_007E+ / B25070_001E (general population).
53,Washington,WA,2024,rel_score_renter_burden,WE,relative,Renter Cost Burden: Relative,0.09214159637021237,NA,0.09214159637021237,lower_better,none,1,external_ready,Source: ACS PUMS GRPIP >= 30 (gross rent 30%+ of income) DIS=1 TEN=3 (renter). Denominator = all renter HHs any member DIS=1. CONFIRMED: disability-specific PUMS pull. Alternative if not feasible: B25070_007E+ / B25070_001E (general population).
54,West Virginia,WV,2024,rel_score_renter_burden,WE,relative,Renter Cost Burden: Relative,0.1251262079907688,NA,0.1251262079907688,lower_better,none,1,external_ready,Source: ACS PUMS GRPIP >= 30 (gross rent 30%+ of income) DIS=1 TEN=3 (renter). Denominator = all renter HHs any member DIS=1. CONFIRMED: disability-specific PUMS pull. Alternative if not feasible: B25070_007E+ / B25070_001E (general population).
55,Wisconsin,WI,2024,rel_score_renter_burden,WE,relative,Renter Cost Burden: Relative,0.0905654572226007,NA,0.0905654572226007,lower_better,none,1,external_ready,Source: ACS PUMS GRPIP >= 30 (gross rent 30%+ of income) DIS=1 TEN=3 (renter). Denominator = all renter HHs any member DIS=1. CONFIRMED: disability-specific PUMS pull. Alternative if not feasible: B25070_007E+ / B25070_001E (general population).
56,Wyoming,WY,2024,rel_score_renter_burden,WE,relative,Renter Cost Burden: Relative,0.07896210565615083,NA,0.07896210565615083,lower_better,none,1,external_ready,Source: ACS PUMS GRPIP >= 30 (gross rent 30%+ of income) DIS=1 TEN=3 (renter). Denominator = all renter HHs any member DIS=1. CONFIRMED: disability-specific PUMS pull. Alternative if not feasible: B25070_007E+ / B25070_001E (general population).
72,Puerto Rico,PR,2024,rel_score_renter_burden,WE,relative,Renter Cost Burden: Relative,NA,NA,NA,lower_better,none,1,external_ready,Source: ACS PUMS GRPIP >= 30 (gross rent 30%+ of income) DIS=1 TEN=3 (renter). Denominator = all renter HHs any member DIS=1. CONFIRMED: disability-specific PUMS pull. Alternative if not feasible: B25070_007E+ / B25070_001E (general population).
000,United States,USA,2024,eq_score_renter_burden,WE,equity,Renter Cost Burden: Equity,NA,NA,NA,lower_better,none,1,external_ready,PWOD: PUMS GRPIP >= 30 DIS=0 TEN=3.
01,Alabama,AL,2024,eq_score_renter_burden,WE,equity,Renter Cost Burden: Equity,0.09810598473214484,0.3273241192050032,0.22921813447285838,lower_better,none,1,external_ready,PWOD: PUMS GRPIP >= 30 DIS=0 TEN=3.
02,Alaska,AK,2024,eq_score_renter_burden,WE,equity,Renter Cost Burden: Equity,0.07003089598352215,0.32190672355450933,0.2518758275709872,lower_better,none,1,external_ready,PWOD: PUMS GRPIP >= 30 DIS=0 TEN=3.
04,Arizona,AZ,2024,eq_score_renter_burden,WE,equity,Renter Cost Burden: Equity,0.08284350214327883,0.3779229446341026,0.29507944249082374,lower_better,none,1,external_ready,PWOD: PUMS GRPIP >= 30 DIS=0 TEN=3.
05,Arkansas,AR,2024,eq_score_renter_burden,WE,equity,Renter Cost Burden: Equity,0.11302306133607797,0.29182078414975393,0.17879772281367595,lower_better,none,1,external_ready,PWOD: PUMS GRPIP >= 30 DIS=0 TEN=3.
06,California,CA,2024,eq_score_renter_burden,WE,equity,Renter Cost Burden: Equity,0.07204167531389437,0.43241543011310574,0.36037375479921135,lower_better,none,1,external_ready,PWOD: PUMS GRPIP >= 30 DIS=0 TEN=3.
08,Colorado,CO,2024,eq_score_renter_burden,WE,equity,Renter Cost Burden: Equity,0.08279936084703908,0.3906096163468212,0.3078102554997821,lower_better,none,1,external_ready,PWOD: PUMS GRPIP >= 30 DIS=0 TEN=3.
09,Connecticut,CT,2024,eq_score_renter_burden,WE,equity,Renter Cost Burden: Equity,0.09985121971759818,0.3791090026106729,0.2792577828930747,lower_better,none,1,external_ready,PWOD: PUMS GRPIP >= 30 DIS=0 TEN=3.
10,Delaware,DE,2024,eq_score_renter_burden,WE,equity,Renter Cost Burden: Equity,0.09033860635377174,0.3638384102497058,0.2734998038959341,lower_better,none,1,external_ready,PWOD: PUMS GRPIP >= 30 DIS=0 TEN=3.
11,District of Columbia,DC,2024,eq_score_renter_burden,WE,equity,Renter Cost Burden: Equity,0.06397332506203474,0.3459212158808933,0.28194789081885857,lower_better,none,1,external_ready,PWOD: PUMS GRPIP >= 30 DIS=0 TEN=3.
12,Florida,FL,2024,eq_score_renter_burden,WE,equity,Renter Cost Burden: Equity,0.08817989274931279,0.4552386102473976,0.36705871749808483,lower_better,none,1,external_ready,PWOD: PUMS GRPIP >= 30 DIS=0 TEN=3.
13,Georgia,GA,2024,eq_score_renter_burden,WE,equity,Renter Cost Burden: Equity,0.08284118116520352,0.373869771372236,0.2910285902070325,lower_better,none,1,external_ready,PWOD: PUMS GRPIP >= 30 DIS=0 TEN=3.
15,Hawaii,HI,2024,eq_score_renter_burden,WE,equity,Renter Cost Burden: Equity,0.07221250198822968,0.4409098139017019,0.3686973119134722,lower_better,none,1,external_ready,PWOD: PUMS GRPIP >= 30 DIS=0 TEN=3.
16,Idaho,ID,2024,eq_score_renter_burden,WE,equity,Renter Cost Burden: Equity,0.09044629221109791,0.32858193336727193,0.23813564115617403,lower_better,none,1,external_ready,PWOD: PUMS GRPIP >= 30 DIS=0 TEN=3.
17,Illinois,IL,2024,eq_score_renter_burden,WE,equity,Renter Cost Burden: Equity,0.08514384398298303,0.33168779748115074,0.2465439534981677,lower_better,none,1,external_ready,PWOD: PUMS GRPIP >= 30 DIS=0 TEN=3.
18,Indiana,IN,2024,eq_score_renter_burden,WE,equity,Renter Cost Burden: Equity,0.10513260192784724,0.3104200309654219,0.2052874290375747,lower_better,none,1,external_ready,PWOD: PUMS GRPIP >= 30 DIS=0 TEN=3.
19,Iowa,IA,2024,eq_score_renter_burden,WE,equity,Renter Cost Burden: Equity,0.1013579443812002,0.28106196129451944,0.17970401691331922,lower_better,none,1,external_ready,PWOD: PUMS GRPIP >= 30 DIS=0 TEN=3.
20,Kansas,KS,2024,eq_score_renter_burden,WE,equity,Renter Cost Burden: Equity,0.09194583036350676,0.28570919458303634,0.19376336421952958,lower_better,none,1,external_ready,PWOD: PUMS GRPIP >= 30 DIS=0 TEN=3.
21,Kentucky,KY,2024,eq_score_renter_burden,WE,equity,Renter Cost Burden: Equity,0.10880805515239478,0.2963760885341074,0.18756803338171263,lower_better,none,1,external_ready,PWOD: PUMS GRPIP >= 30 DIS=0 TEN=3.
22,Louisiana,LA,2024,eq_score_renter_burden,WE,equity,Renter Cost Burden: Equity,0.11243349201904228,0.382152524969663,0.2697190329506207,lower_better,none,1,external_ready,PWOD: PUMS GRPIP >= 30 DIS=0 TEN=3.
23,Maine,ME,2024,eq_score_renter_burden,WE,equity,Renter Cost Burden: Equity,0.12585439947922317,0.3082347835521319,0.18238038407290874,lower_better,none,1,external_ready,PWOD: PUMS GRPIP >= 30 DIS=0 TEN=3.
24,Maryland,MD,2024,eq_score_renter_burden,WE,equity,Renter Cost Burden: Equity,0.08262633714496495,0.38459474866704674,0.30196841152208176,lower_better,none,1,external_ready,PWOD: PUMS GRPIP >= 30 DIS=0 TEN=3.
25,Massachusetts,MA,2024,eq_score_renter_burden,WE,equity,Renter Cost Burden: Equity,0.0959147001773113,0.3655230683183987,0.2696083681410874,lower_better,none,1,external_ready,PWOD: PUMS GRPIP >= 30 DIS=0 TEN=3.
26,Michigan,MI,2024,eq_score_renter_burden,WE,equity,Renter Cost Burden: Equity,0.1092956502539192,0.33412453080150145,0.22482888054758227,lower_better,none,1,external_ready,PWOD: PUMS GRPIP >= 30 DIS=0 TEN=3.
27,Minnesota,MN,2024,eq_score_renter_burden,WE,equity,Renter Cost Burden: Equity,0.101948452699327,0.3050518705733682,0.20310341787404118,lower_better,none,1,external_ready,PWOD: PUMS GRPIP >= 30 DIS=0 TEN=3.
28,Mississippi,MS,2024,eq_score_renter_burden,WE,equity,Renter Cost Burden: Equity,0.10658819062084678,0.3423960508828555,0.23580786026200873,lower_better,none,1,external_ready,PWOD: PUMS GRPIP >= 30 DIS=0 TEN=3.
29,Missouri,MO,2024,eq_score_renter_burden,WE,equity,Renter Cost Burden: Equity,0.1018682530664082,0.28615353764914275,0.18428528458273455,lower_better,none,1,external_ready,PWOD: PUMS GRPIP >= 30 DIS=0 TEN=3.
30,Montana,MT,2024,eq_score_renter_burden,WE,equity,Renter Cost Burden: Equity,0.08292290682480652,0.29902502764096894,0.21610212081616242,lower_better,none,1,external_ready,PWOD: PUMS GRPIP >= 30 DIS=0 TEN=3.
31,Nebraska,NE,2024,eq_score_renter_burden,WE,equity,Renter Cost Burden: Equity,0.08333333333333333,0.28353320008882965,0.20019986675549634,lower_better,none,1,external_ready,PWOD: PUMS GRPIP >= 30 DIS=0 TEN=3.
32,Nevada,NV,2024,eq_score_renter_burden,WE,equity,Renter Cost Burden: Equity,0.09214671467146716,0.39234923492349233,0.30020252025202515,lower_better,none,1,external_ready,PWOD: PUMS GRPIP >= 30 DIS=0 TEN=3.
33,New Hampshire,NH,2024,eq_score_renter_burden,WE,equity,Renter Cost Burden: Equity,0.10373049105443471,0.3067186905215074,0.2029881994670727,lower_better,none,1,external_ready,PWOD: PUMS GRPIP >= 30 DIS=0 TEN=3.
34,New Jersey,NJ,2024,eq_score_renter_burden,WE,equity,Renter Cost Burden: Equity,0.07166039080481909,0.3948785115132371,0.32321812070841804,lower_better,none,1,external_ready,PWOD: PUMS GRPIP >= 30 DIS=0 TEN=3.
35,New Mexico,NM,2024,eq_score_renter_burden,WE,equity,Renter Cost Burden: Equity,0.09821623987743489,0.3448785292186474,0.24666228934121254,lower_better,none,1,external_ready,PWOD: PUMS GRPIP >= 30 DIS=0 TEN=3.
36,New York,NY,2024,eq_score_renter_burden,WE,equity,Renter Cost Burden: Equity,0.08643803699919886,0.3800833474205664,0.29364531042136754,lower_better,none,1,external_ready,PWOD: PUMS GRPIP >= 30 DIS=0 TEN=3.
37,North Carolina,NC,2024,eq_score_renter_burden,WE,equity,Renter Cost Burden: Equity,0.08570434336681898,0.3479730039102206,0.26226866054340164,lower_better,none,1,external_ready,PWOD: PUMS GRPIP >= 30 DIS=0 TEN=3.
38,North Dakota,ND,2024,eq_score_renter_burden,WE,equity,Renter Cost Burden: Equity,0.08264088230850582,0.24384348088835173,0.16120259857984592,lower_better,none,1,external_ready,PWOD: PUMS GRPIP >= 30 DIS=0 TEN=3.
39,Ohio,OH,2024,eq_score_renter_burden,WE,equity,Renter Cost Burden: Equity,0.10080913039775148,0.3037986542883911,0.20298952389063962,lower_better,none,1,external_ready,PWOD: PUMS GRPIP >= 30 DIS=0 TEN=3.
40,Oklahoma,OK,2024,eq_score_renter_burden,WE,equity,Renter Cost Burden: Equity,0.09854031618710068,0.3057641188266567,0.20722380263955603,lower_better,none,1,external_ready,PWOD: PUMS GRPIP >= 30 DIS=0 TEN=3.
41,Oregon,OR,2024,eq_score_renter_burden,WE,equity,Renter Cost Burden: Equity,0.10835671967570938,0.3501909884627378,0.2418342687870284,lower_better,none,1,external_ready,PWOD: PUMS GRPIP >= 30 DIS=0 TEN=3.
42,Pennsylvania,PA,2024,eq_score_renter_burden,WE,equity,Renter Cost Burden: Equity,0.10519070003351176,0.3077466510882265,0.20255595105471474,lower_better,none,1,external_ready,PWOD: PUMS GRPIP >= 30 DIS=0 TEN=3.
44,Rhode Island,RI,2024,eq_score_renter_burden,WE,equity,Renter Cost Burden: Equity,0.104052965912141,0.3340789120515344,0.2300259461393934,lower_better,none,1,external_ready,PWOD: PUMS GRPIP >= 30 DIS=0 TEN=3.
45,South Carolina,SC,2024,eq_score_renter_burden,WE,equity,Renter Cost Burden: Equity,0.09233130911799896,0.36688714811386774,0.2745558389958688,lower_better,none,1,external_ready,PWOD: PUMS GRPIP >= 30 DIS=0 TEN=3.
46,South Dakota,SD,2024,eq_score_renter_burden,WE,equity,Renter Cost Burden: Equity,0.07507768800497203,0.25730267246737104,0.18222498446239901,lower_better,none,1,external_ready,PWOD: PUMS GRPIP >= 30 DIS=0 TEN=3.
47,Tennessee,TN,2024,eq_score_renter_burden,WE,equity,Renter Cost Burden: Equity,0.09059578624250036,0.33269150272080367,0.2420957164783033,lower_better,none,1,external_ready,PWOD: PUMS GRPIP >= 30 DIS=0 TEN=3.
48,Texas,TX,2024,eq_score_renter_burden,WE,equity,Renter Cost Burden: Equity,0.0807654301725371,0.3891055895775637,0.30834015940502657,lower_better,none,1,external_ready,PWOD: PUMS GRPIP >= 30 DIS=0 TEN=3.
49,Utah,UT,2024,eq_score_renter_burden,WE,equity,Renter Cost Burden: Equity,0.0652428320655354,0.3405500292568754,0.27530719719134,lower_better,none,1,external_ready,PWOD: PUMS GRPIP >= 30 DIS=0 TEN=3.
50,Vermont,VT,2024,eq_score_renter_burden,WE,equity,Renter Cost Burden: Equity,0.11381932021466903,0.3150715563506261,0.20125223613595708,lower_better,none,1,external_ready,PWOD: PUMS GRPIP >= 30 DIS=0 TEN=3.
51,Virginia,VA,2024,eq_score_renter_burden,WE,equity,Renter Cost Burden: Equity,0.0768538476922735,0.3594142352392169,0.2825603875469434,lower_better,none,1,external_ready,PWOD: PUMS GRPIP >= 30 DIS=0 TEN=3.
53,Washington,WA,2024,eq_score_renter_burden,WE,equity,Renter Cost Burden: Equity,0.09214159637021237,0.3519551257756072,0.25981352940539487,lower_better,none,1,external_ready,PWOD: PUMS GRPIP >= 30 DIS=0 TEN=3.
54,West Virginia,WV,2024,eq_score_renter_burden,WE,equity,Renter Cost Burden: Equity,0.1251262079907688,0.31963075147843645,0.19450454348766766,lower_better,none,1,external_ready,PWOD: PUMS GRPIP >= 30 DIS=0 TEN=3.
55,Wisconsin,WI,2024,eq_score_renter_burden,WE,equity,Renter Cost Burden: Equity,0.0905654572226007,0.27945410192734543,0.18888864470474473,lower_better,none,1,external_ready,PWOD: PUMS GRPIP >= 30 DIS=0 TEN=3.
56,Wyoming,WY,2024,eq_score_renter_burden,WE,equity,Renter Cost Burden: Equity,0.07896210565615083,0.2934478252753407,0.21448571961918986,lower_better,none,1,external_ready,PWOD: PUMS GRPIP >= 30 DIS=0 TEN=3.
72,Puerto Rico,PR,2024,eq_score_renter_burden,WE,equity,Renter Cost Burden: Equity,NA,NA,NA,lower_better,none,1,external_ready,PWOD: PUMS GRPIP >= 30 DIS=0 TEN=3.
000,United States,USA,2024,rel_score_owner_burden,WE,relative,Owner Cost Burden: Relative,NA,NA,NA,lower_better,none,1,external_ready,Source: ACS PUMS OCPIP >= 30 (monthly owner costs 30%+ of income) DIS=1 TEN=1or2 (owner). Denominator = all owner HHs any member DIS=1. CONFIRMED: disability-specific PUMS pull. Alternative if not feasible: B25091 (general population).
01,Alabama,AL,2024,rel_score_owner_burden,WE,relative,Owner Cost Burden: Relative,0.03635798805079245,NA,0.03635798805079245,lower_better,none,1,external_ready,Source: ACS PUMS OCPIP >= 30 (monthly owner costs 30%+ of income) DIS=1 TEN=1or2 (owner). Denominator = all owner HHs any member DIS=1. CONFIRMED: disability-specific PUMS pull. Alternative if not feasible: B25091 (general population).
02,Alaska,AK,2024,rel_score_owner_burden,WE,relative,Owner Cost Burden: Relative,0.03170896025151583,NA,0.03170896025151583,lower_better,none,1,external_ready,Source: ACS PUMS OCPIP >= 30 (monthly owner costs 30%+ of income) DIS=1 TEN=1or2 (owner). Denominator = all owner HHs any member DIS=1. CONFIRMED: disability-specific PUMS pull. Alternative if not feasible: B25091 (general population).
04,Arizona,AZ,2024,rel_score_owner_burden,WE,relative,Owner Cost Burden: Relative,0.03325381507809971,NA,0.03325381507809971,lower_better,none,1,external_ready,Source: ACS PUMS OCPIP >= 30 (monthly owner costs 30%+ of income) DIS=1 TEN=1or2 (owner). Denominator = all owner HHs any member DIS=1. CONFIRMED: disability-specific PUMS pull. Alternative if not feasible: B25091 (general population).
05,Arkansas,AR,2024,rel_score_owner_burden,WE,relative,Owner Cost Burden: Relative,0.03841676367869616,NA,0.03841676367869616,lower_better,none,1,external_ready,Source: ACS PUMS OCPIP >= 30 (monthly owner costs 30%+ of income) DIS=1 TEN=1or2 (owner). Denominator = all owner HHs any member DIS=1. CONFIRMED: disability-specific PUMS pull. Alternative if not feasible: B25091 (general population).
06,California,CA,2024,rel_score_owner_burden,WE,relative,Owner Cost Burden: Relative,0.0392534137336639,NA,0.0392534137336639,lower_better,none,1,external_ready,Source: ACS PUMS OCPIP >= 30 (monthly owner costs 30%+ of income) DIS=1 TEN=1or2 (owner). Denominator = all owner HHs any member DIS=1. CONFIRMED: disability-specific PUMS pull. Alternative if not feasible: B25091 (general population).
08,Colorado,CO,2024,rel_score_owner_burden,WE,relative,Owner Cost Burden: Relative,0.03177196373531912,NA,0.03177196373531912,lower_better,none,1,external_ready,Source: ACS PUMS OCPIP >= 30 (monthly owner costs 30%+ of income) DIS=1 TEN=1or2 (owner). Denominator = all owner HHs any member DIS=1. CONFIRMED: disability-specific PUMS pull. Alternative if not feasible: B25091 (general population).
09,Connecticut,CT,2024,rel_score_owner_burden,WE,relative,Owner Cost Burden: Relative,0.03317027719543443,NA,0.03317027719543443,lower_better,none,1,external_ready,Source: ACS PUMS OCPIP >= 30 (monthly owner costs 30%+ of income) DIS=1 TEN=1or2 (owner). Denominator = all owner HHs any member DIS=1. CONFIRMED: disability-specific PUMS pull. Alternative if not feasible: B25091 (general population).
10,Delaware,DE,2024,rel_score_owner_burden,WE,relative,Owner Cost Burden: Relative,0.03523108561532633,NA,0.03523108561532633,lower_better,none,1,external_ready,Source: ACS PUMS OCPIP >= 30 (monthly owner costs 30%+ of income) DIS=1 TEN=1or2 (owner). Denominator = all owner HHs any member DIS=1. CONFIRMED: disability-specific PUMS pull. Alternative if not feasible: B25091 (general population).
11,District of Columbia,DC,2024,rel_score_owner_burden,WE,relative,Owner Cost Burden: Relative,0.0270674816015966,NA,0.0270674816015966,lower_better,none,1,external_ready,Source: ACS PUMS OCPIP >= 30 (monthly owner costs 30%+ of income) DIS=1 TEN=1or2 (owner). Denominator = all owner HHs any member DIS=1. CONFIRMED: disability-specific PUMS pull. Alternative if not feasible: B25091 (general population).
12,Florida,FL,2024,rel_score_owner_burden,WE,relative,Owner Cost Burden: Relative,0.04225547838444964,NA,0.04225547838444964,lower_better,none,1,external_ready,Source: ACS PUMS OCPIP >= 30 (monthly owner costs 30%+ of income) DIS=1 TEN=1or2 (owner). Denominator = all owner HHs any member DIS=1. CONFIRMED: disability-specific PUMS pull. Alternative if not feasible: B25091 (general population).
13,Georgia,GA,2024,rel_score_owner_burden,WE,relative,Owner Cost Burden: Relative,0.03202312765587052,NA,0.03202312765587052,lower_better,none,1,external_ready,Source: ACS PUMS OCPIP >= 30 (monthly owner costs 30%+ of income) DIS=1 TEN=1or2 (owner). Denominator = all owner HHs any member DIS=1. CONFIRMED: disability-specific PUMS pull. Alternative if not feasible: B25091 (general population).
15,Hawaii,HI,2024,rel_score_owner_burden,WE,relative,Owner Cost Burden: Relative,0.03341785190761063,NA,0.03341785190761063,lower_better,none,1,external_ready,Source: ACS PUMS OCPIP >= 30 (monthly owner costs 30%+ of income) DIS=1 TEN=1or2 (owner). Denominator = all owner HHs any member DIS=1. CONFIRMED: disability-specific PUMS pull. Alternative if not feasible: B25091 (general population).
16,Idaho,ID,2024,rel_score_owner_burden,WE,relative,Owner Cost Burden: Relative,0.0310399954727445,NA,0.0310399954727445,lower_better,none,1,external_ready,Source: ACS PUMS OCPIP >= 30 (monthly owner costs 30%+ of income) DIS=1 TEN=1or2 (owner). Denominator = all owner HHs any member DIS=1. CONFIRMED: disability-specific PUMS pull. Alternative if not feasible: B25091 (general population).
17,Illinois,IL,2024,rel_score_owner_burden,WE,relative,Owner Cost Burden: Relative,0.03025776147502361,NA,0.03025776147502361,lower_better,none,1,external_ready,Source: ACS PUMS OCPIP >= 30 (monthly owner costs 30%+ of income) DIS=1 TEN=1or2 (owner). Denominator = all owner HHs any member DIS=1. CONFIRMED: disability-specific PUMS pull. Alternative if not feasible: B25091 (general population).
18,Indiana,IN,2024,rel_score_owner_burden,WE,relative,Owner Cost Burden: Relative,0.02910010198817882,NA,0.02910010198817882,lower_better,none,1,external_ready,Source: ACS PUMS OCPIP >= 30 (monthly owner costs 30%+ of income) DIS=1 TEN=1or2 (owner). Denominator = all owner HHs any member DIS=1. CONFIRMED: disability-specific PUMS pull. Alternative if not feasible: B25091 (general population).
19,Iowa,IA,2024,rel_score_owner_burden,WE,relative,Owner Cost Burden: Relative,0.02611238934602035,NA,0.02611238934602035,lower_better,none,1,external_ready,Source: ACS PUMS OCPIP >= 30 (monthly owner costs 30%+ of income) DIS=1 TEN=1or2 (owner). Denominator = all owner HHs any member DIS=1. CONFIRMED: disability-specific PUMS pull. Alternative if not feasible: B25091 (general population).
20,Kansas,KS,2024,rel_score_owner_burden,WE,relative,Owner Cost Burden: Relative,0.02894057317427989,NA,0.02894057317427989,lower_better,none,1,external_ready,Source: ACS PUMS OCPIP >= 30 (monthly owner costs 30%+ of income) DIS=1 TEN=1or2 (owner). Denominator = all owner HHs any member DIS=1. CONFIRMED: disability-specific PUMS pull. Alternative if not feasible: B25091 (general population).
21,Kentucky,KY,2024,rel_score_owner_burden,WE,relative,Owner Cost Burden: Relative,0.03748748900548967,NA,0.03748748900548967,lower_better,none,1,external_ready,Source: ACS PUMS OCPIP >= 30 (monthly owner costs 30%+ of income) DIS=1 TEN=1or2 (owner). Denominator = all owner HHs any member DIS=1. CONFIRMED: disability-specific PUMS pull. Alternative if not feasible: B25091 (general population).
22,Louisiana,LA,2024,rel_score_owner_burden,WE,relative,Owner Cost Burden: Relative,0.03887527323309266,NA,0.03887527323309266,lower_better,none,1,external_ready,Source: ACS PUMS OCPIP >= 30 (monthly owner costs 30%+ of income) DIS=1 TEN=1or2 (owner). Denominator = all owner HHs any member DIS=1. CONFIRMED: disability-specific PUMS pull. Alternative if not feasible: B25091 (general population).
23,Maine,ME,2024,rel_score_owner_burden,WE,relative,Owner Cost Burden: Relative,0.04087914461604925,NA,0.04087914461604925,lower_better,none,1,external_ready,Source: ACS PUMS OCPIP >= 30 (monthly owner costs 30%+ of income) DIS=1 TEN=1or2 (owner). Denominator = all owner HHs any member DIS=1. CONFIRMED: disability-specific PUMS pull. Alternative if not feasible: B25091 (general population).
24,Maryland,MD,2024,rel_score_owner_burden,WE,relative,Owner Cost Burden: Relative,0.02877820655079313,NA,0.02877820655079313,lower_better,none,1,external_ready,Source: ACS PUMS OCPIP >= 30 (monthly owner costs 30%+ of income) DIS=1 TEN=1or2 (owner). Denominator = all owner HHs any member DIS=1. CONFIRMED: disability-specific PUMS pull. Alternative if not feasible: B25091 (general population).
25,Massachusetts,MA,2024,rel_score_owner_burden,WE,relative,Owner Cost Burden: Relative,0.03406647924590706,NA,0.03406647924590706,lower_better,none,1,external_ready,Source: ACS PUMS OCPIP >= 30 (monthly owner costs 30%+ of income) DIS=1 TEN=1or2 (owner). Denominator = all owner HHs any member DIS=1. CONFIRMED: disability-specific PUMS pull. Alternative if not feasible: B25091 (general population).
26,Michigan,MI,2024,rel_score_owner_burden,WE,relative,Owner Cost Burden: Relative,0.034500768507603,NA,0.034500768507603,lower_better,none,1,external_ready,Source: ACS PUMS OCPIP >= 30 (monthly owner costs 30%+ of income) DIS=1 TEN=1or2 (owner). Denominator = all owner HHs any member DIS=1. CONFIRMED: disability-specific PUMS pull. Alternative if not feasible: B25091 (general population).
27,Minnesota,MN,2024,rel_score_owner_burden,WE,relative,Owner Cost Burden: Relative,0.02577691920040315,NA,0.02577691920040315,lower_better,none,1,external_ready,Source: ACS PUMS OCPIP >= 30 (monthly owner costs 30%+ of income) DIS=1 TEN=1or2 (owner). Denominator = all owner HHs any member DIS=1. CONFIRMED: disability-specific PUMS pull. Alternative if not feasible: B25091 (general population).
28,Mississippi,MS,2024,rel_score_owner_burden,WE,relative,Owner Cost Burden: Relative,0.0419487976427137,NA,0.0419487976427137,lower_better,none,1,external_ready,Source: ACS PUMS OCPIP >= 30 (monthly owner costs 30%+ of income) DIS=1 TEN=1or2 (owner). Denominator = all owner HHs any member DIS=1. CONFIRMED: disability-specific PUMS pull. Alternative if not feasible: B25091 (general population).
29,Missouri,MO,2024,rel_score_owner_burden,WE,relative,Owner Cost Burden: Relative,0.03206736791009522,NA,0.03206736791009522,lower_better,none,1,external_ready,Source: ACS PUMS OCPIP >= 30 (monthly owner costs 30%+ of income) DIS=1 TEN=1or2 (owner). Denominator = all owner HHs any member DIS=1. CONFIRMED: disability-specific PUMS pull. Alternative if not feasible: B25091 (general population).
30,Montana,MT,2024,rel_score_owner_burden,WE,relative,Owner Cost Burden: Relative,0.03718977651561921,NA,0.03718977651561921,lower_better,none,1,external_ready,Source: ACS PUMS OCPIP >= 30 (monthly owner costs 30%+ of income) DIS=1 TEN=1or2 (owner). Denominator = all owner HHs any member DIS=1. CONFIRMED: disability-specific PUMS pull. Alternative if not feasible: B25091 (general population).
31,Nebraska,NE,2024,rel_score_owner_burden,WE,relative,Owner Cost Burden: Relative,0.02615922309375167,NA,0.02615922309375167,lower_better,none,1,external_ready,Source: ACS PUMS OCPIP >= 30 (monthly owner costs 30%+ of income) DIS=1 TEN=1or2 (owner). Denominator = all owner HHs any member DIS=1. CONFIRMED: disability-specific PUMS pull. Alternative if not feasible: B25091 (general population).
32,Nevada,NV,2024,rel_score_owner_burden,WE,relative,Owner Cost Burden: Relative,0.0379300054538532,NA,0.0379300054538532,lower_better,none,1,external_ready,Source: ACS PUMS OCPIP >= 30 (monthly owner costs 30%+ of income) DIS=1 TEN=1or2 (owner). Denominator = all owner HHs any member DIS=1. CONFIRMED: disability-specific PUMS pull. Alternative if not feasible: B25091 (general population).
33,New Hampshire,NH,2024,rel_score_owner_burden,WE,relative,Owner Cost Burden: Relative,0.03715451678723799,NA,0.03715451678723799,lower_better,none,1,external_ready,Source: ACS PUMS OCPIP >= 30 (monthly owner costs 30%+ of income) DIS=1 TEN=1or2 (owner). Denominator = all owner HHs any member DIS=1. CONFIRMED: disability-specific PUMS pull. Alternative if not feasible: B25091 (general population).
34,New Jersey,NJ,2024,rel_score_owner_burden,WE,relative,Owner Cost Burden: Relative,0.03531905686233314,NA,0.03531905686233314,lower_better,none,1,external_ready,Source: ACS PUMS OCPIP >= 30 (monthly owner costs 30%+ of income) DIS=1 TEN=1or2 (owner). Denominator = all owner HHs any member DIS=1. CONFIRMED: disability-specific PUMS pull. Alternative if not feasible: B25091 (general population).
35,New Mexico,NM,2024,rel_score_owner_burden,WE,relative,Owner Cost Burden: Relative,0.03920666778168032,NA,0.03920666778168032,lower_better,none,1,external_ready,Source: ACS PUMS OCPIP >= 30 (monthly owner costs 30%+ of income) DIS=1 TEN=1or2 (owner). Denominator = all owner HHs any member DIS=1. CONFIRMED: disability-specific PUMS pull. Alternative if not feasible: B25091 (general population).
36,New York,NY,2024,rel_score_owner_burden,WE,relative,Owner Cost Burden: Relative,0.03629137181480658,NA,0.03629137181480658,lower_better,none,1,external_ready,Source: ACS PUMS OCPIP >= 30 (monthly owner costs 30%+ of income) DIS=1 TEN=1or2 (owner). Denominator = all owner HHs any member DIS=1. CONFIRMED: disability-specific PUMS pull. Alternative if not feasible: B25091 (general population).
37,North Carolina,NC,2024,rel_score_owner_burden,WE,relative,Owner Cost Burden: Relative,0.03374705126193602,NA,0.03374705126193602,lower_better,none,1,external_ready,Source: ACS PUMS OCPIP >= 30 (monthly owner costs 30%+ of income) DIS=1 TEN=1or2 (owner). Denominator = all owner HHs any member DIS=1. CONFIRMED: disability-specific PUMS pull. Alternative if not feasible: B25091 (general population).
38,North Dakota,ND,2024,rel_score_owner_burden,WE,relative,Owner Cost Burden: Relative,0.0210193573616633,NA,0.0210193573616633,lower_better,none,1,external_ready,Source: ACS PUMS OCPIP >= 30 (monthly owner costs 30%+ of income) DIS=1 TEN=1or2 (owner). Denominator = all owner HHs any member DIS=1. CONFIRMED: disability-specific PUMS pull. Alternative if not feasible: B25091 (general population).
39,Ohio,OH,2024,rel_score_owner_burden,WE,relative,Owner Cost Burden: Relative,0.02961921793203584,NA,0.02961921793203584,lower_better,none,1,external_ready,Source: ACS PUMS OCPIP >= 30 (monthly owner costs 30%+ of income) DIS=1 TEN=1or2 (owner). Denominator = all owner HHs any member DIS=1. CONFIRMED: disability-specific PUMS pull. Alternative if not feasible: B25091 (general population).
40,Oklahoma,OK,2024,rel_score_owner_burden,WE,relative,Owner Cost Burden: Relative,0.03799552021166248,NA,0.03799552021166248,lower_better,none,1,external_ready,Source: ACS PUMS OCPIP >= 30 (monthly owner costs 30%+ of income) DIS=1 TEN=1or2 (owner). Denominator = all owner HHs any member DIS=1. CONFIRMED: disability-specific PUMS pull. Alternative if not feasible: B25091 (general population).
41,Oregon,OR,2024,rel_score_owner_burden,WE,relative,Owner Cost Burden: Relative,0.04107183754485075,NA,0.04107183754485075,lower_better,none,1,external_ready,Source: ACS PUMS OCPIP >= 30 (monthly owner costs 30%+ of income) DIS=1 TEN=1or2 (owner). Denominator = all owner HHs any member DIS=1. CONFIRMED: disability-specific PUMS pull. Alternative if not feasible: B25091 (general population).
42,Pennsylvania,PA,2024,rel_score_owner_burden,WE,relative,Owner Cost Burden: Relative,0.03098469604534267,NA,0.03098469604534267,lower_better,none,1,external_ready,Source: ACS PUMS OCPIP >= 30 (monthly owner costs 30%+ of income) DIS=1 TEN=1or2 (owner). Denominator = all owner HHs any member DIS=1. CONFIRMED: disability-specific PUMS pull. Alternative if not feasible: B25091 (general population).
44,Rhode Island,RI,2024,rel_score_owner_burden,WE,relative,Owner Cost Burden: Relative,0.03911384976525822,NA,0.03911384976525822,lower_better,none,1,external_ready,Source: ACS PUMS OCPIP >= 30 (monthly owner costs 30%+ of income) DIS=1 TEN=1or2 (owner). Denominator = all owner HHs any member DIS=1. CONFIRMED: disability-specific PUMS pull. Alternative if not feasible: B25091 (general population).
45,South Carolina,SC,2024,rel_score_owner_burden,WE,relative,Owner Cost Burden: Relative,0.03348693512069958,NA,0.03348693512069958,lower_better,none,1,external_ready,Source: ACS PUMS OCPIP >= 30 (monthly owner costs 30%+ of income) DIS=1 TEN=1or2 (owner). Denominator = all owner HHs any member DIS=1. CONFIRMED: disability-specific PUMS pull. Alternative if not feasible: B25091 (general population).
46,South Dakota,SD,2024,rel_score_owner_burden,WE,relative,Owner Cost Burden: Relative,0.02337457686471343,NA,0.02337457686471343,lower_better,none,1,external_ready,Source: ACS PUMS OCPIP >= 30 (monthly owner costs 30%+ of income) DIS=1 TEN=1or2 (owner). Denominator = all owner HHs any member DIS=1. CONFIRMED: disability-specific PUMS pull. Alternative if not feasible: B25091 (general population).
47,Tennessee,TN,2024,rel_score_owner_burden,WE,relative,Owner Cost Burden: Relative,0.0333141336621615,NA,0.0333141336621615,lower_better,none,1,external_ready,Source: ACS PUMS OCPIP >= 30 (monthly owner costs 30%+ of income) DIS=1 TEN=1or2 (owner). Denominator = all owner HHs any member DIS=1. CONFIRMED: disability-specific PUMS pull. Alternative if not feasible: B25091 (general population).
48,Texas,TX,2024,rel_score_owner_burden,WE,relative,Owner Cost Burden: Relative,0.03286158849962401,NA,0.03286158849962401,lower_better,none,1,external_ready,Source: ACS PUMS OCPIP >= 30 (monthly owner costs 30%+ of income) DIS=1 TEN=1or2 (owner). Denominator = all owner HHs any member DIS=1. CONFIRMED: disability-specific PUMS pull. Alternative if not feasible: B25091 (general population).
49,Utah,UT,2024,rel_score_owner_burden,WE,relative,Owner Cost Burden: Relative,0.02238108869570457,NA,0.02238108869570457,lower_better,none,1,external_ready,Source: ACS PUMS OCPIP >= 30 (monthly owner costs 30%+ of income) DIS=1 TEN=1or2 (owner). Denominator = all owner HHs any member DIS=1. CONFIRMED: disability-specific PUMS pull. Alternative if not feasible: B25091 (general population).
50,Vermont,VT,2024,rel_score_owner_burden,WE,relative,Owner Cost Burden: Relative,0.04250567751703255,NA,0.04250567751703255,lower_better,none,1,external_ready,Source: ACS PUMS OCPIP >= 30 (monthly owner costs 30%+ of income) DIS=1 TEN=1or2 (owner). Denominator = all owner HHs any member DIS=1. CONFIRMED: disability-specific PUMS pull. Alternative if not feasible: B25091 (general population).
51,Virginia,VA,2024,rel_score_owner_burden,WE,relative,Owner Cost Burden: Relative,0.02929179836251284,NA,0.02929179836251284,lower_better,none,1,external_ready,Source: ACS PUMS OCPIP >= 30 (monthly owner costs 30%+ of income) DIS=1 TEN=1or2 (owner). Denominator = all owner HHs any member DIS=1. CONFIRMED: disability-specific PUMS pull. Alternative if not feasible: B25091 (general population).
53,Washington,WA,2024,rel_score_owner_burden,WE,relative,Owner Cost Burden: Relative,0.03497377149787396,NA,0.03497377149787396,lower_better,none,1,external_ready,Source: ACS PUMS OCPIP >= 30 (monthly owner costs 30%+ of income) DIS=1 TEN=1or2 (owner). Denominator = all owner HHs any member DIS=1. CONFIRMED: disability-specific PUMS pull. Alternative if not feasible: B25091 (general population).
54,West Virginia,WV,2024,rel_score_owner_burden,WE,relative,Owner Cost Burden: Relative,0.03562662926658231,NA,0.03562662926658231,lower_better,none,1,external_ready,Source: ACS PUMS OCPIP >= 30 (monthly owner costs 30%+ of income) DIS=1 TEN=1or2 (owner). Denominator = all owner HHs any member DIS=1. CONFIRMED: disability-specific PUMS pull. Alternative if not feasible: B25091 (general population).
55,Wisconsin,WI,2024,rel_score_owner_burden,WE,relative,Owner Cost Burden: Relative,0.02775147437494808,NA,0.02775147437494808,lower_better,none,1,external_ready,Source: ACS PUMS OCPIP >= 30 (monthly owner costs 30%+ of income) DIS=1 TEN=1or2 (owner). Denominator = all owner HHs any member DIS=1. CONFIRMED: disability-specific PUMS pull. Alternative if not feasible: B25091 (general population).
56,Wyoming,WY,2024,rel_score_owner_burden,WE,relative,Owner Cost Burden: Relative,0.03364864864864865,NA,0.03364864864864865,lower_better,none,1,external_ready,Source: ACS PUMS OCPIP >= 30 (monthly owner costs 30%+ of income) DIS=1 TEN=1or2 (owner). Denominator = all owner HHs any member DIS=1. CONFIRMED: disability-specific PUMS pull. Alternative if not feasible: B25091 (general population).
72,Puerto Rico,PR,2024,rel_score_owner_burden,WE,relative,Owner Cost Burden: Relative,NA,NA,NA,lower_better,none,1,external_ready,Source: ACS PUMS OCPIP >= 30 (monthly owner costs 30%+ of income) DIS=1 TEN=1or2 (owner). Denominator = all owner HHs any member DIS=1. CONFIRMED: disability-specific PUMS pull. Alternative if not feasible: B25091 (general population).
000,United States,USA,2024,eq_score_owner_burden,WE,equity,Owner Cost Burden: Equity,NA,NA,NA,lower_better,none,1,external_ready,PWOD: PUMS OCPIP >= 30 DIS=0 TEN=1or2.
01,Alabama,AL,2024,eq_score_owner_burden,WE,equity,Owner Cost Burden: Equity,0.03635798805079245,0.10924593510592856,0.07288794705513611,lower_better,none,1,external_ready,PWOD: PUMS OCPIP >= 30 DIS=0 TEN=1or2.
02,Alaska,AK,2024,eq_score_owner_burden,WE,equity,Owner Cost Burden: Equity,0.03170896025151583,0.1461935773635751,0.11448461711205928,lower_better,none,1,external_ready,PWOD: PUMS OCPIP >= 30 DIS=0 TEN=1or2.
04,Arizona,AZ,2024,eq_score_owner_burden,WE,equity,Owner Cost Burden: Equity,0.03325381507809971,0.1425015084493141,0.1092476933712144,lower_better,none,1,external_ready,PWOD: PUMS OCPIP >= 30 DIS=0 TEN=1or2.
05,Arkansas,AR,2024,eq_score_owner_burden,WE,equity,Owner Cost Burden: Equity,0.03841676367869616,0.1036372412618189,0.06522047758312274,lower_better,none,1,external_ready,PWOD: PUMS OCPIP >= 30 DIS=0 TEN=1or2.
06,California,CA,2024,eq_score_owner_burden,WE,equity,Owner Cost Burden: Equity,0.0392534137336639,0.2250641440356859,0.185810730302022,lower_better,none,1,external_ready,PWOD: PUMS OCPIP >= 30 DIS=0 TEN=1or2.
08,Colorado,CO,2024,eq_score_owner_burden,WE,equity,Owner Cost Burden: Equity,0.03177196373531912,0.17469355964723146,0.14292159591191234,lower_better,none,1,external_ready,PWOD: PUMS OCPIP >= 30 DIS=0 TEN=1or2.
09,Connecticut,CT,2024,eq_score_owner_burden,WE,equity,Owner Cost Burden: Equity,0.03317027719543443,0.17780883608975853,0.1446385588943241,lower_better,none,1,external_ready,PWOD: PUMS OCPIP >= 30 DIS=0 TEN=1or2.
10,Delaware,DE,2024,eq_score_owner_burden,WE,equity,Owner Cost Burden: Equity,0.03523108561532633,0.13272540318216258,0.09749431756683626,lower_better,none,1,external_ready,PWOD: PUMS OCPIP >= 30 DIS=0 TEN=1or2.
11,District of Columbia,DC,2024,eq_score_owner_burden,WE,equity,Owner Cost Burden: Equity,0.0270674816015966,0.13939129350130972,0.11232381189971312,lower_better,none,1,external_ready,PWOD: PUMS OCPIP >= 30 DIS=0 TEN=1or2.
12,Florida,FL,2024,eq_score_owner_burden,WE,equity,Owner Cost Burden: Equity,0.04225547838444964,0.18632810709210104,0.14407262870765142,lower_better,none,1,external_ready,PWOD: PUMS OCPIP >= 30 DIS=0 TEN=1or2.
13,Georgia,GA,2024,eq_score_owner_burden,WE,equity,Owner Cost Burden: Equity,0.03202312765587052,0.13816091757205276,0.10613778991618224,lower_better,none,1,external_ready,PWOD: PUMS OCPIP >= 30 DIS=0 TEN=1or2.
15,Hawaii,HI,2024,eq_score_owner_burden,WE,equity,Owner Cost Burden: Equity,0.03341785190761063,0.19400974604809632,0.1605918941404857,lower_better,none,1,external_ready,PWOD: PUMS OCPIP >= 30 DIS=0 TEN=1or2.
16,Idaho,ID,2024,eq_score_owner_burden,WE,equity,Owner Cost Burden: Equity,0.0310399954727445,0.14460336997580747,0.11356337450306297,lower_better,none,1,external_ready,PWOD: PUMS OCPIP >= 30 DIS=0 TEN=1or2.
17,Illinois,IL,2024,eq_score_owner_burden,WE,equity,Owner Cost Burden: Equity,0.03025776147502361,0.14359758867615954,0.11333982720113593,lower_better,none,1,external_ready,PWOD: PUMS OCPIP >= 30 DIS=0 TEN=1or2.
18,Indiana,IN,2024,eq_score_owner_burden,WE,equity,Owner Cost Burden: Equity,0.02910010198817882,0.10656780245007896,0.07746770046190014,lower_better,none,1,external_ready,PWOD: PUMS OCPIP >= 30 DIS=0 TEN=1or2.
19,Iowa,IA,2024,eq_score_owner_burden,WE,equity,Owner Cost Burden: Equity,0.02611238934602035,0.1113208282962212,0.08520843895020085,lower_better,none,1,external_ready,PWOD: PUMS OCPIP >= 30 DIS=0 TEN=1or2.
20,Kansas,KS,2024,eq_score_owner_burden,WE,equity,Owner Cost Burden: Equity,0.02894057317427989,0.1142075210939773,0.08526694791969741,lower_better,none,1,external_ready,PWOD: PUMS OCPIP >= 30 DIS=0 TEN=1or2.
21,Kentucky,KY,2024,eq_score_owner_burden,WE,equity,Owner Cost Burden: Equity,0.03748748900548967,0.1123168845348943,0.07482939552940462,lower_better,none,1,external_ready,PWOD: PUMS OCPIP >= 30 DIS=0 TEN=1or2.
22,Louisiana,LA,2024,eq_score_owner_burden,WE,equity,Owner Cost Burden: Equity,0.03887527323309266,0.12911174405511028,0.09023647082201762,lower_better,none,1,external_ready,PWOD: PUMS OCPIP >= 30 DIS=0 TEN=1or2.
23,Maine,ME,2024,eq_score_owner_burden,WE,equity,Owner Cost Burden: Equity,0.04087914461604925,0.13872988443676423,0.09785073982071499,lower_better,none,1,external_ready,PWOD: PUMS OCPIP >= 30 DIS=0 TEN=1or2.
24,Maryland,MD,2024,eq_score_owner_burden,WE,equity,Owner Cost Burden: Equity,0.02877820655079313,0.15216600254268886,0.12338779599189573,lower_better,none,1,external_ready,PWOD: PUMS OCPIP >= 30 DIS=0 TEN=1or2.
25,Massachusetts,MA,2024,eq_score_owner_burden,WE,equity,Owner Cost Burden: Equity,0.03406647924590706,0.17880025272120526,0.1447337734752982,lower_better,none,1,external_ready,PWOD: PUMS OCPIP >= 30 DIS=0 TEN=1or2.
26,Michigan,MI,2024,eq_score_owner_burden,WE,equity,Owner Cost Burden: Equity,0.034500768507603,0.12726137714572794,0.09276060863812494,lower_better,none,1,external_ready,PWOD: PUMS OCPIP >= 30 DIS=0 TEN=1or2.
27,Minnesota,MN,2024,eq_score_owner_burden,WE,equity,Owner Cost Burden: Equity,0.02577691920040315,0.1373131194355787,0.11153620023517555,lower_better,none,1,external_ready,PWOD: PUMS OCPIP >= 30 DIS=0 TEN=1or2.
28,Mississippi,MS,2024,eq_score_owner_burden,WE,equity,Owner Cost Burden: Equity,0.0419487976427137,0.11721848290059236,0.07526968525787867,lower_better,none,1,external_ready,PWOD: PUMS OCPIP >= 30 DIS=0 TEN=1or2.
29,Missouri,MO,2024,eq_score_owner_burden,WE,equity,Owner Cost Burden: Equity,0.03206736791009522,0.11414058673878466,0.08207321882868944,lower_better,none,1,external_ready,PWOD: PUMS OCPIP >= 30 DIS=0 TEN=1or2.
30,Montana,MT,2024,eq_score_owner_burden,WE,equity,Owner Cost Burden: Equity,0.03718977651561921,0.15564884553648595,0.11845906902086674,lower_better,none,1,external_ready,PWOD: PUMS OCPIP >= 30 DIS=0 TEN=1or2.
31,Nebraska,NE,2024,eq_score_owner_burden,WE,equity,Owner Cost Burden: Equity,0.02615922309375167,0.12141828077477188,0.0952590576810202,lower_better,none,1,external_ready,PWOD: PUMS OCPIP >= 30 DIS=0 TEN=1or2.
32,Nevada,NV,2024,eq_score_owner_burden,WE,equity,Owner Cost Burden: Equity,0.0379300054538532,0.16548842856995852,0.12755842311610532,lower_better,none,1,external_ready,PWOD: PUMS OCPIP >= 30 DIS=0 TEN=1or2.
33,New Hampshire,NH,2024,eq_score_owner_burden,WE,equity,Owner Cost Burden: Equity,0.03715451678723799,0.16538675570395103,0.12823223891671304,lower_better,none,1,external_ready,PWOD: PUMS OCPIP >= 30 DIS=0 TEN=1or2.
34,New Jersey,NJ,2024,eq_score_owner_burden,WE,equity,Owner Cost Burden: Equity,0.03531905686233314,0.19752079851235368,0.16220174165002055,lower_better,none,1,external_ready,PWOD: PUMS OCPIP >= 30 DIS=0 TEN=1or2.
35,New Mexico,NM,2024,eq_score_owner_burden,WE,equity,Owner Cost Burden: Equity,0.03920666778168032,0.1247700284328483,0.08556336065116799,lower_better,none,1,external_ready,PWOD: PUMS OCPIP >= 30 DIS=0 TEN=1or2.
36,New York,NY,2024,eq_score_owner_burden,WE,equity,Owner Cost Burden: Equity,0.03629137181480658,0.19332973693396377,0.1570383651191572,lower_better,none,1,external_ready,PWOD: PUMS OCPIP >= 30 DIS=0 TEN=1or2.
37,North Carolina,NC,2024,eq_score_owner_burden,WE,equity,Owner Cost Burden: Equity,0.03374705126193602,0.1300279940873845,0.09628094282544847,lower_better,none,1,external_ready,PWOD: PUMS OCPIP >= 30 DIS=0 TEN=1or2.
38,North Dakota,ND,2024,eq_score_owner_burden,WE,equity,Owner Cost Burden: Equity,0.0210193573616633,0.10454278824219514,0.08352343088053184,lower_better,none,1,external_ready,PWOD: PUMS OCPIP >= 30 DIS=0 TEN=1or2.
39,Ohio,OH,2024,eq_score_owner_burden,WE,equity,Owner Cost Burden: Equity,0.02961921793203584,0.1126829166463716,0.08306369871433576,lower_better,none,1,external_ready,PWOD: PUMS OCPIP >= 30 DIS=0 TEN=1or2.
40,Oklahoma,OK,2024,eq_score_owner_burden,WE,equity,Owner Cost Burden: Equity,0.03799552021166248,0.11962387817380978,0.08162835796214729,lower_better,none,1,external_ready,PWOD: PUMS OCPIP >= 30 DIS=0 TEN=1or2.
41,Oregon,OR,2024,eq_score_owner_burden,WE,equity,Owner Cost Burden: Equity,0.04107183754485075,0.17403826801490746,0.1329664304700567,lower_better,none,1,external_ready,PWOD: PUMS OCPIP >= 30 DIS=0 TEN=1or2.
42,Pennsylvania,PA,2024,eq_score_owner_burden,WE,equity,Owner Cost Burden: Equity,0.03098469604534267,0.12399289716928948,0.09300820112394681,lower_better,none,1,external_ready,PWOD: PUMS OCPIP >= 30 DIS=0 TEN=1or2.
44,Rhode Island,RI,2024,eq_score_owner_burden,WE,equity,Owner Cost Burden: Equity,0.03911384976525822,0.17414906103286384,0.13503521126760562,lower_better,none,1,external_ready,PWOD: PUMS OCPIP >= 30 DIS=0 TEN=1or2.
45,South Carolina,SC,2024,eq_score_owner_burden,WE,equity,Owner Cost Burden: Equity,0.03348693512069958,0.12627114206419857,0.09278420694349898,lower_better,none,1,external_ready,PWOD: PUMS OCPIP >= 30 DIS=0 TEN=1or2.
46,South Dakota,SD,2024,eq_score_owner_burden,WE,equity,Owner Cost Burden: Equity,0.02337457686471343,0.12664876853040738,0.10327419166569395,lower_better,none,1,external_ready,PWOD: PUMS OCPIP >= 30 DIS=0 TEN=1or2.
47,Tennessee,TN,2024,eq_score_owner_burden,WE,equity,Owner Cost Burden: Equity,0.0333141336621615,0.11830918501452144,0.08499505135235993,lower_better,none,1,external_ready,PWOD: PUMS OCPIP >= 30 DIS=0 TEN=1or2.
48,Texas,TX,2024,eq_score_owner_burden,WE,equity,Owner Cost Burden: Equity,0.03286158849962401,0.15598688282613524,0.12312529432651123,lower_better,none,1,external_ready,PWOD: PUMS OCPIP >= 30 DIS=0 TEN=1or2.
49,Utah,UT,2024,eq_score_owner_burden,WE,equity,Owner Cost Burden: Equity,0.02238108869570457,0.14377081041989967,0.1213897217241951,lower_better,none,1,external_ready,PWOD: PUMS OCPIP >= 30 DIS=0 TEN=1or2.
50,Vermont,VT,2024,eq_score_owner_burden,WE,equity,Owner Cost Burden: Equity,0.04250567751703255,0.16813020439061316,0.1256245268735806,lower_better,none,1,external_ready,PWOD: PUMS OCPIP >= 30 DIS=0 TEN=1or2.
51,Virginia,VA,2024,eq_score_owner_burden,WE,equity,Owner Cost Burden: Equity,0.02929179836251284,0.14010126130767783,0.110809462945165,lower_better,none,1,external_ready,PWOD: PUMS OCPIP >= 30 DIS=0 TEN=1or2.
53,Washington,WA,2024,eq_score_owner_burden,WE,equity,Owner Cost Burden: Equity,0.03497377149787396,0.17037932697225186,0.1354055554743779,lower_better,none,1,external_ready,PWOD: PUMS OCPIP >= 30 DIS=0 TEN=1or2.
54,West Virginia,WV,2024,eq_score_owner_burden,WE,equity,Owner Cost Burden: Equity,0.03562662926658231,0.08860161287863774,0.05297498361205543,lower_better,none,1,external_ready,PWOD: PUMS OCPIP >= 30 DIS=0 TEN=1or2.
55,Wisconsin,WI,2024,eq_score_owner_burden,WE,equity,Owner Cost Burden: Equity,0.02775147437494808,0.13284741257579533,0.10509593820084724,lower_better,none,1,external_ready,PWOD: PUMS OCPIP >= 30 DIS=0 TEN=1or2.
56,Wyoming,WY,2024,eq_score_owner_burden,WE,equity,Owner Cost Burden: Equity,0.03364864864864865,0.14,0.10635135135135136,lower_better,none,1,external_ready,PWOD: PUMS OCPIP >= 30 DIS=0 TEN=1or2.
72,Puerto Rico,PR,2024,eq_score_owner_burden,WE,equity,Owner Cost Burden: Equity,NA,NA,NA,lower_better,none,1,external_ready,PWOD: PUMS OCPIP >= 30 DIS=0 TEN=1or2.
