var_readable,var_topic,var_pretty,var_database,data_source_label,is_demographics,is_community_living,is_community_participation,is_work_economic,display,display_type,national_dropdown_label,national_summary_text,var_base,var_coding,universe_note,pct_definition
pop_cni_total_all,Overview,Population,S1810_C01_001,2020-2024 American Community Survey 5-Year Estimates (S1810),True,False,False,False,False,standalone,NA,"The U.S. Census Bureau universe for reporting most disability data is the civilian noninstitutional population, which is defined as persons who are not inmates of institutions (e.g., penal and mental facilities, homes for the aged), and who are not on active duty in the Armed Forces.",NA,NA,,
pop_cni_total_dis,Overview,# WITH Disabilities,S1810_C02_001,2020-2024 American Community Survey 5-Year Estimates (S1810),True,False,False,False,True,standalone,NA,NA,NA,NA,,
pct_cni_total_dis,Overview,% WITH Disabilities,NA,2020-2024 American Community Survey 5-Year Estimates (S1810),True,False,False,False,True,standalone,People with Disabilities,"According to the U.S. Census Bureau, a person is considered to have a disability if they report one of six disability types (hearing, vision, cognitive, ambulatory, self-care, or independent living).",NA,NA,"Everyone in the state's civilian noninstitutionalized population — people not living in an institution such as a nursing home or prison, and not on active military duty. Percentages show the share of this group that reports at least one of the six disability types the Census Bureau measures.","Of the state's civilian noninstitutionalized population, the share who report at least one of the six disability types (hearing, vision, cognitive, ambulatory, self-care, or independent living)."
pop_cni_total_nodis,Overview,# WITHOUT Disabilities,NA,2020-2024 American Community Survey 5-Year Estimates (S1810),True,False,False,False,True,standalone,NA,NA,NA,NA,,
pct_cni_total_nodis,Overview,% WITHOUT Disabilities,NA,2020-2024 American Community Survey 5-Year Estimates (S1810),True,False,False,False,True,standalone,NA,"According to the U.S. Census Bureau, a person is considered to have a disability if they do not report one of six disability types (hearing, vision, cognitive, ambulatory, self-care, or independent living).",NA,NA,,"Of the state's civilian noninstitutionalized population, the share who report none of the six disability types."
pop_cni_total_hearing_dis,Hearing Disability,# WITH a Hearing Disability,S1810_C02_019,2020-2024 American Community Survey 5-Year Estimates (S1810),True,False,False,False,True,standalone,NA,NA,NA,NA,,
pct_cni_total_hearing_dis,Hearing Disability,% WITH a Hearing Disability,NA,2020-2024 American Community Survey 5-Year Estimates (S1810),True,False,False,False,True,standalone,Disability Type: Hearing,"According to the U.S. Census Bureau, a hearing disability is defined as being deaf or having serious difficulty hearing.",NA,NA,"All of the state's civilian noninstitutionalized population (people not living in an institution such as a nursing home or prison, and not on active military duty). Percentages show the share of this group that reports being deaf or having serious difficulty hearing.","Of the state's civilian noninstitutionalized population, the share who report being deaf or having serious difficulty hearing."
pop_cni_total_vision_dis,Vision Disability,# WITH a Vision Disability,S1810_C02_029,2020-2024 American Community Survey 5-Year Estimates (S1810),True,False,False,False,True,standalone,NA,NA,NA,NA,,
pct_cni_total_vision_dis,Vision Disability,% WITH a Vision Disability,NA,2020-2024 American Community Survey 5-Year Estimates (S1810),True,False,False,False,True,standalone,Disability Type: Vision,"According to the U.S. Census Bureau, a vision disability is defined as being blind or having serious difficulty seeing, even when wearing glasses",NA,NA,"All of the state's civilian noninstitutionalized population (people not living in an institution such as a nursing home or prison, and not on active military duty). Percentages show the share of this group that reports blindness or serious difficulty seeing even with glasses.","Of the state's civilian noninstitutionalized population, the share who report blindness or serious difficulty seeing even when wearing glasses."
pop_cni_total_cognitive_dis,Cognitive Disability,# WITH a Cognitive Disability,S1810_C02_039,2020-2024 American Community Survey 5-Year Estimates (S1810),True,False,False,False,True,standalone,NA,NA,NA,NA,,
pct_cni_total_cognitive_dis,Cognitive Disability,% WITH a Cognitive Disability,NA,2020-2024 American Community Survey 5-Year Estimates (S1810),True,False,False,False,True,standalone,Disability Type: Cognitive,"According to the U.S. Census Bureau, a cognitive disability is defined as having difficulty remembering, concentrating, or making decisions because of a physical, mental, or emotional problem.",NA,NA,"The state's civilian noninstitutionalized population aged 5 and older (people not living in an institution such as a nursing home or prison, and not on active military duty). The Census Bureau does not measure cognitive disability for children under 5. Percentages show the share of this group that reports serious difficulty concentrating, remembering, or making decisions.","Of the state's civilian noninstitutionalized population aged 5 and older, the share who report serious difficulty concentrating, remembering, or making decisions because of a physical, mental, or emotional condition."
pop_cni_total_mobility_dis,Ambulatory,# WITH a Mobility Disability,S1810_C02_047,2020-2024 American Community Survey 5-Year Estimates (S1810),True,False,False,False,True,standalone,NA,NA,NA,NA,,
pct_cni_total_mobility_dis,Ambulatory,% WITH a Mobility Disability,NA,2020-2024 American Community Survey 5-Year Estimates (S1810),True,False,False,False,True,standalone,Disability Type: Mobility,"According to the U.S. Census Bureau, an ambulatory disability is defined as having serious difficulty walking or climbing stairs.",NA,NA,"The state's civilian noninstitutionalized population aged 5 and older (people not living in an institution such as a nursing home or prison, and not on active military duty). The Census Bureau does not measure ambulatory disability for children under 5. Percentages show the share of this group that reports serious difficulty walking or climbing stairs.","Of the state's civilian noninstitutionalized population aged 5 and older, the share who report serious difficulty walking or climbing stairs."
pop_cni_selfcare_dis,Self Care,# WITH a Self Care Disability,S1810_C02_055,2020-2024 American Community Survey 5-Year Estimates (S1810),True,False,False,False,True,standalone,NA,NA,NA,NA,,
pct_cni_selfcare_dis,Self Care,% WITH a Self Care Disability,NA,2020-2024 American Community Survey 5-Year Estimates (S1810),True,False,False,False,True,standalone,Disability Type: Self-Care,"According to the U.S. Census Bureau, a self-care disability is defined as having difficulty bathing or dressing.",NA,NA,"The state's civilian noninstitutionalized population aged 5 and older (people not living in an institution such as a nursing home or prison, and not on active military duty). The Census Bureau does not measure self-care disability for children under 5. Percentages show the share of this group that reports difficulty bathing or dressing.","Of the state's civilian noninstitutionalized population aged 5 and older, the share who report difficulty bathing or dressing."
pop_cni_indepliving_dis,Independent Living,# WITH an Independent Living Disability,S1810_C02_063,2020-2024 American Community Survey 5-Year Estimates (S1810),True,False,False,False,True,standalone,NA,NA,NA,NA,,
pct_cni_indepliving_dis,Independent Living,% WITH an Independent Living Disability,NA,2020-2024 American Community Survey 5-Year Estimates (S1810),True,False,False,False,True,standalone,Disability Type: Independent Living,"According to the U.S. Census Bureau, an independent living disability is defined as having difficulty doing errands alone such as visiting a doctor's office or shopping because of a physical, mental, or emotional problem.",NA,NA,"The state's civilian noninstitutionalized population aged 18 and older (people not living in an institution such as a nursing home or prison, and not on active military duty). The Census Bureau measures independent living disability only for adults. Percentages show the share of this group that reports difficulty doing errands alone, such as visiting a doctor's office or shopping.","Of the state's civilian noninstitutionalized population aged 18 and older, the share who report difficulty doing errands alone, such as visiting a doctor's office or shopping, because of a physical, mental, or emotional condition."
pop_cni_white_dis,White Alone,"# WITH a disability, White",S1810_C02_004,2020-2024 American Community Survey 5-Year Estimates (S1810),True,False,False,False,True,standalone,NA,NA,NA,NA,,
pop_cni_white_nodis,White Alone,"# WITHOUT a disability, White",NA,2020-2024 American Community Survey 5-Year Estimates (S1810),True,False,False,False,True,standalone,NA,NA,NA,NA,,
pct_cni_dis_white,White Alone,"% WITH Disabilities, White alone",NA,2020-2024 American Community Survey 5-Year Estimates (S1810),True,False,False,False,False,standalone,NA,"According to the U.S. Census Bureau, white is defined as a person having origins in any of the original peoples of Europe, the Middle East, or North Africa.",NA,NA,,"Of the state's civilian noninstitutionalized population with disabilities, the share who are White alone. (Race composition of the disability population.)"
pct_cni_white_and_dis,White Alone,"% of Population, White alone & Disabled",NA,2020-2024 American Community Survey 5-Year Estimates (S1810),True,False,False,False,False,standalone,NA,"According to the U.S. Census Bureau, white is defined as a person having origins in any of the original peoples of Europe, the Middle East, or North Africa.",NA,NA,"The state's civilian noninstitutionalized population (people not living in an institution such as a nursing home or prison, and not on active military duty), grouped by race and Hispanic origin as reported to the Census Bureau. Figures compare White-alone residents with and without disabilities and show what share of the White-alone population reports a disability.",
pct_cni_white_dis,White Alone,"% WITH a disability, White",NA,2020-2024 American Community Survey 5-Year Estimates (S1810),True,False,False,False,True,standalone,Race: White,"According to the U.S. Census Bureau, white is defined as a person having origins in any of the original peoples of Europe, the Middle East, or North Africa.",NA,NA,"The state's civilian noninstitutionalized population (people not living in an institution such as a nursing home or prison, and not on active military duty) who identify as White and no other race — what the Census Bureau labels ""White alone."" People who also report Hispanic or Latino origin are included. The map shows the share of this group that reports one or more of the six disability types the Census Bureau measures (hearing, vision, cognitive, ambulatory, self-care, or independent living). The table below splits the same group into those with and without a disability, as both counts and percentages.","Of the White-alone segment of the state's civilian noninstitutionalized population, the share who report one or more of the six disability types the Census Bureau measures (hearing, vision, cognitive, ambulatory, self-care, or independent living)."
pct_cni_white_nodis,White Alone,"% WITHOUT a disability, White",NA,2020-2024 American Community Survey 5-Year Estimates (S1810),True,False,False,False,True,standalone,NA,"According to the U.S. Census Bureau, white is defined as a person having origins in any of the original peoples of Europe, the Middle East, or North Africa.",NA,NA,,"Of the White-alone segment of the state's civilian noninstitutionalized population, the share who report none of the six disability types."
pop_cni_whitenonhisp_dis,Non-Hispanic White Alone,"# WITH a disability, White, Non-Hispanic",S1810_C02_011,2020-2024 American Community Survey 5-Year Estimates (S1810),True,False,False,False,True,standalone,NA,NA,NA,NA,,
pop_cni_whitenonhisp_nodis,Non-Hispanic White Alone,"# WITHOUT a disability, White, Non-Hispanic",NA,2020-2024 American Community Survey 5-Year Estimates (S1810),True,False,False,False,True,standalone,NA,NA,NA,NA,,
pct_cni_dis_whitenonhisp,Non-Hispanic White Alone,"% WITH Disabilities, White alone Non-Hispanic",NA,2020-2024 American Community Survey 5-Year Estimates (S1810),True,False,False,False,False,standalone,NA,"According to the U.S. Census Bureau, Hispanic or Latino is defined as a person of Cuban, Mexican, Puerto Rican, South or Central American, or other Spanish culture or origin regardless of race.",NA,NA,"The state's civilian noninstitutionalized population (people not living in an institution such as a nursing home or prison, and not on active military duty), grouped by race and Hispanic origin. Figures cover residents who are White alone and not Hispanic, comparing those with and without disabilities.","Of the state's civilian noninstitutionalized population with disabilities, the share who are White alone and not Hispanic."
pct_cni_whitenonhisp_dis,Non-Hispanic White Alone,"% WITH a disability, White, Non-Hispanic",NA,2020-2024 American Community Survey 5-Year Estimates (S1810),True,False,False,False,True,standalone,"Race: White, Non-Hispanic","According to the U.S. Census Bureau, Hispanic or Latino is defined as a person of Cuban, Mexican, Puerto Rican, South or Central American, or other Spanish culture or origin regardless of race.",NA,NA,"The state's civilian noninstitutionalized population (people not living in an institution such as a nursing home or prison, and not on active military duty) who identify as White and no other race and who do not report Hispanic or Latino origin — what the Census Bureau labels ""White alone, not Hispanic or Latino"". The map shows the share of this group that reports one or more of the six disability types the Census Bureau measures (hearing, vision, cognitive, ambulatory, self-care, or independent living). The table below splits the same group into those with and without a disability, as both counts and percentages.","Of the White-alone, non-Hispanic segment of the state's civilian noninstitutionalized population, the share who report one or more of the six disability types the Census Bureau measures (hearing, vision, cognitive, ambulatory, self-care, or independent living)."
pct_cni_whitenonhisp_nodis,Non-Hispanic White Alone,"% WITHOUT a disability, White, Non-Hispanic",NA,2020-2024 American Community Survey 5-Year Estimates (S1810),True,False,False,False,True,standalone,NA,"According to the U.S. Census Bureau, Hispanic or Latino is defined as a person of Cuban, Mexican, Puerto Rican, South or Central American, or other Spanish culture or origin regardless of race.",NA,NA,,"Of the White-alone, non-Hispanic segment of the state's civilian noninstitutionalized population, the share who report none of the six disability types."
pct_cni_whitenonhisp_and_dis,Non-Hispanic White Alone,"% of Population, White alone Non-Hispanic alone and Disabled",NA,2020-2024 American Community Survey 5-Year Estimates (S1810),True,False,False,False,False,standalone,NA,"According to the U.S. Census Bureau, Hispanic or Latino is defined as a person of Cuban, Mexican, Puerto Rican, South or Central American, or other Spanish culture or origin regardless of race.",NA,NA,,
pop_cni_black_dis,Black Alone,"# WITH a disability, Black",S1810_C02_005,2020-2024 American Community Survey 5-Year Estimates (S1810),True,False,False,False,True,standalone,NA,NA,NA,NA,,
pop_cni_black_nodis,Black Alone,"# WITHOUT a disability, Black",NA,2020-2024 American Community Survey 5-Year Estimates (S1810),True,False,False,False,True,standalone,NA,NA,NA,NA,,
pct_cni_dis_black,Black Alone,"% WITH Disabilities, Black alone",NA,2020-2024 American Community Survey 5-Year Estimates (S1810),True,False,False,False,False,standalone,NA,"According to the U.S. Census Bureau, Black or African American is defined as a person having origins in any of the Black racial groups of Africa.",NA,NA,"The state's civilian noninstitutionalized population (people not living in an institution such as a nursing home or prison, and not on active military duty), grouped by race and Hispanic origin. Figures compare Black-alone residents with and without disabilities and show what share of the Black-alone population reports a disability.","Of the state's civilian noninstitutionalized population with disabilities, the share who are Black alone."
pct_cni_black_dis,Black Alone,"% WITH a disability, Black",NA,2020-2024 American Community Survey 5-Year Estimates (S1810),True,False,False,False,True,standalone,Race: Black,"According to the U.S. Census Bureau, Black or African American is defined as a person having origins in any of the Black racial groups of Africa.",NA,NA,"The state's civilian noninstitutionalized population (people not living in an institution such as a nursing home or prison, and not on active military duty) who identify as Black or African American and no other race — what the Census Bureau labels ""Black or African American alone."" People who also report Hispanic or Latino origin are included. The map shows the share of this group that reports one or more of the six disability types the Census Bureau measures (hearing, vision, cognitive, ambulatory, self-care, or independent living). The table below splits the same group into those with and without a disability, as both counts and percentages.","Of the Black-alone segment of the state's civilian noninstitutionalized population, the share who report one or more of the six disability types the Census Bureau measures (hearing, vision, cognitive, ambulatory, self-care, or independent living)."
pct_cni_black_nodis,Black Alone,"% WITHOUT a disability, Black",NA,2020-2024 American Community Survey 5-Year Estimates (S1810),True,False,False,False,True,standalone,NA,"According to the U.S. Census Bureau, Black or African American is defined as a person having origins in any of the Black racial groups of Africa.",NA,NA,,"Of the Black-alone segment of the state's civilian noninstitutionalized population, the share who report none of the six disability types."
pct_cni_black_and_dis,Black Alone,"% of Population, Black alone and Disabled",NA,2020-2024 American Community Survey 5-Year Estimates (S1810),True,False,False,False,False,standalone,NA,"According to the U.S. Census Bureau, Black or African American is defined as a person having origins in any of the Black racial groups of Africa.",NA,NA,,
pop_cni_asian_dis,Asian,"# WITH a disability, Asian",NA,2020-2024 American Community Survey 5-Year Estimates (S1810),True,False,False,False,True,standalone,NA,NA,NA,NA,,
pop_cni_asian_nodis,Asian,"# WITHOUT a disability, Asian",NA,2020-2024 American Community Survey 5-Year Estimates (S1810),True,False,False,False,True,standalone,NA,NA,NA,NA,,
pct_cni_dis_asian,Asian,"% WITH Disabilities, Asian alone",S1810_C02_007,2020-2024 American Community Survey 5-Year Estimates (S1810),True,False,False,False,False,standalone,NA,"According to the U.S. Census Bureau, Asian is defined as, a person having origins in any of the original peoples of the Far East, Southeast Asia, or the Indian subcontinent including, for example, Cambodia, China, India, Japan, Korea, Malaysia, Pakistan, the Philippine Islands, Thailand, and Vietnam",NA,NA,"The state's civilian noninstitutionalized population (people not living in an institution such as a nursing home or prison, and not on active military duty), grouped by race and Hispanic origin. Figures compare Asian-alone residents with and without disabilities and show what share of the Asian-alone population reports a disability.","Of the state's civilian noninstitutionalized population with disabilities, the share who are Asian alone."
pct_cni_asian_dis,Asian,"% WITH a disability, Asian",S1810_C02_007,2020-2024 American Community Survey 5-Year Estimates (S1810),True,False,False,False,True,standalone,Race: Asian,"According to the U.S. Census Bureau, Asian is defined as, a person having origins in any of the original peoples of the Far East, Southeast Asia, or the Indian subcontinent including, for example, Cambodia, China, India, Japan, Korea, Malaysia, Pakistan, the Philippine Islands, Thailand, and Vietnam",NA,NA,"The state's civilian noninstitutionalized population (people not living in an institution such as a nursing home or prison, and not on active military duty) who identify as Asian and no other race — what the Census Bureau labels ""Asian alone."" People who also report Hispanic or Latino origin are included. The map shows the share of this group that reports one or more of the six disability types the Census Bureau measures (hearing, vision, cognitive, ambulatory, self-care, or independent living). The table below splits the same group into those with and without a disability, as both counts and percentages.","Of the Asian-alone segment of the state's civilian noninstitutionalized population, the share who report one or more of the six disability types the Census Bureau measures (hearing, vision, cognitive, ambulatory, self-care, or independent living)."
pct_cni_asian_nodis,Asian,"% WITHOUT a disability, Asian",NA,2020-2024 American Community Survey 5-Year Estimates (S1810),True,False,False,False,True,standalone,NA,"According to the U.S. Census Bureau, Asian is defined as, a person having origins in any of the original peoples of the Far East, Southeast Asia, or the Indian subcontinent including, for example, Cambodia, China, India, Japan, Korea, Malaysia, Pakistan, the Philippine Islands, Thailand, and Vietnam",NA,NA,,"Of the Asian-alone segment of the state's civilian noninstitutionalized population, the share who report none of the six disability types."
pct_cni_asian_and_dis,Asian,"% of Population, Asian alone and Disabled",S1810_C02_007,2020-2024 American Community Survey 5-Year Estimates (S1810),True,False,False,False,False,standalone,NA,"According to the U.S. Census Bureau, Asian is defined as, a person having origins in any of the original peoples of the Far East, Southeast Asia, or the Indian subcontinent including, for example, Cambodia, China, India, Japan, Korea, Malaysia, Pakistan, the Philippine Islands, Thailand, and Vietnam",NA,NA,,
pop_cni_nhopi_dis,Native Hawaiin,"# WITH a disability, Native Hawaiian or Other Pacific Islander",S1810_C02_008,2020-2024 American Community Survey 5-Year Estimates (S1810),True,False,False,False,True,standalone,NA,"According to the U.S. Census Bureau, other races include American Indian or Alaska Native, defined as A person having origins in any of the original peoples of North and South America (including Central America) and who maintains tribal affiliation or community attachment, and Native Hawaiian or Other Pacific Islander defined as a person having origins in any of the original peoples of Hawaii, Guam, Samoa, or other Pacific Islands.",NA,NA,"The state's civilian noninstitutionalized population (people not living in an institution such as a nursing home or prison, and not on active military duty), grouped by race and Hispanic origin. Figures cover residents who are Native Hawaiian or Other Pacific Islander alone. Counts for this group are small in most states and carry wide margins of error.",
pop_cni_nhopi_nodis,Native Hawaiin,"# WITHOUT a disability, Native Hawaiian or Other Pacific Islander",NA,2020-2024 American Community Survey 5-Year Estimates (S1810),True,False,False,False,True,standalone,NA,NA,NA,NA,,
pct_cni_dis_nhopi,Native Hawaiin,"% WITH Disabilities, Native Hawaiian or Other Pacific Islander alone",NA,2020-2024 American Community Survey 5-Year Estimates (S1810),True,False,False,False,False,standalone,NA,NA,NA,NA,,"Of the state's civilian noninstitutionalized population with disabilities, the share who are Native Hawaiian or Other Pacific Islander alone."
pct_cni_nhopi_dis,Native Hawaiin,"% WITH a disability, Native Hawaiian or Other Pacific Islander",NA,2020-2024 American Community Survey 5-Year Estimates (S1810),True,False,False,False,True,standalone,Race: Native Hawaiian or Other Pacific Islander,"According to the U.S. Census Bureau, Native Hawaiian or Other Pacific Islander is defined as a person having origins in any of the original peoples of Hawaii, Guam, Samoa, or other Pacific Islands.",NA,NA,"The state's civilian noninstitutionalized population (people not living in an institution such as a nursing home or prison, and not on active military duty) who identify as Native Hawaiian or Other Pacific Islander and no other race — what the Census Bureau labels ""Native Hawaiian and Other Pacific Islander alone."" People who also report Hispanic or Latino origin are included. Counts for this group are small in most states and carry wide margins of error. The map shows the share of this group that reports one or more of the six disability types the Census Bureau measures (hearing, vision, cognitive, ambulatory, self-care, or independent living). The table below splits the same group into those with and without a disability, as both counts and percentages.","Of the Native Hawaiian and Other Pacific Islander alone segment of the state's civilian noninstitutionalized population, the share who report one or more of the six disability types the Census Bureau measures (hearing, vision, cognitive, ambulatory, self-care, or independent living)."
pct_cni_nhopi_nodis,Native Hawaiin,"% WITHOUT a disability, Native Hawaiian or Other Pacific Islander",NA,2020-2024 American Community Survey 5-Year Estimates (S1810),True,False,False,False,True,standalone,NA,"According to the U.S. Census Bureau, Native Hawaiian or Other Pacific Islander is defined as a person having origins in any of the original peoples of Hawaii, Guam, Samoa, or other Pacific Islands.",NA,NA,,"Of the Native Hawaiian and Other Pacific Islander alone segment of the state's civilian noninstitutionalized population, the share who report none of the six disability types."
pct_cni_nhopi_and_dis,Native Hawaiin,"% of Population, Native Hawaiian or Other Pacific Islander and Disabled",NA,2020-2024 American Community Survey 5-Year Estimates (S1810),True,False,False,False,False,standalone,NA,NA,NA,NA,,
pop_cni_aian_dis,American Indian,"# WITH a disability, American Indian and Alaska Native",S1810_C02_006,2020-2024 American Community Survey 5-Year Estimates (S1810),True,False,False,False,True,standalone,NA,"According to the U.S. Census Bureau, other races include American Indian or Alaska Native, defined as A person having origins in any of the original peoples of North and South America (including Central America) and who maintains tribal affiliation or community attachment, and Native Hawaiian or Other Pacific Islander defined as a person having origins in any of the original peoples of Hawaii, Guam, Samoa, or other Pacific Islands.",NA,NA,"The state's civilian noninstitutionalized population (people not living in an institution such as a nursing home or prison, and not on active military duty), grouped by race and Hispanic origin. Figures cover residents who are American Indian and Alaska Native alone. Counts for this group are small in most states and carry wide margins of error.",
pop_cni_aian_nodis,American Indian,"# WITHOUT a disability, American Indian and Alaska Native",NA,2020-2024 American Community Survey 5-Year Estimates (S1810),True,False,False,False,True,standalone,NA,NA,NA,NA,,
pct_cni_dis_aian,American Indian,"% WITH Disabilities, American Indian and Alaskan Native alone",NA,2020-2024 American Community Survey 5-Year Estimates (S1810),True,False,False,False,False,standalone,NA,NA,NA,NA,,"Of the state's civilian noninstitutionalized population with disabilities, the share who are American Indian and Alaska Native alone."
pct_cni_aian_dis,American Indian,"% WITH a disability, American Indian and Alaska Native",NA,2020-2024 American Community Survey 5-Year Estimates (S1810),True,False,False,False,True,standalone,Race: American Indian and Alaska Native,"According to the U.S. Census Bureau, American Indian or Alaska Native is defined as a person having origins in any of the original peoples of North and South America (including Central America) and who maintains tribal affiliation or community attachment.",NA,NA,"The state's civilian noninstitutionalized population (people not living in an institution such as a nursing home or prison, and not on active military duty) who identify as American Indian and Alaska Native and no other race — what the Census Bureau labels ""American Indian and Alaska Native alone."" People who also report Hispanic or Latino origin are included. Counts for this group are small in most states and carry wide margins of error. The map shows the share of this group that reports one or more of the six disability types the Census Bureau measures (hearing, vision, cognitive, ambulatory, self-care, or independent living). The table below splits the same group into those with and without a disability, as both counts and percentages.","Of the American Indian and Alaska Native alone segment of the state's civilian noninstitutionalized population, the share who report one or more of the six disability types the Census Bureau measures (hearing, vision, cognitive, ambulatory, self-care, or independent living)."
pct_cni_aian_nodis,American Indian,"% WITHOUT a disability, American Indian and Alaska Native",NA,2020-2024 American Community Survey 5-Year Estimates (S1810),True,False,False,False,True,standalone,NA,"According to the U.S. Census Bureau, American Indian or Alaska Native is defined as a person having origins in any of the original peoples of North and South America (including Central America) and who maintains tribal affiliation or community attachment.",NA,NA,,"Of the American Indian and Alaska Native alone segment of the state's civilian noninstitutionalized population, the share who report none of the six disability types."
pct_cni_aian_and_dis,American Indian,"% of Population, American Indian or Alaskan Native alone and Disabled",NA,2020-2024 American Community Survey 5-Year Estimates (S1810),True,False,False,False,False,standalone,NA,NA,NA,NA,,
pop_cni_raceother_dis,Other Race,"# WITH a disability, Some Other Race",S1810_C02_009,2020-2024 American Community Survey 5-Year Estimates (S1810),True,False,False,False,True,standalone,NA,"According to the U.S. Census Bureau, Some Other Race includes responses not captured by the White, Black or African American, American Indian and Alaska Native, Asian, or Native Hawaiian and Other Pacific Islander categories. Respondents who report entries such as multiracial, mixed, or a Hispanic or Latino origin in the write-in area are counted here.",NA,NA,"The state's civilian noninstitutionalized population (people not living in an institution such as a nursing home or prison, and not on active military duty), grouped by race and Hispanic origin. Figures cover residents who reported some other single race.",
pop_cni_raceother_nodis,Other Race,"# WITHOUT a disability, Some Other Race",NA,2020-2024 American Community Survey 5-Year Estimates (S1810),True,False,False,False,True,standalone,NA,NA,NA,NA,,
pct_cni_dis_raceother,Other Race,"% WITH Disabilities, Some other race alone",NA,2020-2024 American Community Survey 5-Year Estimates (S1810),True,False,False,False,False,standalone,NA,"According to the U.S. Census Bureau, other races include American Indian or Alaska Native, defined as A person having origins in any of the original peoples of North and South America (including Central America) and who maintains tribal affiliation or community attachment, and Native Hawaiian or Other Pacific Islander defined as a person having origins in any of the original peoples of Hawaii, Guam, Samoa, or other Pacific Islands.",NA,NA,,"Of the state's civilian noninstitutionalized population with disabilities, the share who reported some other single race."
pct_cni_raceother_dis,Other Race,"% WITH a disability, Some Other Race",NA,2020-2024 American Community Survey 5-Year Estimates (S1810),True,False,False,False,True,standalone,Race: Other,"According to the U.S. Census Bureau, Some Other Race includes responses not captured by the White, Black or African American, American Indian and Alaska Native, Asian, or Native Hawaiian and Other Pacific Islander categories. Respondents who report entries such as multiracial, mixed, or a Hispanic or Latino origin in the write-in area are counted here.",NA,NA,"The state's civilian noninstitutionalized population (people not living in an institution such as a nursing home or prison, and not on active military duty) who reported some other single race, not one of the five race categories the Census Bureau lists separately — what the Census Bureau labels ""Some Other Race alone."" Most people in this group wrote in a Hispanic or Latino origin in the race question. The map shows the share of this group that reports one or more of the six disability types the Census Bureau measures (hearing, vision, cognitive, ambulatory, self-care, or independent living). The table below splits the same group into those with and without a disability, as both counts and percentages.","Of the some-other-race-alone segment of the state's civilian noninstitutionalized population, the share who report one or more of the six disability types the Census Bureau measures (hearing, vision, cognitive, ambulatory, self-care, or independent living)."
pct_cni_raceother_nodis,Other Race,"% WITHOUT a disability, Some Other Race",NA,2020-2024 American Community Survey 5-Year Estimates (S1810),True,False,False,False,True,standalone,NA,"According to the U.S. Census Bureau, Some Other Race includes responses not captured by the White, Black or African American, American Indian and Alaska Native, Asian, or Native Hawaiian and Other Pacific Islander categories. Respondents who report entries such as multiracial, mixed, or a Hispanic or Latino origin in the write-in area are counted here.",NA,NA,,"Of the some-other-race-alone segment of the state's civilian noninstitutionalized population, the share who report none of the six disability types."
pct_cni_raceother_and_dis,Other Race,"% of Population, Some other race alone and Disabled",NA,2020-2024 American Community Survey 5-Year Estimates (S1810),True,False,False,False,False,standalone,NA,"According to the U.S. Census Bureau, other races include American Indian or Alaska Native, defined as A person having origins in any of the original peoples of North and South America (including Central America) and who maintains tribal affiliation or community attachment, and Native Hawaiian or Other Pacific Islander defined as a person having origins in any of the original peoples of Hawaii, Guam, Samoa, or other Pacific Islands.",NA,NA,,
pop_cni_racemulti_dis,Multiple Races,"# WITH a disability, Two or More Races",NA,2020-2024 American Community Survey 5-Year Estimates (S1810),True,False,False,False,True,standalone,NA,NA,NA,NA,,
pop_cni_racemulti_nodis,Multiple Races,"# WITHOUT a disability, Two or More Races",NA,2020-2024 American Community Survey 5-Year Estimates (S1810),True,False,False,False,True,standalone,NA,NA,NA,NA,,
pct_cni_dis_racemulti,Multiple Races,"% WITH Disabilities, Two or more races",S1810_C02_010,2020-2024 American Community Survey 5-Year Estimates (S1810),True,False,False,False,False,standalone,NA,"According to the U.S. Census Bureau, People who identify with more than one race may choose to provide multiple races in response to the race question. For example, if a respondent identifies as ""Asian"" and ""White,"" they may respond to the question on race by checking the appropriate boxes that describe their racial identities and/or writing in these identities on the spaces provided",NA,NA,"The state's civilian noninstitutionalized population (people not living in an institution such as a nursing home or prison, and not on active military duty), grouped by race and Hispanic origin. Figures cover residents who reported two or more races.","Of the state's civilian noninstitutionalized population with disabilities, the share who reported two or more races."
pct_cni_racemulti_dis,Multiple Races,"% WITH a disability, Two or More Races",S1810_C02_010,2020-2024 American Community Survey 5-Year Estimates (S1810),True,False,False,False,True,standalone,Race: Two or More,"According to the U.S. Census Bureau, People who identify with more than one race may choose to provide multiple races in response to the race question. For example, if a respondent identifies as ""Asian"" and ""White,"" they may respond to the question on race by checking the appropriate boxes that describe their racial identities and/or writing in these identities on the spaces provided",NA,NA,"The state's civilian noninstitutionalized population (people not living in an institution such as a nursing home or prison, and not on active military duty) who reported two or more races. The map shows the share of this group that reports one or more of the six disability types the Census Bureau measures (hearing, vision, cognitive, ambulatory, self-care, or independent living). The table below splits the same group into those with and without a disability, as both counts and percentages.","Of the two-or-more-races segment of the state's civilian noninstitutionalized population, the share who report one or more of the six disability types the Census Bureau measures (hearing, vision, cognitive, ambulatory, self-care, or independent living)."
pct_cni_racemulti_nodis,Multiple Races,"% WITHOUT a disability, Two or More Races",NA,2020-2024 American Community Survey 5-Year Estimates (S1810),True,False,False,False,True,standalone,NA,"According to the U.S. Census Bureau, People who identify with more than one race may choose to provide multiple races in response to the race question. For example, if a respondent identifies as ""Asian"" and ""White,"" they may respond to the question on race by checking the appropriate boxes that describe their racial identities and/or writing in these identities on the spaces provided",NA,NA,,"Of the two-or-more-races segment of the state's civilian noninstitutionalized population, the share who report none of the six disability types."
pct_cni_racemulti_and_dis,Multiple Races,"% of Population, Two or more races and Disabled",S1810_C02_010,2020-2024 American Community Survey 5-Year Estimates (S1810),True,False,False,False,False,standalone,NA,"According to the U.S. Census Bureau, People who identify with more than one race may choose to provide multiple races in response to the race question. For example, if a respondent identifies as ""Asian"" and ""White,"" they may respond to the question on race by checking the appropriate boxes that describe their racial identities and/or writing in these identities on the spaces provided",NA,NA,,
pop_cni_hisp_dis,Hispanic,"# WITH a disability, Hispanic",S1810_C02_012,2020-2024 American Community Survey 5-Year Estimates (S1810),True,False,False,False,True,standalone,NA,NA,NA,NA,,
pop_cni_hisp_nodis,Hispanic,"# WITHOUT a disability, Hispanic",NA,2020-2024 American Community Survey 5-Year Estimates (S1810),True,False,False,False,True,standalone,NA,NA,NA,NA,,
pct_cni_dis_hisp,Hispanic,"% WITH Disabilities, Hispanic",NA,2020-2024 American Community Survey 5-Year Estimates (S1810),True,False,False,False,False,standalone,NA,"According to the U.S. Census Bureau, Hispanic or Latino is defined as a person of Cuban, Mexican, Puerto Rican, South or Central American, or other Spanish culture or origin regardless of race.",NA,NA,"The state's civilian noninstitutionalized population (people not living in an institution such as a nursing home or prison, and not on active military duty), grouped by Hispanic origin (of any race). Figures compare Hispanic residents with and without disabilities and show what share of the Hispanic population reports a disability.","Of the state's civilian noninstitutionalized population with disabilities, the share who are Hispanic (of any race)."
pct_cni_hisp_dis,Hispanic,"% WITH a disability, Hispanic",NA,2020-2024 American Community Survey 5-Year Estimates (S1810),True,False,False,False,True,standalone,Ethnicity: Hispanic,"According to the U.S. Census Bureau, Hispanic or Latino is defined as a person of Cuban, Mexican, Puerto Rican, South or Central American, or other Spanish culture or origin regardless of race.",NA,NA,"The state's civilian noninstitutionalized population (people not living in an institution such as a nursing home or prison, and not on active military duty) who are of Hispanic or Latino origin, of any race. The map shows the share of this group that reports one or more of the six disability types the Census Bureau measures (hearing, vision, cognitive, ambulatory, self-care, or independent living). The table below splits the same group into those with and without a disability, as both counts and percentages.","Of the Hispanic segment of the state's civilian noninstitutionalized population, the share who report one or more of the six disability types the Census Bureau measures (hearing, vision, cognitive, ambulatory, self-care, or independent living)."
pct_cni_hisp_nodis,Hispanic,"% WITHOUT a disability, Hispanic",NA,2020-2024 American Community Survey 5-Year Estimates (S1810),True,False,False,False,True,standalone,NA,"According to the U.S. Census Bureau, Hispanic or Latino is defined as a person of Cuban, Mexican, Puerto Rican, South or Central American, or other Spanish culture or origin regardless of race.",NA,NA,,"Of the Hispanic segment of the state's civilian noninstitutionalized population, the share who report none of the six disability types."
pct_cni_hisp_and_dis,Hispanic,"% of Population, Hispanic and Disabled",NA,2020-2024 American Community Survey 5-Year Estimates (S1810),True,False,False,False,False,standalone,NA,"According to the U.S. Census Bureau, Hispanic or Latino is defined as a person of Cuban, Mexican, Puerto Rican, South or Central American, or other Spanish culture or origin regardless of race.",NA,NA,,
pop_cni_18to34_all,Age 18-34,"Population, Age 18 - 34",S1810_C01_015,2020-2024 American Community Survey 5-Year Estimates (S1810),True,False,False,False,False,standalone,NA,NA,NA,NA,,
pop_cni_35to64_all,Age 35-64,"Population, Age 35 - 64",S1810_C01_016,2020-2024 American Community Survey 5-Year Estimates (S1810),True,False,False,False,False,standalone,NA,NA,NA,NA,,
pop_cni_under5_dis,Age Under 5,"# WITH a disability, Age Under 5",S1810_C02_013,2020-2024 American Community Survey 5-Year Estimates (S1810),True,False,False,False,True,standalone,NA,NA,NA,NA,,
pop_cni_under5_nodis,Age Under 5,"# WITHOUT a disability, Age Under 5",NA,2020-2024 American Community Survey 5-Year Estimates (S1810),True,False,False,False,True,standalone,NA,NA,NA,NA,,
pct_cni_under5_dis,Age Under 5,"% WITH a disability, Age Under 5",NA,2020-2024 American Community Survey 5-Year Estimates (S1810),True,False,False,False,True,standalone,Age: Under 5,"People under 5 years old. The Census Bureau asks only about hearing and vision difficulty at this age, so this disability rate runs far below the older age groups and is not comparable to them.",NA,NA,"The state's civilian noninstitutionalized population (people not living in an institution such as a nursing home or prison, and not on active military duty) who are under 5 years old. For children this young the Census Bureau asks only about hearing and vision difficulty — two of the six disability types it measures — so this rate runs far below the older age groups and should not be compared with them. The map shows the share of this age group that reports a hearing or vision difficulty. The table below splits the same age group into those with and without a disability, as both counts and percentages.","Of the under-5 segment of the state's civilian noninstitutionalized population, the share who report a hearing or vision difficulty (the only two of the six disability types the Census Bureau measures at this age)."
pct_cni_under5_nodis,Age Under 5,"% WITHOUT a disability, Age Under 5",NA,2020-2024 American Community Survey 5-Year Estimates (S1810),True,False,False,False,True,standalone,NA,"People under 5 years old. The Census Bureau asks only about hearing and vision difficulty at this age, so this disability rate runs far below the older age groups and is not comparable to them.",NA,NA,,"Of the under-5 segment of the state's civilian noninstitutionalized population, the share who report neither a hearing nor a vision difficulty."
pop_cni_5to17_dis,Age 5-17,"# WITH a disability, Age 5-17",S1810_C02_014,2020-2024 American Community Survey 5-Year Estimates (S1810),True,False,False,False,True,standalone,NA,NA,NA,NA,,
pop_cni_5to17_nodis,Age 5-17,"# WITHOUT a disability, Age 5-17",NA,2020-2024 American Community Survey 5-Year Estimates (S1810),True,False,False,False,True,standalone,NA,NA,NA,NA,,
pct_cni_5to17_dis,Age 5-17,"% WITH a disability, Age 5-17",NA,2020-2024 American Community Survey 5-Year Estimates (S1810),True,False,False,False,True,standalone,Age: 5-17,People ages 5 to 17.,NA,NA,"The state's civilian noninstitutionalized population (people not living in an institution such as a nursing home or prison, and not on active military duty) who are ages 5 to 17. The map shows the share of this age group that reports one or more of the six disability types the Census Bureau measures (hearing, vision, cognitive, ambulatory, self-care, or independent living). The table below splits the same age group into those with and without a disability, as both counts and percentages.","Of the ages 5 to 17 segment of the state's civilian noninstitutionalized population, the share who report one or more of the six disability types the Census Bureau measures (hearing, vision, cognitive, ambulatory, self-care, or independent living)."
pct_cni_5to17_nodis,Age 5-17,"% WITHOUT a disability, Age 5-17",NA,2020-2024 American Community Survey 5-Year Estimates (S1810),True,False,False,False,True,standalone,NA,People ages 5 to 17.,NA,NA,,"Of the ages 5 to 17 segment of the state's civilian noninstitutionalized population, the share who report none of the six disability types."
pop_cni_18to34_dis,Age 18-34,"# WITH a disability, Age 18-34",S1810_C02_015,2020-2024 American Community Survey 5-Year Estimates (S1810),True,False,False,False,True,standalone,NA,NA,NA,NA,,
pop_cni_18to34_nodis,Age 18-34,"# WITHOUT a disability, Age 18-34",NA,2020-2024 American Community Survey 5-Year Estimates (S1810),True,False,False,False,True,standalone,NA,NA,NA,NA,,
pct_cni_18to34_dis,Age 18-34,"% WITH a disability, Age 18-34",NA,2020-2024 American Community Survey 5-Year Estimates (S1810),True,False,False,False,True,standalone,Age: 18-34,People ages 18 to 34.,NA,NA,"The state's civilian noninstitutionalized population (people not living in an institution such as a nursing home or prison, and not on active military duty) who are ages 18 to 34. The map shows the share of this age group that reports one or more of the six disability types the Census Bureau measures (hearing, vision, cognitive, ambulatory, self-care, or independent living). The table below splits the same age group into those with and without a disability, as both counts and percentages.","Of the ages 18 to 34 segment of the state's civilian noninstitutionalized population, the share who report one or more of the six disability types the Census Bureau measures (hearing, vision, cognitive, ambulatory, self-care, or independent living)."
pct_cni_18to34_nodis,Age 18-34,"% WITHOUT a disability, Age 18-34",NA,2020-2024 American Community Survey 5-Year Estimates (S1810),True,False,False,False,True,standalone,NA,People ages 18 to 34.,NA,NA,,"Of the ages 18 to 34 segment of the state's civilian noninstitutionalized population, the share who report none of the six disability types."
pop_cni_35to64_dis,Age 35-64,"# WITH a disability, Age 35-64",S1810_C02_016,2020-2024 American Community Survey 5-Year Estimates (S1810),True,False,False,False,True,standalone,NA,NA,NA,NA,,
pop_cni_35to64_nodis,Age 35-64,"# WITHOUT a disability, Age 35-64",NA,2020-2024 American Community Survey 5-Year Estimates (S1810),True,False,False,False,True,standalone,NA,NA,NA,NA,,
pct_cni_35to64_dis,Age 35-64,"% WITH a disability, Age 35-64",NA,2020-2024 American Community Survey 5-Year Estimates (S1810),True,False,False,False,True,standalone,Age: 35-64,People ages 35 to 64.,NA,NA,"The state's civilian noninstitutionalized population (people not living in an institution such as a nursing home or prison, and not on active military duty) who are ages 35 to 64. The map shows the share of this age group that reports one or more of the six disability types the Census Bureau measures (hearing, vision, cognitive, ambulatory, self-care, or independent living). The table below splits the same age group into those with and without a disability, as both counts and percentages.","Of the ages 35 to 64 segment of the state's civilian noninstitutionalized population, the share who report one or more of the six disability types the Census Bureau measures (hearing, vision, cognitive, ambulatory, self-care, or independent living)."
pct_cni_35to64_nodis,Age 35-64,"% WITHOUT a disability, Age 35-64",NA,2020-2024 American Community Survey 5-Year Estimates (S1810),True,False,False,False,True,standalone,NA,People ages 35 to 64.,NA,NA,,"Of the ages 35 to 64 segment of the state's civilian noninstitutionalized population, the share who report none of the six disability types."
pop_cni_18to64_dis,Age 18-64,"# WITH a disability, Age 18-64",NA,2020-2024 American Community Survey 5-Year Estimates (S1810),True,False,False,False,True,standalone,NA,NA,NA,NA,,
pop_cni_18to64_nodis,Age 18-64,"# WITHOUT a disability, Age 18-64",NA,2020-2024 American Community Survey 5-Year Estimates (S1810),True,False,False,False,True,standalone,NA,NA,NA,NA,,
pct_cni_dis_18to64,Age 18-64,"% of Disabled Population, Age 18 - 64",NA,2020-2024 American Community Survey 5-Year Estimates (S1810),True,False,False,False,False,standalone,NA,NA,NA,NA,"The state's civilian noninstitutionalized population (people not living in an institution such as a nursing home or prison, and not on active military duty), grouped by age. Figures show how the population with disabilities breaks out by age and what share of the 18-to-64 age group reports a disability.","Of the state's civilian noninstitutionalized population with disabilities, the share who are ages 18 to 64."
pct_cni_18to64_dis,Age 18-64,"% WITH a disability, Age 18-64",NA,2020-2024 American Community Survey 5-Year Estimates (S1810),True,False,False,False,True,standalone,Age: 18-64,"Working-age adults, ages 18 to 64 (the Census Bureau's 18-to-34 and 35-to-64 bands combined).",NA,NA,"The state's civilian noninstitutionalized population (people not living in an institution such as a nursing home or prison, and not on active military duty) who are ages 18 to 64. The map shows the share of this age group that reports one or more of the six disability types the Census Bureau measures (hearing, vision, cognitive, ambulatory, self-care, or independent living). The table below splits the same age group into those with and without a disability, as both counts and percentages.","Of the ages 18 to 64 segment of the state's civilian noninstitutionalized population, the share who report one or more of the six disability types the Census Bureau measures (hearing, vision, cognitive, ambulatory, self-care, or independent living)."
pct_cni_18to64_nodis,Age 18-64,"% WITHOUT a disability, Age 18-64",NA,2020-2024 American Community Survey 5-Year Estimates (S1810),True,False,False,False,True,standalone,NA,"Working-age adults, ages 18 to 64 (the Census Bureau's 18-to-34 and 35-to-64 bands combined).",NA,NA,,"Of the ages 18 to 64 segment of the state's civilian noninstitutionalized population, the share who report none of the six disability types."
pct_18to64_and_dis,Age 18-64,"% of Population, Age 18 - 64 and Disabled",NA,2020-2024 American Community Survey 5-Year Estimates (S1810),True,False,False,False,False,standalone,,NA,NA,NA,,
pop_cni_65to74_all,Age 65-74,"Population, Age 65 - 74",S1810_C01_017,2020-2024 American Community Survey 5-Year Estimates (S1810),True,False,False,False,False,standalone,NA,NA,NA,NA,,
pop_cni_75plus_all,Age 75+,"Population, Age 75 or Older",S1810_C01_018,2020-2024 American Community Survey 5-Year Estimates (S1810),True,False,False,False,False,standalone,NA,NA,NA,NA,,
pop_cni_65to74_dis,Age 65-74,"# WITH a disability, Age 65-74",S1810_C02_017,2020-2024 American Community Survey 5-Year Estimates (S1810),True,False,False,False,True,standalone,NA,NA,NA,NA,,
pop_cni_65to74_nodis,Age 65-74,"# WITHOUT a disability, Age 65-74",NA,2020-2024 American Community Survey 5-Year Estimates (S1810),True,False,False,False,True,standalone,NA,NA,NA,NA,,
pct_cni_65to74_dis,Age 65-74,"% WITH a disability, Age 65-74",NA,2020-2024 American Community Survey 5-Year Estimates (S1810),True,False,False,False,True,standalone,Age: 65-74,People ages 65 to 74.,NA,NA,"The state's civilian noninstitutionalized population (people not living in an institution such as a nursing home or prison, and not on active military duty) who are ages 65 to 74. The map shows the share of this age group that reports one or more of the six disability types the Census Bureau measures (hearing, vision, cognitive, ambulatory, self-care, or independent living). The table below splits the same age group into those with and without a disability, as both counts and percentages.","Of the ages 65 to 74 segment of the state's civilian noninstitutionalized population, the share who report one or more of the six disability types the Census Bureau measures (hearing, vision, cognitive, ambulatory, self-care, or independent living)."
pct_cni_65to74_nodis,Age 65-74,"% WITHOUT a disability, Age 65-74",NA,2020-2024 American Community Survey 5-Year Estimates (S1810),True,False,False,False,True,standalone,NA,People ages 65 to 74.,NA,NA,,"Of the ages 65 to 74 segment of the state's civilian noninstitutionalized population, the share who report none of the six disability types."
pop_cni_75plus_dis,Age 75+,"# WITH a disability, Age 75 or Older",S1810_C02_018,2020-2024 American Community Survey 5-Year Estimates (S1810),True,False,False,False,True,standalone,NA,NA,NA,NA,,
pop_cni_75plus_nodis,Age 75+,"# WITHOUT a disability, Age 75 or Older",NA,2020-2024 American Community Survey 5-Year Estimates (S1810),True,False,False,False,True,standalone,NA,NA,NA,NA,,
pct_cni_75plus_dis,Age 75+,"% WITH a disability, Age 75 or Older",NA,2020-2024 American Community Survey 5-Year Estimates (S1810),True,False,False,False,True,standalone,Age: 75+,People ages 75 and older.,NA,NA,"The state's civilian noninstitutionalized population (people not living in an institution such as a nursing home or prison, and not on active military duty) who are ages 75 and older. The map shows the share of this age group that reports one or more of the six disability types the Census Bureau measures (hearing, vision, cognitive, ambulatory, self-care, or independent living). The table below splits the same age group into those with and without a disability, as both counts and percentages.","Of the ages 75 and older segment of the state's civilian noninstitutionalized population, the share who report one or more of the six disability types the Census Bureau measures (hearing, vision, cognitive, ambulatory, self-care, or independent living)."
pct_cni_75plus_nodis,Age 75+,"% WITHOUT a disability, Age 75 or Older",NA,2020-2024 American Community Survey 5-Year Estimates (S1810),True,False,False,False,True,standalone,NA,People ages 75 and older.,NA,NA,,"Of the ages 75 and older segment of the state's civilian noninstitutionalized population, the share who report none of the six disability types."
pop_cni_65plus_dis,Age 65+,"# WITH a disability, Age 65 or Older",NA,2020-2024 American Community Survey 5-Year Estimates (S1810),True,False,False,False,True,standalone,NA,NA,NA,NA,,
pop_cni_65plus_nodis,Age 65+,"# WITHOUT a disability, Age 65 or Older",NA,2020-2024 American Community Survey 5-Year Estimates (S1810),True,False,False,False,True,standalone,NA,NA,NA,NA,,
pct_cni_dis_65plus,Age 65+,% of Disabled Population That is Age 65+,NA,2020-2024 American Community Survey 5-Year Estimates (S1810),True,False,False,False,False,standalone,NA,NA,NA,NA,"The state's civilian noninstitutionalized population (people not living in an institution such as a nursing home or prison, and not on active military duty), grouped by age. Figures show how the population with disabilities breaks out by age and what share of people 65 and older report a disability.","Of the state's civilian noninstitutionalized population with disabilities, the share who are ages 65 and older."
pct_cni_65plus_dis,Age 65+,"% WITH a disability, Age 65 or Older",NA,2020-2024 American Community Survey 5-Year Estimates (S1810),True,False,False,False,True,standalone,Age: 65+,"Older adults, ages 65 and older (the Census Bureau's 65-to-74 and 75-and-older bands combined).",NA,NA,"The state's civilian noninstitutionalized population (people not living in an institution such as a nursing home or prison, and not on active military duty) who are ages 65 and older. The map shows the share of this age group that reports one or more of the six disability types the Census Bureau measures (hearing, vision, cognitive, ambulatory, self-care, or independent living). The table below splits the same age group into those with and without a disability, as both counts and percentages.","Of the ages 65 and older segment of the state's civilian noninstitutionalized population, the share who report one or more of the six disability types the Census Bureau measures (hearing, vision, cognitive, ambulatory, self-care, or independent living)."
pct_cni_65plus_nodis,Age 65+,"% WITHOUT a disability, Age 65 or Older",NA,2020-2024 American Community Survey 5-Year Estimates (S1810),True,False,False,False,True,standalone,NA,"Older adults, ages 65 and older (the Census Bureau's 65-to-74 and 75-and-older bands combined).",NA,NA,,"Of the ages 65 and older segment of the state's civilian noninstitutionalized population, the share who report none of the six disability types."
pct_cni_65plus_and_dis,Age 65+,"% of Population, Age 65 + and Disabled",NA,2020-2024 American Community Survey 5-Year Estimates (S1810),True,False,False,False,False,standalone,,NA,NA,NA,,
pop_cni_female_all,Sex Female,"Population, Female",S1810_C01_003,2020-2024 American Community Survey 5-Year Estimates (S1810),True,False,False,False,False,standalone,NA,NA,NA,NA,,
pop_cni_female_dis,Sex Female,"# WITH a disability, Female",S1810_C02_003,2020-2024 American Community Survey 5-Year Estimates (S1810),True,False,False,False,True,standalone,NA,NA,NA,NA,,
pop_cni_female_nodis,Sex Female,"# WITHOUT a disability, Female",NA,2020-2024 American Community Survey 5-Year Estimates (S1810),True,False,False,False,True,standalone,NA,NA,NA,NA,,
pct_cni_female_dis,Sex Female,"% WITH a disability, Female",NA,2020-2024 American Community Survey 5-Year Estimates (S1810),True,False,False,False,True,standalone,Sex: Female,"According to the U.S. Census, biological sex is defined as female or male.",NA,NA,"The state's civilian noninstitutionalized population (people not living in an institution such as a nursing home or prison, and not on active military duty) whom the Census Bureau records as female. The map shows the share of this group that reports one or more of the six disability types the Census Bureau measures (hearing, vision, cognitive, ambulatory, self-care, or independent living). The table below splits the same group into those with and without a disability, as both counts and percentages.","Of the female segment of the state's civilian noninstitutionalized population, the share who report one or more of the six disability types the Census Bureau measures (hearing, vision, cognitive, ambulatory, self-care, or independent living)."
pct_cni_female_nodis,Sex Female,"% WITHOUT a disability, Female",NA,2020-2024 American Community Survey 5-Year Estimates (S1810),True,False,False,False,True,standalone,NA,"According to the U.S. Census, biological sex is defined as female or male.",NA,NA,,"Of the female segment of the state's civilian noninstitutionalized population, the share who report none of the six disability types."
pct_cni_dis_female,Sex Female,"% of Disabled Population, Female",NA,2020-2024 American Community Survey 5-Year Estimates (S1810),True,False,False,False,False,standalone,NA,NA,NA,NA,,"Of the state's civilian noninstitutionalized population with disabilities, the share who are female."
pct_cni_female_and_dis,Sex Female,"% of Population, Female and Disabled",NA,2020-2024 American Community Survey 5-Year Estimates (S1810),True,False,False,False,False,standalone,NA,NA,NA,NA,,
pop_cni_male_all,Sex Male,"Population, Male",S1810_C01_002,2020-2024 American Community Survey 5-Year Estimates (S1810),True,False,False,False,False,standalone,NA,NA,NA,NA,,
pop_cni_male_dis,Sex Male,"# WITH a disability, Male",S1810_C02_002,2020-2024 American Community Survey 5-Year Estimates (S1810),True,False,False,False,True,standalone,NA,NA,NA,NA,,
pop_cni_male_nodis,Sex Male,"# WITHOUT a disability, Male",NA,2020-2024 American Community Survey 5-Year Estimates (S1810),True,False,False,False,True,standalone,NA,NA,NA,NA,,
pct_cni_male_dis,Sex Male,"% WITH a disability, Male",NA,2020-2024 American Community Survey 5-Year Estimates (S1810),True,False,False,False,True,standalone,Sex: Male,"According to the U.S. Census, biological sex is defined as female or male.",NA,NA,"The state's civilian noninstitutionalized population (people not living in an institution such as a nursing home or prison, and not on active military duty) whom the Census Bureau records as male. The map shows the share of this group that reports one or more of the six disability types the Census Bureau measures (hearing, vision, cognitive, ambulatory, self-care, or independent living). The table below splits the same group into those with and without a disability, as both counts and percentages.","Of the male segment of the state's civilian noninstitutionalized population, the share who report one or more of the six disability types the Census Bureau measures (hearing, vision, cognitive, ambulatory, self-care, or independent living)."
pct_cni_male_nodis,Sex Male,"% WITHOUT a disability, Male",NA,2020-2024 American Community Survey 5-Year Estimates (S1810),True,False,False,False,True,standalone,NA,"According to the U.S. Census, biological sex is defined as female or male.",NA,NA,,"Of the male segment of the state's civilian noninstitutionalized population, the share who report none of the six disability types."
pct_cni_dis_male,Sex Male,"% of Disabled Population, Male",NA,2020-2024 American Community Survey 5-Year Estimates (S1810),True,False,False,False,False,standalone,NA,NA,NA,NA,,"Of the state's civilian noninstitutionalized population with disabilities, the share who are male."
pct_cni_male_and_dis,Sex Male,"% of Population, Male and Disabled",NA,2020-2024 American Community Survey 5-Year Estimates (S1810),True,False,False,False,False,standalone,NA,NA,NA,NA,,
pop_grp_total_all,Overview,Population,S2601A_C01_001,2020-2024 American Community Survey 5-Year Estimates (S2601A),False,True,False,False,False,standalone,NA,"The U.S. Census Bureau universe for reporting Community Living data (such as group quarters) is the noninstitutional and institutional populations, which includes persons who are inmates of institutions (e.g., penal and mental facilities, homes for the aged), and who are on active duty in the Armed Forces.",NA,NA,,
pop_grp_total_dis,Overview,WITH Disabilities,NA,2020-2024 American Community Survey 5-Year Estimates (S2601A),False,True,False,False,False,standalone,NA,NA,NA,NA,,
pct_grp_total_dis,Overview,% WITH Disabilities,S2601A_C01_047,2020-2024 American Community Survey 5-Year Estimates (S2601A),False,True,False,False,True,standalone,NA,"According to the U.S. Census Bureau, a person is considered to have a disability if they report one of six disability types (hearing, vision, cognitive, ambulatory, self-care, or independent living).",NA,NA,,"Of the state's total population living in group quarters (such as nursing homes, correctional facilities, and group homes), the share who report a disability."
pop_grp_home_dis,Living at Home,"# WITH Disabilities, Living at Home",NA,2020-2024 American Community Survey 5-Year Estimates (S2601A/B26108),False,True,False,False,True,comp,NA,"According to the U.S. Census, people living at home includes people living in the community alone or with their families.",NA,pos,,
pct_grp_dis_home,Living at Home,"% WITH Disabilities, Living at Home",NA,2020-2024 American Community Survey 5-Year Estimates (S2601A/B26108),False,True,False,False,True,standalone,Living in Community: Home,"According to the U.S. Census, people living at home includes people living in the community alone or with their families.",NA,pos,"The state's entire resident population — people living in ordinary households plus people living in group quarters. ""Living at home"" means living in a household rather than in any form of group quarters. Figures compare people with and without disabilities.","Of the state's population with disabilities (household and group-quarters residents combined), the share living in a household rather than in group quarters."
pop_grp_home_nodis,Living at Home,"# WITHOUT Disabilities, Living at Home",NA,2020-2024 American Community Survey 5-Year Estimates (S2601A/B26108),False,True,False,False,True,standalone,NA,NA,NA,pos,,
pct_grp_nodis_home,Living at Home,"% WITHOUT Disabilities, Living at Home",NA,2020-2024 American Community Survey 5-Year Estimates (S2601A/B26108),False,True,False,False,True,standalone,NA,NA,NA,pos,,"Of the state's population without disabilities, the share living in a household rather than in group quarters."
pop_grpquarters,Living in Group Quarters,"Population, Living in Group Quarters",S2601A_C02_001,2020-2024 American Community Survey 5-Year Estimates (S2601A),False,True,False,False,False,comp,NA,NA,NA,NA,,
pop_grp_groupquarters_total_dis,Living in Group Quarters,"WITH Disabilities, Living in Group Quarters",NA,2020-2024 American Community Survey 5-Year Estimates (S2601A/B26108),False,True,False,False,False,story,NA,NA,NA,neg,,
pct_grp_groupquarters_total_dis,Living in Group Quarters,% WITH Disabilities Living in Group Quarters,S2601A_C02_047,2020-2024 American Community Survey 5-Year Estimates (S2601A),False,True,False,False,True,standalone,NA,NA,NA,neg,,
pop_grp_groupquarters_total_nodis,Living in Group Quarters,"# WITHOUT Disabilities, Living in Group Quarters",NA,2020-2024 American Community Survey 5-Year Estimates (S2601A/B26108),False,True,False,False,True,standalone,NA,NA,NA,neg,,
pop_grp_noninstgroupquarters_total_all,Living in Non-Institutionalized Group Quarters,"Population Living in Group Quarters, Community",S2601A_C04_001,2020-2024 American Community Survey 5-Year Estimates (S2601A),False,True,False,False,False,story,NA,NA,NA,pos,,
pop_grp_noninstgroupquarters_total_dis,Living in Non-Institutionalized Group Quarters,# WITH Disablities Living in Community - Non- Institutionalized Group Quarters,NA,2020-2024 American Community Survey 5-Year Estimates (S2601A/B26108),False,True,False,False,True,story,NA,"According to the U.S. Census, people living in the community in group quarters include residences like group homes, missions or shelters",NA,pos,,
pct_grp_dis_noninstgroupquarters,Living in Non-Institutionalized Group Quarters,% WITH Disabilities Living in Community - Non-Institutionalized Group Quarters,NA,2020-2024 American Community Survey 5-Year Estimates (S2601A/B26108),False,True,False,False,True,standalone,Living in Community: Non-Institutionalized Groupquarters,"According to the U.S. Census, people living in the community in group quarters include residences like group homes, missions or shelters",NA,pos,"The state's entire resident population. This topic isolates people living in non-institutional group quarters — settings such as group homes, shelters, and college or military housing. Figures compare residents with and without disabilities.","Of the state's population with disabilities, the share living in non-institutional group quarters such as group homes, shelters, or college or military housing."
pop_grp_noninstgroupquarters_total_nodis,Living in Non-Institutionalized Group Quarters,"# WITHOUT Disablities, Living in Community - Non-Institutionalized Group Quarters",NA,2020-2024 American Community Survey 5-Year Estimates (S2601A/B26108),False,True,False,False,True,standalone,NA,"According to the U.S. Census, people living in the community in group quarters include residences like group homes, missions or shelters",NA,pos,,
pct_grp_nodis_noninstgroupquarters,Living in Non-Institutionalized Group Quarters,"% WITHOUT Disabilities, Living in Community - Non-Institutionalized Group Quarters",NA,2020-2024 American Community Survey 5-Year Estimates (S2601A/B26108),False,True,False,False,True,standalone,NA,"According to the U.S. Census, people living in the community in group quarters include residences like group homes, missions or shelters",NA,pos,,"Of the state's population without disabilities, the share living in non-institutional group quarters such as group homes, shelters, or college or military housing."
pct_grp_noninstgroupquarters_total_dis,Living in Non-Institutionalized Group Quarters,"% Living in Community - Non-Institutionalized Group Quarters, Disabled",S2601A_C04_047,2020-2024 American Community Survey 5-Year Estimates (S2601A),False,True,False,False,False,story,NA,NA,NA,pos,,
pct_grp_noninstgroupquarters_total_nodis,Living in Non-Institutionalized Group Quarters,"% Living in Community - Non-Institutionalized Group Quarters, Not Disabled",NA,2020-2024 American Community Survey 5-Year Estimates (S2601A/B26108),False,True,False,False,False,story,NA,NA,NA,pos,,
pop_grp_instgroupquarters_total_all,Living in Institutionalized Group Quarters,"Population Living in Group Quarters, Institutionalized",S2601A_C03_001,2020-2024 American Community Survey 5-Year Estimates (S2601A),False,True,False,False,False,comp,NA,NA,NA,neg,,
pop_grp_instgroupquarters_total_dis,Living in Institutionalized Group Quarters,"# WITH Disabilities Living in Group Quarters, Institutionalized",NA,2020-2024 American Community Survey 5-Year Estimates (S2601A/B26108),False,True,False,False,True,story,NA,"According to the U.S. Census, institutional living includes correctional facilities, nursing homes and mental hospitals.",NA,neg,,
,Living in Institutionalized Group Quarters,"% WITH Disabilities Living in Group Quarters, Institutionalized",NA,2020-2024 American Community Survey 5-Year Estimates (S2601A/B26108),False,True,False,False,True,story,NA,"According to the U.S. Census, institutional living includes correctional facilities, nursing homes and mental hospitals.",NA,neg,,
,Living in Institutionalized Group Quarters,"% Living in Group Quarters, Institutionalized, with Disabilities",S2601A_C03_047,2020-2024 American Community Survey 5-Year Estimates (S2601A/B26108),False,True,False,False,False,story,NA,NA,NA,neg,,
pop_grp_nursing_total_all,Living in Nursing Home,Population Living in Nursing Homes,S2602_C04_001,2020-2024 American Community Survey 5-Year Estimates (S2602),False,True,False,False,False,comp,NA,NA,NA,neg,,
pop_grp_nursing_18to64_all,Living in Nursing Home Age 18-64,"Population Living in Nursing Homes, Age 18 - 64",S2602_C01_047,2020-2024 American Community Survey 5-Year Estimates (S2602),False,True,False,False,False,story,NA,NA,NA,neg,,
pop_grp_18to64_dis,Living in Nursing Home Age 18-64,"# WITH Disabilities, Age 18 - 64",NA,2020-2024 American Community Survey 5-Year Estimates (S1810),False,True,False,False,False,story,NA,NA,NA,NA,,
pct_cni_18to64_dis,Living in Nursing Home Age 18-64,"% WITH Disabilities, Age 18 - 64",S2602_C01_048,2020-2024 American Community Survey 5-Year Estimates (S2602),False,True,False,False,False,story,NA,NA,NA,NA,,"Of the ages-18-to-64 segment of the state's civilian noninstitutionalized population, the share who report a disability."
pop_grp_nursing_18to64_dis,Living in Nursing Home Age 18-64,"# WITH Disabilities Age 18 - 64, Living in Nursing Homes",NA,2020-2024 American Community Survey 5-Year Estimates (S2602),False,True,False,False,True,story,NA,NA,NA,neg,,
pct_grp_dis_18to64_nursing,Living in Nursing Home Age 18-64,"% WITH Disabilities Age 18 - 64, Living in Nursing Homes",NA,2020-2024 American Community Survey 5-Year Estimates (S2602),False,True,False,False,True,story,"Living in Institution: Nursing Home, Age 18 to 64",NA,NA,neg,"People living in nursing facilities and other long-term-care group quarters in the state, in the 18-to-64 age range. Figures compare residents with and without disabilities.","Of the state's population with disabilities ages 18 to 64, the share living in a nursing facility or other long-term-care group quarters."
pop_grp_nursing_18to64_nodis,Living in Nursing Home Age 18-64,"# WITHOUT Disabilities Age 18 - 64, Living in Nursing Homes",NA,2020-2024 American Community Survey 5-Year Estimates (S2602),False,True,False,False,True,story,NA,NA,NA,neg,,
pct_grp_nodis_18to64_nursing,Living in Nursing Home Age 18-64,"% WITHOUT Disabilities Age 18 - 64, Living in Nursing Homes",NA,2020-2024 American Community Survey 5-Year Estimates (S2602),False,True,False,False,True,story,NA,NA,NA,neg,,"Of the state's population without disabilities ages 18 to 64, the share living in a nursing facility or other long-term-care group quarters."
pct_grp_nursing_18to64_dis,Living in Nursing Home Age 18-64,"% of Nursing Home Population Age 18-64, Disabled",NA,2020-2024 American Community Survey 5-Year Estimates (S2602),False,True,False,False,True,story,NA,NA,,neg,,"Of the state's nursing-facility residents ages 18 to 64, the share who report a disability."
pct_grp_nursing_18to64_nodis,Living in Nursing Home Age 18-64,"% of Nursing Home Population Age 18-64, Not Disabled",NA,2020-2024 American Community Survey 5-Year Estimates (S2602),False,True,False,False,True,story,NA,NA,,neg,,"Of the state's nursing-facility residents ages 18 to 64, the share who report no disability."
pop_grp_nursing_65plus_dis,Living in Nursing Home Age 65+,"# WITH Disabilities Age 65+, Living in Nursing Home",NA,2020-2024 American Community Survey 5-Year Estimates (S2602),False,True,False,False,True,story,"Living in Institution: Nursing Home, Age 65+",NA,,neg,"People living in nursing facilities and other long-term-care group quarters in the state, aged 65 and older. Figures compare residents with and without disabilities.",
pop_grp_nursing_65plus_nodis,Living in Nursing Home Age 65+,"# WITHOUT Disabilities Age 65+, Living in Nursing Home",NA,2020-2024 American Community Survey 5-Year Estimates (S2602),False,True,False,False,True,story,NA,NA,,neg,,
pop_grp_nursing_65plus_all,Living in Nursing Home Age 65+,Population of Nursing Home Age 65+,NA,2020-2024 American Community Survey 5-Year Estimates (S2602),False,True,False,False,False,story,NA,NA,,neg,,
pct_grp_dis_65plus_nursing,Living in Nursing Home Age 65+,"Percentage Age 65+, Living in Nursing Home",NA,2020-2024 American Community Survey 5-Year Estimates (S2602),False,True,False,False,False,story,NA,NA,,neg,,"Of the state's population with disabilities ages 65 and older, the share living in a nursing facility or other long-term-care group quarters."
pct_grp_dis_65plus_nursing,Living in Nursing Home Age 65+,"% WITH Disabilities Age 65+, Living in Nursing Home",NA,2020-2024 American Community Survey 5-Year Estimates (S2602),False,True,False,False,True,story,NA,NA,,neg,,"Of the state's population with disabilities ages 65 and older, the share living in a nursing facility or other long-term-care group quarters."
pct_grp_nodis_65plus_nursing,Living in Nursing Home Age 65+,"% WITHOUT Disabilities Age 65+, Living in Nursing Home",NA,2020-2024 American Community Survey 5-Year Estimates (S2602),False,True,False,False,True,story,NA,NA,,neg,,"Of the state's population without disabilities ages 65 and older, the share living in a nursing facility or other long-term-care group quarters."
pct_grp_nursing_65plus_dis,Living in Nursing Home Age 65+,"% of Age 65+ Nursing Home Population, Disabled",NA,2020-2024 American Community Survey 5-Year Estimates (S2602),False,True,False,False,True,story,NA,NA,,neg,,"Of the state's nursing-facility residents ages 65 and older, the share who report a disability."
pct_grp_nursing_65plus_nodis,Living in Nursing Home Age 65+,"% of Age 65+ Nursing Home Population, Not Disabled",NA,2020-2024 American Community Survey 5-Year Estimates (S2602),False,True,False,False,True,story,NA,NA,,neg,,"Of the state's nursing-facility residents ages 65 and older, the share who report no disability."
pop_grp_corrections_total_all,Living in Carceral Institution,# Living in Adult Correctional Facilities,B26108_037,2020-2024 American Community Survey 5-Year Estimates (B26108),False,True,False,False,False,standalone,NA,"According to the Bureau of Justice Statistics, adult correctional facilities include prisons and prison farms; reception, diagnostic, and classification centers; facilities for parole violators; road and forestry correctional camps; facilities for youthful offenders; and drug and alcohol treatment facilities.",NA,neg,,
,Living in Carceral Institution,% Living in Adult Correctional Facilities,NA,2020-2024 American Community Survey 5-Year Estimates (B26108),False,True,False,False,False,standalone,NA,NA,NA,neg,,
pop_grp_corrections_total_dis,Living in Carceral Institution,# WITH Disabilities Living in Adult Correctional Facilities,B26108_038,2020-2024 American Community Survey 5-Year Estimates (B26108),False,True,False,False,True,standalone,NA,NA,NA,neg,,
pct_grp_dis_corrections,Living in Carceral Institution,"% WITH Disabilities, Living in Adult Correctional Facilities",NA,2020-2024 American Community Survey 5-Year Estimates (S2601A/B26108),False,True,False,False,True,standalone,Living in Institution: Correctional Facility,"According to the Bureau of Justice Statistics, adult correctional facilities include prisons and prison farms; reception, diagnostic, and classification centers; facilities for parole violators; road and forestry correctional camps; facilities for youthful offenders; and drug and alcohol treatment facilities.",NA,neg,"The state's entire resident population. This topic isolates people living in adult correctional facilities (prisons, jails, and similar). Figures compare incarcerated people with and without disabilities.","Of the state's population with disabilities, the share living in an adult correctional facility."
pop_grp_corrections_total_nodis,Living in Carceral Institution,"# WITHOUT Disabilities, Living in Adult Correctional Facilities",NA,2020-2024 American Community Survey 5-Year Estimates (S2601A/B26108),False,True,False,False,True,standalone,NA,NA,NA,neg,,
pct_grp_nodis_corrections,Living in Carceral Institution,"% WITHOUT Disabilities, Living in Adult Correctional Facilities",NA,2020-2024 American Community Survey 5-Year Estimates (S2601A/B26108),False,True,False,False,True,standalone,NA,NA,NA,neg,,"Of the state's population without disabilities, the share living in an adult correctional facility."
pop_cni_19to64_total_all,Overview,Population Age 19 - 64,B18135_013,2020-2024 American Community Survey 5-Year Estimates (B18135),False,False,True,False,False,standalone,NA,NA,NA,NA,,
pop_cni_19to64_total_dis,Overview,"# WITH Disabilities, Age 19 - 64",B18135_014,2020-2024 American Community Survey 5-Year Estimates (B18135),False,False,True,False,False,comp,NA,NA,19_64,NA,,
pop_cni_19to64_total_nodis,Overview,"# WITHOUT Disabilities, Age 19 - 64",B18135_019,2020-2024 American Community Survey 5-Year Estimates (B18135),False,False,True,False,False,comp,NA,NA,19_64,NA,,
pop_cni_65plus_total_all,Overview,Population Age 65 or Older,B18135_024,2020-2024 American Community Survey 5-Year Estimates (B18135),False,False,True,False,False,standalone,NA,NA,NA,NA,,
pop_cni_65plus_dis,Overview,"# WITH Disabilities, Age 65 or Older",B18135_025,2020-2024 American Community Survey 5-Year Estimates (B18135),False,False,True,False,False,comp,NA,NA,grtoeq_65,NA,,
pop_cni_65plus_nodis,Overview,"# WITHOUT Disabilities, Age 65 or Older",B18135_030,2020-2024 American Community Survey 5-Year Estimates (B18135),False,False,True,False,False,comp,NA,NA,grtoeq_65,NA,,
pop_cni_19to64_dis_nohealthins,No Health Insurance Age 19-64,"# WITH Disabilities Age 19 - 64, NO Health Insurance",B18135_018,2020-2024 American Community Survey 5-Year Estimates (B18135),False,False,True,False,True,comp,NA,NA,19_64_uninsured,neg,,
pct_cni_19to64_dis_nohealthins,No Health Insurance Age 19-64,"% WITH Disabilities Age 19 - 64, NO Health Insurance",NA,2020-2024 American Community Survey 5-Year Estimates (B18135),False,False,True,False,True,comp,"Health Insurance Status: None, Age 19-64","According to the U.S. Census, people without insurance do not have any kind of insurance.",19_64_uninsured_pct,neg,"The state's civilian noninstitutionalized population (people not living in an institution such as a nursing home or prison, and not on active military duty) aged 19 to 64. Figures compare people with and without disabilities on whether they have any health coverage.","Of the state's civilian noninstitutionalized population with disabilities ages 19 to 64, the share with no health insurance of any kind."
pop_cni_19to64_nodis_nohealthins,No Health Insurance Age 19-64,"# WITHOUT Disabilities Age 19 - 64, NO Health Insurance",B18135_023,2020-2024 American Community Survey 5-Year Estimates (B18135),False,False,True,False,True,comp,NA,NA,19_64_uninsured,neg,,
pct_cni_19to64_nodis_nohealthins,No Health Insurance Age 19-64,"% WITHOUT Disabilities Age 19 - 64, NO Health Insurance",NA,2020-2024 American Community Survey 5-Year Estimates (B18135),False,False,True,False,True,comp,NA,"According to the U.S. Census, people without insurance do not have any kind of insurance.",19_64_uninsured_pct,neg,,"Of the state's civilian noninstitutionalized population without disabilities ages 19 to 64, the share with no health insurance of any kind."
pop_cni_65plus_dis_nohealthins,No Health Insurance Age 65+,"# WITH Disabilities Age 65 or Older, NO Health Insurance",B18135_029,2020-2024 American Community Survey 5-Year Estimates (B18135),False,False,True,False,True,comp,"Health Insurance Status: None, Age 65+",NA,grtoeq_65_uninsured,neg,"The state's civilian noninstitutionalized population (people not living in an institution such as a nursing home or prison, and not on active military duty) aged 65 and older. Figures compare people with and without disabilities on whether they have any health coverage.",
pct_cni_65plus_dis_nohealthins,No Health Insurance Age 65+,"% WITH Disabilities Age 65 or Older, NO Health Insurance",NA,2020-2024 American Community Survey 5-Year Estimates (B18135),False,False,True,False,True,comp,NA,"According to the U.S. Census, people without insurance do not have any kind of insurance.",grtoeq_65_uninsured_pct,neg,,"Of the state's civilian noninstitutionalized population with disabilities ages 65 and older, the share with no health insurance of any kind."
pop_cni_65plus_nodis_nohealthins,No Health Insurance Age 65+,"# WITHOUT Disabilities Age 65 or Older, NO Health Insurance",B18135_034,2020-2024 American Community Survey 5-Year Estimates (B18135),False,False,True,False,True,comp,NA,NA,grtoeq_65_uninsured,neg,,
pct_cni_65plus_nodis_nohealthins,No Health Insurance Age 65+,"% WITHOUT Disabilities Age 65 or Older, NO Health Insurance",NA,2020-2024 American Community Survey 5-Year Estimates (B18135),False,False,True,False,True,comp,NA,"According to the U.S. Census, people without insurance do not have any kind of insurance.",grtoeq_65_uninsured_pct,neg,,"Of the state's civilian noninstitutionalized population without disabilities ages 65 and older, the share with no health insurance of any kind."
pop_cni_19to64_dis_healthins,Has Health Insurance Age 19-64,"# WITH Disabilities Age 19 - 64, with Health Insurance",B18135_015,2020-2024 American Community Survey 5-Year Estimates (B18135),False,False,True,False,True,comp,NA,NA,19_64_insured,pos,,
pct_cni_19to64_dis_healthins,Has Health Insurance Age 19-64,"% WITH Disabilities Age 19 - 64, with Health Insurance",NA,2020-2024 American Community Survey 5-Year Estimates (B18135),False,False,True,False,True,comp,"Health Insurance Status: Covered, Age 19-64","According to the U.S. Census, people with insurance have insurance provided by any means including from their employer, directly from an insurance company, from Medicare or Medicaid, or other government healthcare program (like the VA, Tricare or Indian Health Service).",19_64_insured_pct,pos,"The state's civilian noninstitutionalized population (people not living in an institution such as a nursing home or prison, and not on active military duty) aged 19 to 64. Figures compare people with and without disabilities on whether they have health coverage of any kind.","Of the state's civilian noninstitutionalized population with disabilities ages 19 to 64, the share with health insurance of any kind (public, private, or both)."
pop_cni_19to64_nodis_healthins,Has Health Insurance Age 19-64,"# WITHOUT Disabilities Age 19 - 64, with Health Insurance",B18135_020,2020-2024 American Community Survey 5-Year Estimates (B18135),False,False,True,False,True,comp,NA,NA,19_64_insured,pos,,
pct_cni_19to64_nodis_healthins,Has Health Insurance Age 19-64,"% WITHOUT Disabilities Age 19 - 64, with Health Insurance",NA,2020-2024 American Community Survey 5-Year Estimates (B18135),False,False,True,False,True,comp,NA,"According to the U.S. Census, people with insurance have insurance provided by any means including from their employer, directly from an insurance company, from Medicare or Medicaid, or other government healthcare program (like the VA, Tricare or Indian Health Service).",19_64_insured_pct,pos,,"Of the state's civilian noninstitutionalized population without disabilities ages 19 to 64, the share with health insurance of any kind (public, private, or both)."
pop_cni_65plus_dis_healthins,Has Health Insurance Age 65+,"# WITH Disabilities Age 65 or Older, with Health Insurance",B18135_026,2020-2024 American Community Survey 5-Year Estimates (B18135),False,False,True,False,True,comp,NA,NA,grtoeq_65_insured,pos,,
pct_cni_65plus_dis_healthins,Has Health Insurance Age 65+,"% WITH Disabilities Age 65 or Older, with Health Insurance",NA,2020-2024 American Community Survey 5-Year Estimates (B18135),False,False,True,False,True,comp,"Health Insurance Status: Covered, Age 65+","According to the U.S. Census, people with insurance have insurance provided by any means including from their employer, directly from an insurance company, from Medicare or Medicaid, or other government healthcare program (like the VA, Tricare or Indian Health Service).",grtoeq_65_insured_pct,pos,"The state's civilian noninstitutionalized population (people not living in an institution such as a nursing home or prison, and not on active military duty) aged 65 and older. Figures compare people with and without disabilities on whether they have health coverage of any kind.","Of the state's civilian noninstitutionalized population with disabilities ages 65 and older, the share with health insurance of any kind (public, private, or both)."
pop_cni_65plus_nodis_healthins,Has Health Insurance Age 65+,"# WITHOUT Disabilities Age 65 or Older, with Health Insurance",B18135_031,2020-2024 American Community Survey 5-Year Estimates (B18135),False,False,True,False,True,comp,NA,NA,grtoeq_65_insured,pos,,
pct_cni_65plus_nodis_healthins,Has Health Insurance Age 65+,"% WITHOUT Disabilities Age 65 or Older, with Health Insurance",NA,2020-2024 American Community Survey 5-Year Estimates (B18135),False,False,True,False,True,comp,NA,"According to the U.S. Census, people with insurance have insurance provided by any means including from their employer, directly from an insurance company, from Medicare or Medicaid, or other government healthcare program (like the VA, Tricare or Indian Health Service).",grtoeq_65_insured_pct,pos,,"Of the state's civilian noninstitutionalized population without disabilities ages 65 and older, the share with health insurance of any kind (public, private, or both)."
pop_cni_19to64_dis_publichealth,Has Public Health Insurance Age 19-64,"# WITH Disabilities Age 19 - 64, with Public Health Insurance",B18135_017,2020-2024 American Community Survey 5-Year Estimates (B18135),False,False,True,False,True,comp,NA,NA,19_64_insured_public,pos,,
pct_cni_19to64_dis_publichealth,Has Public Health Insurance Age 19-64,"% WITH Disabilities Age 19 - 64, with Public Health Insurance",NA,2020-2024 American Community Survey 5-Year Estimates (B18135),False,False,True,False,True,comp,"Health Insurance Type: Public, Age 19-64","According to the U.S. Census, people with public insurance have insurance provided by Medicare (for people aged 65 and older or people with certain disabilities) or Medicaid (for people with low incomes or a disability).",19_64_insured_public_pct,pos,"The state's civilian noninstitutionalized population (people not living in an institution such as a nursing home or prison, and not on active military duty) aged 19 to 64. Figures compare people with and without disabilities on whether they have public health coverage such as Medicaid, Medicare, or VA care.","Of the state's civilian noninstitutionalized population with disabilities ages 19 to 64, the share with public health coverage such as Medicaid, Medicare, or VA care (alone or combined with private)."
pop_cni_19to64_nodis_publichealth,Has Public Health Insurance Age 19-64,"# WITHOUT Disabilities Age 19 - 64, with Public Health Insurance",B18135_022,2020-2024 American Community Survey 5-Year Estimates (B18135),False,False,True,False,True,comp,NA,NA,19_64_insured_public,pos,,
pct_cni_19to64_nodis_publichealth,Has Public Health Insurance Age 19-64,"% WITHOUT Disabilities Age 19 - 64, with Public Health Insurance",NA,2020-2024 American Community Survey 5-Year Estimates (B18135),False,False,True,False,True,comp,NA,"According to the U.S. Census, people with public insurance have insurance provided by Medicare (for people aged 65 and older or people with certain disabilities) or Medicaid (for people with low incomes or a disability).",19_64_insured_public_pct,pos,,"Of the state's civilian noninstitutionalized population without disabilities ages 19 to 64, the share with public health coverage such as Medicaid, Medicare, or VA care (alone or combined with private)."
pop_cni_65plus_dis_publichealth,Has Public Health Insurance Age 65+,"# WITH Disabilities Age 65 or Older, with Public Health Insurance",B18135_028,2020-2024 American Community Survey 5-Year Estimates (B18135),False,False,True,False,True,comp,NA,NA,grtoeq_65_insured_public,pos,,
pct_cni_65plus_dis_publichealth,Has Public Health Insurance Age 65+,"% WITH Disabilities Age 65 or Older, with Public Health Insurance",NA,2020-2024 American Community Survey 5-Year Estimates (B18135),False,False,True,False,True,comp,"Health Insurance Type: Public, Age 65+","According to the U.S. Census, people with public insurance have insurance provided by Medicare (for people aged 65 and older or people with certain disabilities) or Medicaid (for people with low incomes or a disability).",grtoeq_65_insured_public_pct,pos,"The state's civilian noninstitutionalized population (people not living in an institution such as a nursing home or prison, and not on active military duty) aged 65 and older. Figures compare people with and without disabilities on whether they have public health coverage such as Medicare, Medicaid, or VA care.","Of the state's civilian noninstitutionalized population with disabilities ages 65 and older, the share with public health coverage such as Medicare, Medicaid, or VA care (alone or combined with private)."
pop_cni_65plus_nodis_publichealth,Has Public Health Insurance Age 65+,"# WITHOUT Disabilities Age 65 or Older, with Public Health Insurance",B18135_033,2020-2024 American Community Survey 5-Year Estimates (B18135),False,False,True,False,True,comp,NA,NA,grtoeq_65_insured_public,pos,,
pct_cni_65plus_nodis_publichealth,Has Public Health Insurance Age 65+,"% WITHOUT Disabilities Age 65 or Older, with Public Health Insurance",NA,2020-2024 American Community Survey 5-Year Estimates (B18135),False,False,True,False,True,comp,NA,"According to the U.S. Census, people with public insurance have insurance provided by Medicare (for people aged 65 and older or people with certain disabilities) or Medicaid (for people with low incomes or a disability).",grtoeq_65_insured_public_pct,pos,,"Of the state's civilian noninstitutionalized population without disabilities ages 65 and older, the share with public health coverage such as Medicare, Medicaid, or VA care (alone or combined with private)."
pop_cni_19to64_dis_privatehealth,Has Private Insurance Age 19-64,"# WITH Disabilities Age 19 - 64, with Private Health Insurance",B18135_016,2020-2024 American Community Survey 5-Year Estimates (B18135),False,False,True,False,True,comp,NA,NA,19_64_insured_private,pos,,
pct_cni_19to64_dis_privatehealth,Has Private Insurance Age 19-64,"% WITH Disabilities Age 19 - 64, with Private Health Insurance",NA,2020-2024 American Community Survey 5-Year Estimates (B18135),False,False,True,False,True,comp,"Health Insurance Type: Private, Age 19-64","According to the U.S. Census, people with private insurance have insurance provided from a current or former employer or union or have directly purchased insurance from an insurance company.",19_64_insured_private_pct,pos,"The state's civilian noninstitutionalized population (people not living in an institution such as a nursing home or prison, and not on active military duty) aged 19 to 64. Figures compare people with and without disabilities on whether they have private health coverage such as an employer or direct-purchase plan.","Of the state's civilian noninstitutionalized population with disabilities ages 19 to 64, the share with private health coverage such as an employer or direct-purchase plan (alone or combined with public)."
pop_cni_19to64_nodis_privatehealth,Has Private Insurance Age 19-64,"# WITHOUT Disabilities Age 19 - 64, with Private Health Insurance",B18135_021,2020-2024 American Community Survey 5-Year Estimates (B18135),False,False,True,False,True,comp,NA,NA,19_64_insured_private,pos,,
pct_cni_19to64_nodis_privatehealth,Has Private Insurance Age 19-64,"% WITHOUT Disabilities Age 19 - 64, with Private Health Insurance",NA,2020-2024 American Community Survey 5-Year Estimates (B18135),False,False,True,False,True,comp,NA,"According to the U.S. Census, people with private insurance have insurance provided from a current or former employer or union or have directly purchased insurance from an insurance company.",19_64_insured_private_pct,pos,,"Of the state's civilian noninstitutionalized population without disabilities ages 19 to 64, the share with private health coverage such as an employer or direct-purchase plan (alone or combined with public)."
pop_cni_65plus_dis_privatehealth,Has Private Insurance Age 65+,"# WITH Disabilities Age 65 or Older, with Private Health Insurance",B18135_027,2020-2024 American Community Survey 5-Year Estimates (B18135),False,False,True,False,True,comp,NA,NA,grtoeq_65_insured_private,pos,,
pct_cni_65plus_dis_privatehealth,Has Private Insurance Age 65+,"% WITH Disabilities Age 65 or Older, with Private Health Insurance",NA,2020-2024 American Community Survey 5-Year Estimates (B18135),False,False,True,False,True,comp,"Health Insurance Type: Private, Age 65+","According to the U.S. Census, people with private insurance have insurance provided from a current or former employer or union or have directly purchased insurance from an insurance company.",grtoeq_65_insured_private_pct,pos,"The state's civilian noninstitutionalized population (people not living in an institution such as a nursing home or prison, and not on active military duty) aged 65 and older. Figures compare people with and without disabilities on whether they have private health coverage such as an employer or direct-purchase plan.","Of the state's civilian noninstitutionalized population with disabilities ages 65 and older, the share with private health coverage such as an employer or direct-purchase plan (alone or combined with public)."
pop_cni_65plus_nodis_privatehealth,Has Private Insurance Age 65+,"# WITHOUT Disabilities Age 65 or Older, with Private Health Insurance",B18135_032,2020-2024 American Community Survey 5-Year Estimates (B18135),False,False,True,False,True,comp,NA,NA,grtoeq_65_insured_private,pos,,
pct_cni_65plus_nodis_privatehealth,Has Private Insurance Age 65+,"% WITHOUT Disabilities Age 65 or Older, with Private Health Insurance",NA,2020-2024 American Community Survey 5-Year Estimates (B18135),False,False,True,False,True,comp,NA,"According to the U.S. Census, people with private insurance have insurance provided from a current or former employer or union or have directly purchased insurance from an insurance company.",grtoeq_65_insured_private_pct,pos,,"Of the state's civilian noninstitutionalized population without disabilities ages 65 and older, the share with private health coverage such as an employer or direct-purchase plan (alone or combined with public)."
pop_cni_16plus_publictrans_all,Public Transit,"Population, Commute by Public Transit",NA,2020-2024 American Community Survey 5-Year Estimates (S1811),False,False,True,False,False,standalone,NA,NA,NA,NA,,
,Public Transit,"% of Population, Commute by Public Transit",S1811_C01_035,2020-2024 American Community Survey 5-Year Estimates (S1811),False,False,True,False,False,standalone,NA,"According to the U.S. Census Bureau, commuting by public transportation includes people who take the bus, subway, elevated train, long distance train, commuter rail, light rail street car, trolley or ferry boat to work. Darker colored states indicate a greater percent of people using public transit to go to work.",NA,NA,,
pop_cni_16plus_transit_dis,Public Transit,"# WITH Disabilities Age 16+, Commute by Public Transit",NA,2020-2024 American Community Survey 5-Year Estimates (S1811),False,False,True,False,True,comp,NA,NA,commute_public,pos,,
pct_cni_16plus_transit_dis,Public Transit,% WITH Disabilities Age 16+ Commute by Public Transit,S1811_C02_035,2020-2024 American Community Survey 5-Year Estimates (S1811),False,False,True,False,True,comp,Transportation: Commute to Work by Public Transit,"According to the U.S. Census Bureau, commuting by public transportation includes people who take the bus, subway, elevated train, long distance train, commuter rail, light rail street car, trolley or ferry boat to work. Darker colored states indicate a greater percent of people using public transit to go to work.",commute_public_pct,pos,Workers aged 16 and older in the state's civilian noninstitutionalized population who commute to a job. People who worked from home or did not work are not counted. Figures compare commuters with and without disabilities.,"Of the state's workers with disabilities ages 16 and older who commute to a job, the share whose main mode is public transportation (excluding taxicab)."
pop_cni_16plus_transit_nodis,Public Transit,"# WITHOUT Disabilities Age 16+, Commute by Public Transit",NA,2020-2024 American Community Survey 5-Year Estimates (S1811),False,False,True,False,True,comp,NA,NA,commute_public,pos,,
pct_cni_16plus_transit_nodis,Public Transit,"% WITHOUT Disabilities Age 16+, Commute by Public Transit",S1811_C03_035,2020-2024 American Community Survey 5-Year Estimates (S1811),False,False,True,False,True,comp,NA,"According to the U.S. Census Bureau, commuting by public transportation includes people who take the bus, subway, elevated train, long distance train, commuter rail, light rail street car, trolley or ferry boat to work. Darker colored states indicate a greater percent of people using public transit to go to work.",commute_public_pct,pos,,"Of the state's workers without disabilities ages 16 and older who commute to a job, the share whose main mode is public transportation (excluding taxicab)."
pop_cni_16plus_drive_all,Private Vehicle,"Population, Commute by Driving Private Vehicle Alone",NA,2020-2024 American Community Survey 5-Year Estimates (S1811),False,False,True,False,False,standalone,NA,NA,NA,NA,,
,Private Vehicle,"% of Population, Commute to Work by Driving Private Vehicle Alone",S1811_C01_033,2020-2024 American Community Survey 5-Year Estimates (S1811),False,False,True,False,False,standalone,NA,"According to the U.S. Census Bureau, commuting by private vehicle includes driving in a car, truck or van to work. Darker colored states indicate a greater percent of people using a private vehicle to go to work.",NA,NA,,
pop_cni_16plus_drivealone_dis,Private Vehicle,"WITH Disabilities Age 16+, Commute to Work by Driving Private Vehicle Alone",NA,2020-2024 American Community Survey 5-Year Estimates (S1811),False,False,True,False,True,comp,NA,NA,commute_car_alone,pos,,
pct_cni_16plus_drivealone_dis,Private Vehicle,"% WITH Disabilities Age 16+, Commute to Work by Driving Private Vehicle Alone",S1811_C02_033,2020-2024 American Community Survey 5-Year Estimates (S1811),False,False,True,False,True,comp,Transportation: Commute to Work by Car Alone,"According to the U.S. Census Bureau, commuting by private vehicle includes driving in a car, truck or van to work. Darker colored states indicate a greater percent of people using a private vehicle to go to work.",commute_car_alone_pct,pos,Workers aged 16 and older in the state's civilian noninstitutionalized population who commute to a job. People who worked from home or did not work are not counted. Figures compare commuters with and without disabilities.,"Of the state's workers with disabilities ages 16 and older who commute to a job, the share who drive alone in a car, truck, or van."
pop_cni_16plus_drivealone_nodis,Private Vehicle,"# WITHOUT Disabilities Age 16+, Commute to Work by Driving Private Vehicle Alone",NA,2020-2024 American Community Survey 5-Year Estimates (S1811),False,False,True,False,True,comp,NA,NA,commute_car_alone,pos,,
pct_cni_16plus_drivealone_nodis,Private Vehicle,"% WITHOUT Disabilities Age 16+, Commute to Work by Driving Private Vehicle Alone",S1811_C03_033,2020-2024 American Community Survey 5-Year Estimates (S1811),False,False,True,False,True,comp,NA,"According to the U.S. Census Bureau, commuting by private vehicle includes driving in a car, truck or van to work. Darker colored states indicate a greater percent of people using a private vehicle to go to work.",commute_car_alone_pct,pos,,"Of the state's workers without disabilities ages 16 and older who commute to a job, the share who drive alone in a car, truck, or van."
pct_cni_25plus_noGED_dis,Less Than High School,"% WITH Disabilities Age 25+, No High School Diploma or Equivalent",S1811_C02_040,2020-2024 American Community Survey 5-Year Estimates (S1811),False,False,True,False,True,comp,"Education: No High School Diploma / GED Equivalent, Age 25+",NA,lessthan_highschool_pct,neg,"The state's civilian noninstitutionalized population (people not living in an institution such as a nursing home or prison, and not on active military duty) aged 25 and older. Figures compare the educational attainment of people with and without disabilities.","Of the state's civilian noninstitutionalized population with disabilities ages 25 and older, the share whose highest completed education is less than a high school diploma or equivalent."
pct_cni_25plus_noGED_nodis,Less Than High School,"% WITHOUT Disabilities Age 25+, No High School Diploma or Equivalent",S1811_C03_040,2020-2024 American Community Survey 5-Year Estimates (S1811),False,False,True,False,True,comp,NA,NA,lessthan_highschool_pct,neg,,"Of the state's civilian noninstitutionalized population without disabilities ages 25 and older, the share whose highest completed education is less than a high school diploma or equivalent."
pct_cni_25plus_GED_dis,High School Equivalent,"% WITH Disabilities Age 25+, High School Diploma or Equivalent",S1811_C02_041,2020-2024 American Community Survey 5-Year Estimates (S1811),False,False,True,False,True,comp,"Education: High School Diploma / GED Equivalent, Age 25+",NA,highschoolequiv_pct,pos,"The state's civilian noninstitutionalized population (people not living in an institution such as a nursing home or prison, and not on active military duty) aged 25 and older. Figures compare the educational attainment of people with and without disabilities.","Of the state's civilian noninstitutionalized population with disabilities ages 25 and older, the share whose highest completed education is a high school diploma or equivalent (includes GED)."
pct_cni_25plus_GED_nodis,High School Equivalent,"% WITHOUT Disabilities Age 25+, High School Diploma or Equivalent",S1811_C03_041,2020-2024 American Community Survey 5-Year Estimates (S1811),False,False,True,False,True,comp,NA,NA,highschoolequiv_pct,pos,,"Of the state's civilian noninstitutionalized population without disabilities ages 25 and older, the share whose highest completed education is a high school diploma or equivalent (includes GED)."
pct_cni_25plus_bachelors_dis,Bachelors Degree,"% WITH Disabilities Age 25+, Bachelors Degree or Higher",S1811_C02_043,2020-2024 American Community Survey 5-Year Estimates (S1811),False,False,True,False,True,comp,"Education: Bachelors Degree or Higher, Age 25+",NA,degree_grtoeq_ba_pct,pos,"The state's civilian noninstitutionalized population (people not living in an institution such as a nursing home or prison, and not on active military duty) aged 25 and older. Figures compare the educational attainment of people with and without disabilities.","Of the state's civilian noninstitutionalized population with disabilities ages 25 and older, the share who have earned a bachelor's degree or higher."
pct_cni_25plus_bachelors_nodis,Bachelors Degree,"% WITHOUT Disabilities Age 25+, Bachelors Degree or Higher",S1811_C03_043,2020-2024 American Community Survey 5-Year Estimates (S1811),False,False,True,False,True,comp,NA,NA,degree_grtoeq_ba_pct,pos,,"Of the state's civilian noninstitutionalized population without disabilities ages 25 and older, the share who have earned a bachelor's degree or higher."
pop_cni_18to64_poverty_dis,Below Poverty Line Age 18-64,"# WITH Disabilities Age 18 - 64, Living Below Poverty Level",C18130_011,2020-2024 American Community Survey 5-Year Estimates (C18130),False,False,False,True,True,comp,NA,NA,below_poverty_18to64,neg,,
pct_cni_18to64_poverty_dis,Below Poverty Line Age 18-64,"% WITH Disabilities Age 18 - 64, Living Below Poverty Level",NA,2020-2024 American Community Survey 5-Year Estimates (C18130),False,False,False,True,True,comp,"Poverty: Living Below Poverty Line, Age 18-64","The U.S. Census Bureau defines living below the poverty threshold as making less than $17,196 for one person, $23,011 for a couple or $26,172 for a family of 4. Poverty status is not determined for people in institutions.",below_poverty_pct_18to64,neg,"The state's civilian noninstitutionalized population (people not living in an institution such as a nursing home or prison, and not on active military duty) aged 18 to 64 for whom the Census Bureau determines poverty status. Figures compare people with and without disabilities on whether their family income falls below the federal poverty threshold.","Of the state's civilian noninstitutionalized population with disabilities ages 18 to 64 for whom poverty status is determined, the share whose income in the past 12 months was below the federal poverty level."
pop_cni_18to64_poverty_nodis,Below Poverty Line Age 18-64,"# WITHOUT Disabilities Age 18 - 64, Living Below Poverty Level",C18130_014,2020-2024 American Community Survey 5-Year Estimates (C18130),False,False,False,True,True,comp,NA,NA,below_poverty_18to64,neg,,
pct_cni_18to64_poverty_nodis,Below Poverty Line Age 18-64,"% WITHOUT Disabilities Age 18 - 64, Living Below Poverty Level",NA,2020-2024 American Community Survey 5-Year Estimates (C18130),False,False,False,True,True,comp,NA,"The U.S. Census Bureau defines living below the poverty threshold as making less than $17,196 for one person, $23,011 for a couple or $26,172 for a family of 4. Poverty status is not determined for people in institutions.",below_poverty_pct_18to64,neg,,"Of the state's civilian noninstitutionalized population without disabilities ages 18 to 64 for whom poverty status is determined, the share whose income in the past 12 months was below the federal poverty level."
pop_cni_18to64_employed_dis,Employed,"# WITH Disabilities Age 18-64, Employed",C18120_004,2020-2024 American Community Survey 5-Year Estimates (C18120),False,False,False,True,True,comp,NA,NA,employed,pos,,
pct_cni_18to64_employed_dis,Employed,"% WITH Disabilities Age 18-64, Employed",NA,2020-2024 American Community Survey 5-Year Estimates (C18120),False,False,False,True,True,comp,"Employment: Employed, Age 18-64","According to the U.S. Census, people who are employed includes all civilians 16 years old and over who work as paid employees, work in their own business or profession, or worked on their own farm (Excluded from the employed are people whose only activity consisted of work around the house or unpaid volunteer work for religious, charitable, and similar organizations; also excluded are people on active duty in the United States Armed Forces.)",employed_pct,pos,"Working-age adults (18 to 64) in the state's civilian noninstitutionalized population (people not living in an institution such as a nursing home or prison, and not on active military duty). Figures compare the labor-force status of people with and without disabilities. ""Employed"" and ""unemployed"" together make up the labor force.","Of the state's civilian noninstitutionalized population with disabilities ages 18 to 64, the share who are employed."
pop_cni_18to64_employed_nodis,Employed,"# WITHOUT Disabilities Age 18-64, Employed",C18120_005,2020-2024 American Community Survey 5-Year Estimates (C18120),False,False,False,True,True,comp,NA,NA,employed,pos,,
pct_cni_18to64_employed_nodis,Employed,"% WITHOUT Disabilities Age 18-64, Employed",NA,2020-2024 American Community Survey 5-Year Estimates (C18120),False,False,False,True,True,comp,NA,"According to the U.S. Census, people who are employed includes all civilians 16 years old and over who work as paid employees, work in their own business or profession, or worked on their own farm (Excluded from the employed are people whose only activity consisted of work around the house or unpaid volunteer work for religious, charitable, and similar organizations; also excluded are people on active duty in the United States Armed Forces.)",employed_pct,pos,,"Of the state's civilian noninstitutionalized population without disabilities ages 18 to 64, the share who are employed."
pop_cni_18to64_unemployed_dis,Unemployed,"# WITH Disabilities Age 18-64, Unemployed",C18120_007,2020-2024 American Community Survey 5-Year Estimates (C18120),False,False,False,True,True,comp,NA,NA,unemployed,neg,,
pct_cni_18to64_unemployed_dis,Unemployed,"% WITH Disabilities Age 18-64, Unemployed",NA,2020-2024 American Community Survey 5-Year Estimates (C18120),False,False,False,True,True,comp,"Employment: Unemployed, Age 18-64","According to the U.S. Census, people who are unemployed includes all civilians 16 years old who are not employed and were actively looking for work and are available to accept a job.",unemployed_pct,neg,"Working-age adults (18 to 64) in the state's civilian noninstitutionalized population (people not living in an institution such as a nursing home or prison, and not on active military duty). ""Unemployed"" means not working but actively looking for work. Figures compare people with and without disabilities.","Of the state's civilian noninstitutionalized population with disabilities ages 18 to 64, the share who are unemployed (not working, but actively looking for work). This is a share of the full age group, not of the labor force."
pop_cni_18to64_unemployed_nodis,Unemployed,"# WITHOUT Disabilities Age 18-64, Unemployed",C18120_008,2020-2024 American Community Survey 5-Year Estimates (C18120),False,False,False,True,True,comp,NA,NA,unemployed,neg,,
pct_cni_18to64_nodis_unemployed,Unemployed,"% WITHOUT Disabilities Age 18-64, Unemployed",NA,2020-2024 American Community Survey 5-Year Estimates (C18120),False,False,False,True,True,comp,NA,"According to the U.S. Census, people who are unemployed includes all civilians 16 years old who are not employed and were actively looking for work and are available to accept a job.",unemployed_pct,neg,,"Of the state's civilian noninstitutionalized population without disabilities ages 18 to 64, the share who are unemployed (not working, but actively looking for work). This is a share of the full age group, not of the labor force."
pop_cni_18to64_notlabor_dis,Not In Labor Force,"# WITH Disabilities Age 18-64, Not in Labor Force",C18120_010,2020-2024 American Community Survey 5-Year Estimates (C18120),False,False,False,True,True,comp,NA,NA,notlabor,neg,,
pct_cni_18to64_notlabor_dis,Not In Labor Force,"% WITH Disabilities Age 18-64, Not in Labor Force",NA,2020-2024 American Community Survey 5-Year Estimates (C18120),False,False,False,True,True,comp,"Employment: Not In Labor Force, Age 18-64","According to the U.S. Census, people who are not in labor force includes all people 16 years old and over who have no job and who are not looking for one. They are not classified as members of the labor force (those who are employed or unemployed). People not in the labor force include students, housewives, retired workers, seasonal workers interviewed in an off season who were not looking for work, institutionalized people, and people doing only incidental unpaid family work (less than 15 hours/week).",notlabor_pct,neg,"Working-age adults (18 to 64) in the state's civilian noninstitutionalized population (people not living in an institution such as a nursing home or prison, and not on active military duty). ""Not in the labor force"" means neither working nor looking for work. Figures compare people with and without disabilities.","Of the state's civilian noninstitutionalized population with disabilities ages 18 to 64, the share who are not in the labor force (neither working nor looking for work)."
pop_cni_18to64_notlabor_nodis,Not In Labor Force,"# WITHOUT Disabilities Age 18-64, Not in Labor Force",C18120_011,2020-2024 American Community Survey 5-Year Estimates (C18120),False,False,False,True,True,comp,NA,NA,notlabor,neg,,
pct_cni_18to64_notlabor_nodis,Not In Labor Force,"% WITHOUT Disabilities Age 18-64, Not in Labor Force",NA,2020-2024 American Community Survey 5-Year Estimates (C18120),False,False,False,True,True,comp,NA,"According to the U.S. Census, people who are not in labor force includes all people 16 years old and over who have no job and who are not looking for one. They are not classified as members of the labor force (those who are employed or unemployed). People not in the labor force include students, housewives, retired workers, seasonal workers interviewed in an off season who were not looking for work, institutionalized people, and people doing only incidental unpaid family work (less than 15 hours/week).",notlabor_pct,neg,,"Of the state's civilian noninstitutionalized population without disabilities ages 18 to 64, the share who are not in the labor force (neither working nor looking for work)."
pop_cni_16plus_medincome_dis,Income,"Median Individual Income WITH Disabilities, Age 16 or Older",B18140_002,2020-2024 American Community Survey 5-Year Estimates (B18140),False,False,False,True,True,comp,Income: Median,"The U.S. Census Bureau indicates that median individual income is the income cut-off where half of the households in a state earn more, and half earn less.",grtoeq_16_med_individual_income,pos,"People aged 16 and older in the state's civilian noninstitutionalized population (people not living in an institution such as a nursing home or prison, and not on active military duty) who had earnings in the past 12 months. Figures compare the median (midpoint) earnings of workers with and without disabilities, in inflation-adjusted 2024 dollars.","The median (midpoint) earnings in the past 12 months of the state's workers with disabilities ages 16 and older who had earnings, in inflation-adjusted 2024 dollars. Half earned more, half earned less."
pop_cni_16plus_medincome_nodis,Income,"Median Individual Income WITHOUT Disabilities, Age 16 or Older",B18140_005,2020-2024 American Community Survey 5-Year Estimates (B18140),False,False,False,True,True,comp,NA,"The U.S. Census Bureau indicates that median individual income is the income cut-off where half of the households in a state earn more, and half earn less.",grtoeq_16_med_individual_income,pos,,"The median (midpoint) earnings in the past 12 months of the state's workers without disabilities ages 16 and older who had earnings, in inflation-adjusted 2024 dollars. Half earned more, half earned less."
mortgage_burdened_households,Mortgage Burden,Households Considered Mortgage Burdened,NA,2020-2024 American Community Survey 5-Year Estimates (B25070/B25091),False,False,False,True,True,standalone,NA,NA,NA,neg,,
pct_households_mortgage_burdened,Mortgage Burden,% of Households Considered Mortgage Burdened,NA,2020-2024 American Community Survey 5-Year Estimates (B25070/B25091),False,False,False,True,True,standalone,Housing Burden: Mortgage,The U.S. Census defines owner or mortgage burden as those who spend more than 30 percent of their income on housing costs for homeowners. This data is general to the population and is an indicator of housing affordability in a location.,NA,neg,"Owner-occupied households in the state that carry a mortgage. A household is ""mortgage burdened"" when selected monthly owner costs take 30% or more of household income. This measure covers all such households and is not broken out by disability.","Of the state's owner-occupied households with a mortgage, the share paying 30% or more of household income toward selected monthly owner costs. Covers all such households, not only those with a disabled member."
total_rent_burdened,Rent Burden,Households Considered Rent Burdened,NA,2020-2024 American Community Survey 5-Year Estimates (B25070/B25091),False,False,False,True,True,standalone,NA,NA,NA,neg,,
pct_rent_burdened,Rent Burden,% of Households Considered Rent Burdened,NA,2020-2024 American Community Survey 5-Year Estimates (B25070/B25091),False,False,False,True,True,standalone,Housing Burden: Rent,The U.S. Census defines rent burden as those who spend more than 30 percent of their income on housing costs for renters. This data is general to the population and is an indicator of rent affordability in a location.,NA,neg,"Renter-occupied households in the state. A household is ""rent burdened"" when gross rent (contract rent plus utilities) takes 30% or more of household income. This measure covers all renter households and is not broken out by disability.","Of the state's renter-occupied households, the share paying 30% or more of household income toward gross rent (rent plus utilities). Covers all renter households, not only those with a disabled member."
pwd_computer,Computer,"# WITH Disabilities, Access to Laptop or Desktop",LAPTOP,2020-2024 American Community Survey 5-Year Public Use Microdata Sample (LAPTOP),False,False,True,False,True,standalone,NA,NA,NA,pos,,
pwod_computer,Computer,"# WITHOUT Disabilities, Access to Laptop or Desktop",LAPTOP,2020-2024 American Community Survey 5-Year Public Use Microdata Sample (LAPTOP),False,False,True,False,True,standalone,NA,NA,NA,pos,,
pwd_computer_pct,Computer,"% WITH Disabilities, Access to Laptop or Desktop",LAPTOP,2020-2024 American Community Survey 5-Year Public Use Microdata Sample (LAPTOP),False,False,True,False,True,standalone,Tech Access: Computer,"The share of people with a disability living in a household that reports owning or using a laptop or desktop computer. The question is asked of households, so people living in group quarters are outside the universe and are excluded from both the count and the base.",NA,pos,"People in the state's civilian noninstitutionalized population who live in households. Computer and internet access is a household characteristic. Figures compare people with and without disabilities. Based on the ACS Public Use Microdata Sample, so estimates carry wider margins of error than the published ACS tables.","Of the state's population with disabilities living in households, the share whose household has a laptop or desktop computer. From the ACS microdata sample; subject to wider margins of error."
pwod_computer_pct,Computer,"% WITHOUT Disabilities, Access to Laptop or Desktop",LAPTOP,2020-2024 American Community Survey 5-Year Public Use Microdata Sample (LAPTOP),False,False,True,False,True,standalone,NA,NA,NA,pos,,"Of the state's population without disabilities living in households, the share whose household has a laptop or desktop computer. From the ACS microdata sample; subject to wider margins of error."
pwd_int,Internet,"# WITH Disabilities, Access to Internet",ACCESSINET,2020-2024 American Community Survey 5-Year Public Use Microdata Sample (ACCESSINET),False,False,True,False,True,standalone,NA,NA,NA,pos,,
pwd_int_pct,Internet,"% WITH Disabilities, Access to Internet",ACCESSINET,2020-2024 American Community Survey 5-Year Public Use Microdata Sample (ACCESSINET),False,False,True,False,True,standalone,Tech Access: Internet,"The share of people with a disability living in a household with internet access, whether or not the household pays for it. The question is asked of households, so people living in group quarters are outside the universe and are excluded from both the count and the base.",NA,pos,"People in the state's civilian noninstitutionalized population who live in households. Computer and internet access is a household characteristic. Figures compare people with and without disabilities. Based on the ACS Public Use Microdata Sample, so estimates carry wider margins of error than the published ACS tables.","Of the state's population with disabilities living in households, the share whose household has an internet subscription. From the ACS microdata sample; subject to wider margins of error."
pwod_int,Internet,"# WITHOUT Disabilities, Access to Internet",ACCESSINET,2020-2024 American Community Survey 5-Year Public Use Microdata Sample (ACCESSINET),False,False,True,False,True,standalone,NA,NA,NA,pos,,
pwod_int_pct,Internet,"% WITHOUT Disabilities, Access to Internet",ACCESSINET,2020-2024 American Community Survey 5-Year Public Use Microdata Sample (ACCESSINET),False,False,True,False,True,standalone,NA,NA,NA,pos,,"Of the state's population without disabilities living in households, the share whose household has an internet subscription. From the ACS microdata sample; subject to wider margins of error."
pwd_smartphone,Smartphone,"# WITH Disabilities, Access to Smartphone",SMARTPHONE,2020-2024 American Community Survey 5-Year Public Use Microdata Sample (SMARTPHONE),False,False,True,False,True,standalone,NA,NA,NA,pos,,
pwd_smartphone_pct,Smartphone,"% WITH Disabilities, Access to Smartphone",SMARTPHONE,2020-2024 American Community Survey 5-Year Public Use Microdata Sample (SMARTPHONE),False,False,True,False,True,standalone,Tech Access: Smartphone,"The share of people with a disability living in a household that reports owning or using a smartphone. The question is asked of households, so people living in group quarters are outside the universe and are excluded from both the count and the base.",NA,pos,"People in the state's civilian noninstitutionalized population who live in households. Device access is a household characteristic. Figures compare people with and without disabilities. Based on the ACS Public Use Microdata Sample, so estimates carry wider margins of error than the published ACS tables.","Of the state's population with disabilities living in households, the share whose household has a smartphone. From the ACS microdata sample; subject to wider margins of error."
pwod_smartphone,Smartphone,"# WITHOUT Disabilities, Access to Smartphone",SMARTPHONE,2020-2024 American Community Survey 5-Year Public Use Microdata Sample (SMARTPHONE),False,False,True,False,True,standalone,NA,NA,NA,pos,,
pwod_smartphone_pct,Smartphone,"% WITHOUT Disabilities, Access to Smartphone",SMARTPHONE,2020-2024 American Community Survey 5-Year Public Use Microdata Sample (SMARTPHONE),False,False,True,False,True,standalone,NA,NA,NA,pos,,"Of the state's population without disabilities living in households, the share whose household has a smartphone. From the ACS microdata sample; subject to wider margins of error."
pct_cni_hoh_hcv_dis,Housing Choice Vouchers,% of HCV Households where Head of Household has a Disability,NA,"HUD Picture of Subsidized Households (POSH), 2025",False,True,False,False,True,standalone,Housing Access: HCV Disabled Head of Household,Source: HUD Picture of Subsidized Households (POSH). Percentage of Housing Choice Voucher households where the head of household or spouse/co-head has a disability. Higher values indicate greater access to voucher-based housing for people with disabilities.,NA,pos,"Households in the state that receive federal rental assistance through the Housing Choice Voucher program, as reported by HUD. The figure is the share whose head of household (or spouse/co-head) is recorded as having a disability.","Of the state's households using a Housing Choice Voucher, the share whose head of household (or spouse/co-head) is recorded by HUD as having a disability."
pct_cni_hoh_pubhousing_dis,Public Housing,% of Public Housing Households where Head of Household has a Disability,NA,"HUD Picture of Subsidized Households (POSH), 2025",False,True,False,False,True,standalone,Housing Access: Public Housing Disabled Head of Household,Source: HUD Picture of Subsidized Households (POSH). Percentage of Public Housing households where the head of household or spouse/co-head has a disability. Higher values indicate greater access to public housing for people with disabilities.,NA,pos,"Households in the state living in public housing operated by a local housing authority, as reported by HUD. The figure is the share whose head of household (or spouse/co-head) is recorded as having a disability.","Of the state's public-housing households, the share whose head of household (or spouse/co-head) is recorded by HUD as having a disability."
pop_cni_under18_poverty_dis,Below Poverty Line Under 18,"# WITH Disabilities Under Age 18, Living Below Poverty Level",C18130_004,2020-2024 American Community Survey 5-Year Estimates (C18130),False,False,False,True,True,comp,NA,NA,below_poverty_under18,neg,,
pct_cni_under18_poverty_dis,Below Poverty Line Under 18,"% WITH Disabilities Under Age 18, Living Below Poverty Level",NA,2020-2024 American Community Survey 5-Year Estimates (C18130),False,False,False,True,True,comp,"Poverty: Living Below Poverty Line, Under 18","The U.S. Census Bureau defines living below the poverty threshold as making less than $17,196 for one person, $23,011 for a couple or $26,172 for a family of 4. Poverty status is not determined for people in institutions.",below_poverty_pct_under18,neg,"The state's civilian noninstitutionalized population (people not living in an institution such as a nursing home or prison, and not on active military duty) under age 18 for whom the Census Bureau determines poverty status. Figures compare children with and without disabilities on whether their family income falls below the federal poverty threshold.","Of the state's civilian noninstitutionalized population with disabilities under age 18 for whom poverty status is determined, the share whose income in the past 12 months was below the federal poverty level."
pop_cni_under18_poverty_nodis,Below Poverty Line Under 18,"# WITHOUT Disabilities Under Age 18, Living Below Poverty Level",C18130_007,2020-2024 American Community Survey 5-Year Estimates (C18130),False,False,False,True,True,comp,NA,NA,below_poverty_under18,neg,,
pct_cni_under18_poverty_nodis,Below Poverty Line Under 18,"% WITHOUT Disabilities Under Age 18, Living Below Poverty Level",NA,2020-2024 American Community Survey 5-Year Estimates (C18130),False,False,False,True,True,comp,NA,"The U.S. Census Bureau defines living below the poverty threshold as making less than $17,196 for one person, $23,011 for a couple or $26,172 for a family of 4. Poverty status is not determined for people in institutions.",below_poverty_pct_under18,neg,,"Of the state's civilian noninstitutionalized population without disabilities under age 18 for whom poverty status is determined, the share whose income in the past 12 months was below the federal poverty level."
pop_cni_65plus_poverty_dis,Below Poverty Line Age 65+,"# WITH Disabilities Age 65 or Older, Living Below Poverty Level",C18130_018,2020-2024 American Community Survey 5-Year Estimates (C18130),False,False,False,True,True,comp,NA,NA,below_poverty_65plus,neg,,
pct_cni_65plus_poverty_dis,Below Poverty Line Age 65+,"% WITH Disabilities Age 65 or Older, Living Below Poverty Level",NA,2020-2024 American Community Survey 5-Year Estimates (C18130),False,False,False,True,True,comp,"Poverty: Living Below Poverty Line, Age 65+","The U.S. Census Bureau defines living below the poverty threshold as making less than $17,196 for one person, $23,011 for a couple or $26,172 for a family of 4. Poverty status is not determined for people in institutions.",below_poverty_pct_65plus,neg,"The state's civilian noninstitutionalized population (people not living in an institution such as a nursing home or prison, and not on active military duty) aged 65 and older for whom the Census Bureau determines poverty status. Figures compare people with and without disabilities on whether their family income falls below the federal poverty threshold.","Of the state's civilian noninstitutionalized population with disabilities ages 65 and older for whom poverty status is determined, the share whose income in the past 12 months was below the federal poverty level."
pop_cni_65plus_poverty_nodis,Below Poverty Line Age 65+,"# WITHOUT Disabilities Age 65 or Older, Living Below Poverty Level",C18130_021,2020-2024 American Community Survey 5-Year Estimates (C18130),False,False,False,True,True,comp,NA,NA,below_poverty_65plus,neg,,
pct_cni_65plus_poverty_nodis,Below Poverty Line Age 65+,"% WITHOUT Disabilities Age 65 or Older, Living Below Poverty Level",NA,2020-2024 American Community Survey 5-Year Estimates (C18130),False,False,False,True,True,comp,NA,"The U.S. Census Bureau defines living below the poverty threshold as making less than $17,196 for one person, $23,011 for a couple or $26,172 for a family of 4. Poverty status is not determined for people in institutions.",below_poverty_pct_65plus,neg,,"Of the state's civilian noninstitutionalized population without disabilities ages 65 and older for whom poverty status is determined, the share whose income in the past 12 months was below the federal poverty level."
pop_cni_allages_poverty_dis,Below Poverty Line All Ages,"# WITH Disabilities, All Ages, Living Below Poverty Level",NA,2020-2024 American Community Survey 5-Year Estimates (C18130),False,False,False,True,True,comp,NA,NA,below_poverty_allages,neg,,
pct_cni_allages_poverty_dis,Below Poverty Line All Ages,"% WITH Disabilities, All Ages, Living Below Poverty Level",NA,2020-2024 American Community Survey 5-Year Estimates (C18130),False,False,False,True,True,comp,"Poverty: Living Below Poverty Line, All Ages","The U.S. Census Bureau defines living below the poverty threshold as making less than $17,196 for one person, $23,011 for a couple or $26,172 for a family of 4. Poverty status is not determined for people in institutions.",below_poverty_pct_allages,neg,"The state's civilian noninstitutionalized population (people not living in an institution such as a nursing home or prison, and not on active military duty) of all ages for whom the Census Bureau determines poverty status. Figures compare people with and without disabilities on whether their family income falls below the federal poverty threshold.","Of the state's civilian noninstitutionalized population with disabilities of all ages for whom poverty status is determined, the share whose income in the past 12 months was below the federal poverty level."
pop_cni_allages_poverty_nodis,Below Poverty Line All Ages,"# WITHOUT Disabilities, All Ages, Living Below Poverty Level",NA,2020-2024 American Community Survey 5-Year Estimates (C18130),False,False,False,True,True,comp,NA,NA,below_poverty_allages,neg,,
pct_cni_allages_poverty_nodis,Below Poverty Line All Ages,"% WITHOUT Disabilities, All Ages, Living Below Poverty Level",NA,2020-2024 American Community Survey 5-Year Estimates (C18130),False,False,False,True,True,comp,NA,"The U.S. Census Bureau defines living below the poverty threshold as making less than $17,196 for one person, $23,011 for a couple or $26,172 for a family of 4. Poverty status is not determined for people in institutions.",below_poverty_pct_allages,neg,,"Of the state's civilian noninstitutionalized population without disabilities of all ages for whom poverty status is determined, the share whose income in the past 12 months was below the federal poverty level."
pop_cni_under18_povbase_dis,Poverty Universe,"# WITH Disabilities Under Age 18, Poverty Status Determined",C18130_003,2020-2024 American Community Survey 5-Year Estimates (C18130),False,False,False,True,False,comp,NA,NA,poverty_universe_under18,NA,,
pop_cni_under18_povbase_nodis,Poverty Universe,"# WITHOUT Disabilities Under Age 18, Poverty Status Determined",C18130_006,2020-2024 American Community Survey 5-Year Estimates (C18130),False,False,False,True,False,comp,NA,NA,poverty_universe_under18,NA,,
pop_cni_18to64_povbase_dis,Poverty Universe,"# WITH Disabilities Age 18 - 64, Poverty Status Determined",C18130_010,2020-2024 American Community Survey 5-Year Estimates (C18130),False,False,False,True,False,comp,NA,NA,poverty_universe_18to64,NA,,
pop_cni_18to64_povbase_nodis,Poverty Universe,"# WITHOUT Disabilities Age 18 - 64, Poverty Status Determined",C18130_013,2020-2024 American Community Survey 5-Year Estimates (C18130),False,False,False,True,False,comp,NA,NA,poverty_universe_18to64,NA,,
pop_cni_65plus_povbase_dis,Poverty Universe,"# WITH Disabilities Age 65 or Older, Poverty Status Determined",C18130_017,2020-2024 American Community Survey 5-Year Estimates (C18130),False,False,False,True,False,comp,NA,NA,poverty_universe_65plus,NA,,
pop_cni_65plus_povbase_nodis,Poverty Universe,"# WITHOUT Disabilities Age 65 or Older, Poverty Status Determined",C18130_020,2020-2024 American Community Survey 5-Year Estimates (C18130),False,False,False,True,False,comp,NA,NA,poverty_universe_65plus,NA,,
pop_cni_allages_povbase_dis,Poverty Universe,"# WITH Disabilities, All Ages, Poverty Status Determined",NA,2020-2024 American Community Survey 5-Year Estimates (C18130),False,False,False,True,False,comp,NA,NA,poverty_universe_allages,NA,,
pop_cni_allages_povbase_nodis,Poverty Universe,"# WITHOUT Disabilities, All Ages, Poverty Status Determined",NA,2020-2024 American Community Survey 5-Year Estimates (C18130),False,False,False,True,False,comp,NA,NA,poverty_universe_allages,NA,,
